Transaction_ID,Customer_ID,Transaction_DateTime,Transaction_Type,Merchant_Category,Transaction_Amount,Account_Balance_Before,Account_Balance_After,Card_Present,Device_Type,Transaction_Country,Distance_From_Home_KM,Customer_Age,Customer_Gender,Customer_Tenure_Months,Previous_Fraud_Flags,Is_Fraud,Age_Group,Transaction_Hour,Is_Weekend,Is_High_Risk_Hour,Balance_Depletion_Ratio,Amount_to_Balance_Ratio,Transaction_Risk_Score,Merchant_Volatility_Index
TXN000001,CUST00041,2024-01-01 00:32:47,Online Purchase,Entertainment,1779.72,7617.08,5837.36,No,Web Browser,UAE,31.2,79,Female,105,0,1,66+,0,0,1,0.23364858974830252,0.2336485897483025,25,166.95
TXN000002,CUST00577,2024-01-01 06:06:04,Bank Transfer,Restaurants,216.91,4832.88,4615.97,,Mobile App,United Kingdom,10.6,31,Male,137,0,0,26-35,6,0,0,0.044882140669745545,0.04488214066974557,0,139.48
TXN000003,CUST00362,2024-01-01 06:48:58,Online Purchase,Groceries,83.65,16843.26,16759.61,Yes,Mobile App,Pakistan,11.0,63,Female,89,0,0,56-65,6,0,0,0.004966378242691606,0.004966378242691736,0,130.62
TXN000004,CUST00192,2024-01-01 12:52:10,Online Purchase,Healthcare,397.58,958.2,560.62,Yes,ATM Machine,Pakistan,8.9,68,Female,128,0,0,66+,12,0,0,0.41492381548737217,0.4149238154873721,0,103.71
TXN000005,CUST00661,2024-01-01 13:24:11,Online Purchase,Fashion & Apparel,335.46,1828.06,1492.6,Yes,POS Terminal,United Kingdom,3.4,78,Female,95,0,0,66+,13,0,0,0.1835060118376859,0.18350601183768583,0,144.15
TXN000006,CUST01676,2024-01-01 16:50:38,Online Purchase,Fuel,42.42,7119.09,7593.09,No,Web Browser,Pakistan,1.2,64,Male,167,0,0,56-65,16,0,0,-0.066581543427601,0.0059586267345966976,0,147.4
TXN000007,CUST01677,2024-01-02 10:21:17,Online Purchase,Groceries,29.21,2514.45,2485.24,Yes,Web Browser,United Kingdom,1.5,48,Female,143,0,0,46-55,10,0,0,0.011616854580524583,0.011616854580524569,0,130.62
TXN000008,CUST01134,2024-01-02 12:07:09,POS Purchase,Groceries,133.94,3159.64,3025.7,Yes,Web Browser,United States,22.5,72,Female,170,0,0,66+,12,0,0,0.04239090529300808,0.04239090529300806,0,130.62
TXN000009,CUST01556,2024-01-02 16:45:28,Online Purchase,Healthcare,49.63,7737.77,7688.14,No,Web Browser,United Kingdom,8.7,70,Male,85,0,0,66+,16,0,0,0.006413992661968513,0.0064139926619685,0,103.71
TXN000010,CUST01212,2024-01-02 22:41:01,ATM Withdrawal,Groceries,45.84,28313.62,28267.78,Yes,ATM Machine,United Kingdom,0.1,31,Male,120,0,0,26-35,22,0,0,0.0016190088021242127,0.0016190088021242075,0,130.62
TXN000011,CUST00984,2024-01-03 06:49:43,POS Purchase,Travel,395.2,20050.55,19655.35,Yes,Web Browser,Canada,15.5,58,Female,14,0,0,56-65,6,0,0,0.019710182513696668,0.019710182513696634,0,483.02
TXN000012,CUST00337,2024-01-03 07:18:25,Online Purchase,Entertainment,245.26,5827.32,5938.32,No,Mobile App,India,18.3,31,Male,170,0,0,26-35,7,0,0,-0.019048207409237867,0.04208795810080792,0,166.95
TXN000013,CUST01688,2024-01-03 10:23:11,Bank Transfer,Electronics,28.12,3723.4,3695.28,,Web Browser,United States,3.0,39,Male,66,0,0,36-45,10,0,0,0.007552237202556773,0.007552237202556803,0,132.66
TXN000014,CUST00119,2024-01-03 11:29:29,Online Purchase,Online Services,269.45,2064.76,1795.31,Yes,POS Terminal,United Kingdom,11.4,25,Male,169,0,0,18-25,11,0,0,0.13049942850500795,0.13049942850500781,0,146.23
TXN000015,CUST00619,2024-01-03 11:29:50,Online Purchase,Electronics,181.23,11581.87,11400.64,No,Web Browser,UAE,1.3,39,Female,144,0,0,36-45,11,0,0,0.01564773218832549,0.015647732188325374,0,132.66
TXN000016,CUST01135,2024-01-03 19:02:28,Bill Payment,Fashion & Apparel,12.73,15513.84,15501.11,,POS Terminal,Germany,19.8,63,Female,159,0,0,56-65,19,0,0,0.0008205576440133174,0.0008205576440133456,0,144.15
TXN000017,CUST01582,2024-01-03 20:01:03,Bank Transfer,Entertainment,55.28,907.61,852.33,,POS Terminal,United States,0.7,79,Male,82,0,0,66+,20,0,0,0.060907217857890474,0.0609072178578905,0,166.95
TXN000018,CUST00170,2024-01-05 07:38:46,Online Purchase,Online Services,132.4,4121.57,3989.17,Yes,Mobile App,Germany,7.4,82,Female,147,0,0,66+,7,0,0,0.03212368102446389,0.03212368102446398,0,146.23
TXN000019,CUST00927,2024-01-05 09:51:41,Bank Transfer,Fuel,143.71,7955.96,7812.25,,POS Terminal,Germany,1.6,63,Female,161,0,0,56-65,9,0,0,0.01806318784910935,0.018063187849109347,0,147.4
TXN000020,CUST01624,2024-01-05 12:14:15,POS Purchase,Groceries,107.61,457.69,350.08,No,Web Browser,United States,2.2,76,Female,103,0,0,66+,12,0,0,0.2351154711704429,0.23511547117044287,30,130.62
TXN000021,CUST00308,2024-01-05 12:52:24,Online Purchase,Restaurants,47.78,37822.86,37775.08,No,Web Browser,UAE,12.0,33,Male,92,0,0,26-35,12,0,0,0.0012632571941941682,0.001263257194194199,0,139.48
TXN000022,CUST00641,2024-01-05 17:46:45,Bill Payment,Restaurants,63.13,8637.71,8574.58,,ATM Machine,Canada,14.0,62,Female,162,0,0,56-65,17,0,0,0.007308650093601106,0.007308650093601199,0,139.48
TXN000023,CUST00469,2024-01-05 19:37:41,Wire Transfer,Fuel,94.98,2073.33,1978.35,,Mobile App,Pakistan,23.7,22,Male,23,0,0,18-25,19,0,0,0.04581036303916888,0.045810363039168876,0,147.4
TXN000024,CUST00541,2024-01-06 08:44:52,POS Purchase,Healthcare,128.81,9067.02,8938.21,Yes,Web Browser,United States,61.9,70,Male,170,0,0,66+,8,1,0,0.014206431661119233,0.014206431661119089,0,103.71
TXN000025,CUST00656,2024-01-07 16:35:05,POS Purchase,Groceries,122.46,6894.15,6984.15,No,POS Terminal,UAE,10.8,20,Male,41,0,0,18-25,16,1,0,-0.013054546245730075,0.01776288592502339,30,130.62
TXN000026,CUST01066,2024-01-07 18:32:28,ATM Withdrawal,Restaurants,66.89,1804.87,1737.98,No,POS Terminal,United Kingdom,12.7,28,Female,72,0,0,26-35,18,1,0,0.03706084094699334,0.03706084094699341,30,139.48
TXN000027,CUST01660,2024-01-08 08:20:09,ATM Withdrawal,Entertainment,231.09,745.48,514.39,No,Web Browser,UAE,4.1,77,Female,43,0,0,66+,8,0,0,0.3099881955250309,0.3099881955250309,30,166.95
TXN000028,CUST00415,2024-01-08 09:22:25,Online Purchase,Online Services,47.85,2255.92,2208.07,No,POS Terminal,United States,36.3,70,Female,134,0,0,66+,9,0,0,0.021210858541082976,0.021210858541083018,0,146.23
TXN000029,CUST01665,2024-01-08 11:45:16,Online Purchase,Fashion & Apparel,208.17,871.51,663.34,Yes,Mobile App,United States,47.0,44,Male,131,0,0,36-45,11,0,0,0.23886128673222334,0.23886128673222337,0,144.15
TXN000030,CUST00926,2024-01-08 12:04:51,POS Purchase,Electronics,44.56,854.6,810.04,No,Mobile App,Germany,13.5,35,Male,157,0,0,26-35,12,0,0,0.05214135267961626,0.0521413526796162,30,132.66
TXN000031,CUST01214,2024-01-08 14:07:09,Bank Transfer,Online Services,60.42,3729.69,3669.27,,POS Terminal,United Kingdom,7.2,82,Male,109,0,0,66+,14,0,0,0.0161997377798155,0.016199737779815482,0,146.23
TXN000032,CUST01078,2024-01-08 17:31:32,POS Purchase,Restaurants,486.93,4624.05,4137.12,No,Web Browser,United Kingdom,7.7,29,Female,116,0,0,26-35,17,0,0,0.10530379213027546,0.10530379213027541,30,139.48
TXN000033,CUST00325,2024-01-08 18:48:22,Bank Transfer,Restaurants,78.81,1340.79,1261.98,,Mobile App,United Kingdom,0.9,59,Male,144,0,0,56-65,18,0,0,0.05877877967466937,0.058778779674669414,0,139.48
TXN000034,CUST01033,2024-01-09 03:12:52,Bill Payment,Home Improvement,157.85,7106.32,6948.47,,Mobile App,United Kingdom,5.3,24,Male,37,0,0,18-25,3,0,1,0.02221262200407517,0.022212622004075245,25,202.64
TXN000035,CUST00083,2024-01-09 11:11:44,Online Purchase,Electronics,374.27,2364.35,1990.08,Yes,Web Browser,United Kingdom,3.1,30,Male,93,0,0,26-35,11,0,0,0.15829720642036924,0.15829720642036924,0,132.66
TXN000036,CUST01417,2024-01-09 11:57:57,ATM Withdrawal,Electronics,102.39,2061.61,1959.22,No,Web Browser,United States,11.2,61,Female,29,0,0,56-65,11,0,0,0.04966506759280373,0.04966506759280368,30,132.66
TXN000037,CUST01469,2024-01-09 17:32:50,Bill Payment,Fuel,177.87,3395.37,3217.5,,POS Terminal,India,1.9,81,Male,144,0,0,66+,17,0,0,0.05238604334726404,0.05238604334726407,0,147.4
TXN000038,CUST00354,2024-01-09 17:55:32,ATM Withdrawal,Restaurants,104.66,3831.22,3726.56,No,POS Terminal,United States,24.6,22,Male,7,0,0,18-25,17,0,0,0.027317669045369322,0.02731766904536936,30,139.48
TXN000039,CUST00362,2024-01-09 20:43:24,Online Purchase,Groceries,35.22,3521.24,3486.02,Yes,Mobile App,United States,2.0,63,Female,51,0,0,56-65,20,0,0,0.010002158330588031,0.010002158330588089,0,130.62
TXN000040,CUST00957,2024-01-10 11:21:12,Online Purchase,Entertainment,138.71,1069.11,930.4,No,Mobile App,Canada,6.2,20,Male,180,0,0,18-25,11,0,0,0.12974343145232944,0.12974343145232953,0,166.95
TXN000041,CUST00676,2024-01-10 16:57:22,Bill Payment,Groceries,206.76,3194.37,2987.61,,POS Terminal,United States,5.2,26,Male,78,0,0,26-35,16,0,0,0.06472637797124309,0.06472637797124316,0,130.62
TXN000042,CUST00005,2024-01-10 19:52:15,Bank Transfer,Groceries,45.65,9724.58,9678.93,,Mobile App,India,9.6,29,Male,90,0,0,26-35,19,0,0,0.004694290139008537,0.004694290139008574,0,130.62
TXN000043,CUST00520,2024-01-10 20:02:14,POS Purchase,Fuel,265.14,7456.36,7191.22,Yes,Web Browser,Germany,0.5,34,Male,3,0,0,26-35,20,0,0,0.03555890541765679,0.03555890541765687,0,147.4
TXN000044,CUST01435,2024-01-10 22:27:12,ATM Withdrawal,Fuel,59.03,1476.4,1417.37,Yes,Mobile App,Canada,36.1,26,Male,69,0,0,26-35,22,0,0,0.0399823895963155,0.03998238959631536,0,147.4
TXN000045,CUST00303,2024-01-10 23:52:29,Online Purchase,Utilities,111.92,2703.06,2591.14,No,POS Terminal,UAE,0.4,29,Male,122,0,0,26-35,23,0,0,0.0414049262687473,0.041404926268747276,0,128.47
TXN000046,CUST01567,2024-01-11 15:29:26,POS Purchase,Fashion & Apparel,137.92,1923.67,2002.67,Yes,Web Browser,United Kingdom,17.8,20,Male,103,0,0,18-25,15,0,0,-0.041067334833937215,0.07169628886451418,0,144.15
TXN000047,CUST00586,2024-01-11 16:05:57,ATM Withdrawal,Utilities,65.43,6413.79,6348.36,Yes,POS Terminal,United States,18.9,73,Male,150,0,0,66+,16,0,0,0.010201456549091924,0.010201456549091879,0,128.47
TXN000048,CUST00655,2024-01-11 18:26:55,Wire Transfer,Fuel,182.95,3805.6,3622.65,,Mobile App,United Kingdom,3.9,79,Male,100,0,0,66+,18,0,0,0.04807389110784103,0.04807389110784108,0,147.4
TXN000049,CUST00609,2024-01-11 18:44:10,Online Purchase,Fashion & Apparel,171.77,586.52,414.75,Yes,ATM Machine,UAE,28.5,52,Male,177,0,0,46-55,18,0,0,0.2928629884743913,0.29286298847439135,0,144.15
TXN000050,CUST00572,2024-01-11 23:09:20,Bill Payment,Electronics,197.69,1116.94,919.25,,POS Terminal,United States,1.5,23,Female,141,0,0,18-25,23,0,0,0.17699249735885547,0.17699249735885544,0,132.66
TXN000051,CUST01525,2024-01-12 08:27:40,Online Purchase,Fuel,553.39,1527.99,974.6,Yes,POS Terminal,UAE,26.9,24,Female,179,0,0,18-25,8,0,0,0.36216860057984673,0.36216860057984673,0,147.4
TXN000052,CUST00390,2024-01-12 13:42:12,POS Purchase,Healthcare,51.19,7678.32,7627.13,Yes,POS Terminal,United States,6.4,25,Male,33,0,0,18-25,13,0,0,0.0066668229508537805,0.0066668229508538325,0,103.71
TXN000053,CUST01198,2024-01-12 13:46:02,Online Purchase,Fashion & Apparel,79.23,4960.89,4881.66,Yes,Web Browser,United States,9.2,59,Female,10,0,0,56-65,13,0,0,0.015970924572002297,0.0159709245720022,0,144.15
TXN000054,CUST00439,2024-01-12 17:22:34,POS Purchase,Healthcare,81.88,4638.48,4556.6,No,ATM Machine,Pakistan,5.8,65,Male,168,0,0,56-65,17,0,0,0.017652334385401945,0.017652334385402115,30,103.71
TXN000055,CUST01376,2024-01-12 18:37:25,POS Purchase,Fuel,1380.63,686.43,-694.2,Yes,POS Terminal,Pakistan,15.3,49,Male,45,0,0,46-55,18,0,0,1.0,2.011319435339365,10,147.4
TXN000056,CUST00669,2024-01-13 00:22:01,Wire Transfer,Fuel,20.43,2792.78,2772.35,,Web Browser,United Kingdom,22.8,55,Female,38,0,0,46-55,0,1,1,0.007315291573271181,0.007315291573271077,25,147.4
TXN000057,CUST01404,2024-01-13 04:36:14,Wire Transfer,Restaurants,103.43,13808.09,13704.66,,Web Browser,Germany,5.3,19,Female,179,0,0,18-25,4,1,1,0.007490536344997772,0.007490536344997752,25,139.48
TXN000058,CUST01047,2024-01-13 13:30:50,Bank Transfer,Groceries,76.12,17207.57,17131.45,,Web Browser,Canada,5.9,68,Male,64,0,0,66+,13,1,0,0.004423634481800684,0.004423634481800743,0,130.62
TXN000059,CUST00364,2024-01-13 16:13:55,Online Purchase,Electronics,81.41,5718.06,5636.65,Yes,Web Browser,United States,26.0,59,Female,89,0,0,56-65,16,1,0,0.01423734623281336,0.014237346232813225,0,132.66
TXN000060,CUST00124,2024-01-14 15:32:14,POS Purchase,Fuel,206.8,3310.15,3103.35,Yes,Mobile App,Pakistan,7.4,82,Female,92,0,0,66+,15,1,0,0.06247451021857021,0.06247451021857016,0,147.4
TXN000061,CUST00160,2024-01-15 09:20:54,Wire Transfer,Groceries,247.21,2381.8,2134.59,,Mobile App,United Kingdom,6.0,61,Male,180,0,0,56-65,9,0,0,0.10379125031488791,0.1037912503148879,0,130.62
TXN000062,CUST00131,2024-01-15 10:11:34,Online Purchase,Electronics,71.85,4251.35,4179.5,No,Mobile App,Germany,5.3,23,Male,144,0,0,18-25,10,0,0,0.01690051395439104,0.016900513954390954,0,132.66
TXN000063,CUST00326,2024-01-15 11:58:26,Bank Transfer,Healthcare,398.53,2353.46,1954.93,,POS Terminal,United States,1.4,60,Female,28,0,0,56-65,11,0,0,0.16933791099062656,0.16933791099062656,0,103.71
TXN000064,CUST01270,2024-01-15 17:16:09,Online Purchase,Healthcare,133.89,1927.66,1793.77,Yes,Mobile App,Pakistan,17.0,62,Male,179,0,0,56-65,17,0,0,0.0694572694354814,0.06945726943548135,0,103.71
TXN000065,CUST01583,2024-01-15 17:44:22,Bill Payment,Fashion & Apparel,360.24,1943.69,1583.45,,Mobile App,UAE,8.4,65,Female,18,0,0,56-65,17,0,0,0.1853381969346964,0.1853381969346964,0,144.15
TXN000066,CUST00240,2024-01-15 18:48:49,Bank Transfer,Travel,58.55,2908.04,2849.49,,Mobile App,Germany,43.7,85,Female,178,0,0,66+,18,0,0,0.020133835848200225,0.020133835848200162,0,483.02
TXN000067,CUST01009,2024-01-15 20:26:48,Online Purchase,Groceries,76.3,1698.98,1622.68,No,ATM Machine,United Kingdom,6.2,73,Female,49,0,0,66+,20,0,0,0.04490929852028862,0.04490929852028864,0,130.62
TXN000068,CUST01698,2024-01-16 10:48:46,POS Purchase,Healthcare,36.36,8198.89,8162.53,Yes,ATM Machine,Canada,6.6,33,Male,136,0,0,26-35,10,0,0,0.004434746654730052,0.004434746654730092,0,103.71
TXN000069,CUST00596,2024-01-16 12:05:02,POS Purchase,Groceries,54.36,10323.43,10668.43,No,Web Browser,United Kingdom,30.7,35,Female,31,0,0,26-35,12,0,0,-0.03341912523260195,0.0052656917323021515,30,130.62
TXN000070,CUST01191,2024-01-16 16:07:46,Online Purchase,Entertainment,140.86,2663.61,2803.61,No,POS Terminal,India,4.4,76,Female,135,0,0,66+,16,0,0,-0.052560247183333894,0.05288311727317438,0,166.95
TXN000071,CUST00013,2024-01-17 11:38:49,Online Purchase,Healthcare,33.84,1323.07,1289.23,Yes,Web Browser,United Kingdom,12.3,67,Male,91,0,0,66+,11,0,0,0.02557687801854771,0.025576878018547775,0,103.71
TXN000072,CUST01358,2024-01-17 15:31:14,Online Purchase,Healthcare,41.98,1236.7,1194.72,Yes,Mobile App,UAE,23.6,18,Male,146,0,0,18-25,15,0,0,0.03394517667987387,0.03394517667987385,0,103.71
TXN000073,CUST01290,2024-01-17 15:43:28,POS Purchase,Fashion & Apparel,158.39,20404.99,20246.6,No,Mobile App,Pakistan,3.6,84,Male,24,0,0,66+,15,0,0,0.007762316962664674,0.007762316962664524,30,144.15
TXN000074,CUST00944,2024-01-17 19:08:48,Bill Payment,Online Services,145.16,3559.56,3414.4,,ATM Machine,United States,2.6,24,Female,147,0,0,18-25,19,0,0,0.04078032116328981,0.04078032116328984,0,146.23
TXN000075,CUST00145,2024-01-18 11:21:58,ATM Withdrawal,Groceries,933.84,15291.28,14357.44,Yes,Web Browser,United States,2.1,32,Female,50,0,0,26-35,11,0,0,0.06107010008318467,0.06107010008318466,0,130.62
TXN000076,CUST01587,2024-01-18 13:27:23,ATM Withdrawal,Fuel,91.28,14450.78,14359.5,Yes,Web Browser,United States,10.1,68,Male,174,0,0,66+,13,0,0,0.00631661405128309,0.0063166140512830446,0,147.4
TXN000077,CUST01459,2024-01-18 22:38:01,Online Purchase,Electronics,366.0,5056.26,4690.26,No,Mobile App,United States,1.9,35,Male,105,0,0,26-35,22,0,0,0.07238551814977869,0.07238551814977869,0,132.66
TXN000078,CUST00908,2024-01-19 20:17:12,POS Purchase,Electronics,120.28,2020.96,1900.68,Yes,POS Terminal,Canada,8.9,83,Female,67,0,0,66+,20,0,0,0.059516269495685205,0.05951626949568522,0,132.66
TXN000079,CUST01665,2024-01-19 20:46:05,POS Purchase,Restaurants,151.33,5489.84,5338.51,No,ATM Machine,United Kingdom,6.0,42,Male,121,0,0,36-45,20,0,0,0.02756546638882006,0.027565466388820077,30,139.48
TXN000080,CUST01048,2024-01-19 23:50:19,POS Purchase,Entertainment,110.21,7612.31,7502.1,No,Mobile App,United States,38.5,32,Female,109,0,0,26-35,23,0,0,0.014477865457397298,0.014477865457397293,30,166.95
TXN000081,CUST00328,2024-01-20 17:06:53,Bill Payment,Fuel,209.26,816.22,606.96,,Mobile App,United Kingdom,7.5,19,Male,103,0,0,18-25,17,1,0,0.25637695719291365,0.25637695719291365,0,147.4
TXN000082,CUST00064,2024-01-20 20:42:38,Online Purchase,Entertainment,252.93,1185.71,932.78,Yes,ATM Machine,United Kingdom,12.1,80,Female,141,0,0,66+,20,1,0,0.2133152288502248,0.21331522885022475,0,166.95
TXN000083,CUST00356,2024-01-20 21:29:08,POS Purchase,Fashion & Apparel,252.23,3249.83,2997.6,No,POS Terminal,United States,14.6,24,Female,155,0,0,18-25,21,1,0,0.0776132905413514,0.0776132905413514,30,144.15
TXN000084,CUST00958,2024-01-21 01:27:50,Bill Payment,Fashion & Apparel,229.62,3632.88,3403.26,,POS Terminal,Canada,0.6,19,Male,145,0,0,18-25,1,1,1,0.06320605139723852,0.06320605139723856,25,144.15
TXN000085,CUST00500,2024-01-21 09:02:43,POS Purchase,Entertainment,101.76,3545.64,3443.88,Yes,Mobile App,United Kingdom,4.9,51,Male,70,0,0,46-55,9,1,0,0.02870003722882181,0.02870003722882188,0,166.95
TXN000086,CUST00023,2024-01-21 10:18:16,POS Purchase,Entertainment,259.83,3616.36,3750.36,No,POS Terminal,United Kingdom,15.9,85,Female,29,0,0,66+,10,1,0,-0.037053833136081585,0.07184848853543341,30,166.95
TXN000087,CUST00856,2024-01-21 12:41:34,Online Purchase,Jewelry & Luxury,37.04,2046.61,2009.57,No,POS Terminal,United States,2.0,71,Female,140,0,0,66+,12,1,0,0.018098220960515176,0.018098220960515193,0,145.81
TXN000088,CUST01703,2024-01-21 14:40:26,POS Purchase,Electronics,43.75,7047.53,7003.78,No,Mobile App,United States,32.3,59,Male,114,0,0,56-65,14,1,0,0.006207848707277586,0.006207848707277586,30,132.66
TXN000089,CUST01612,2024-01-21 19:31:14,Bank Transfer,Groceries,320.53,3114.27,2793.74,,POS Terminal,UAE,18.5,55,Female,90,0,0,46-55,19,1,0,0.10292299640044061,0.10292299640044054,0,130.62
TXN000090,CUST00845,2024-01-21 23:19:10,ATM Withdrawal,Healthcare,43.46,6246.15,6202.69,Yes,Mobile App,Pakistan,0.6,47,Female,44,0,0,46-55,23,1,0,0.006957886057811618,0.006957886057811612,0,103.71
TXN000091,CUST00893,2024-01-22 11:33:54,Bill Payment,Electronics,75.43,5104.98,5029.55,,Mobile App,United Kingdom,5.9,74,Male,20,0,0,66+,11,0,0,0.014775767975584506,0.014775767975584627,0,132.66
TXN000092,CUST01181,2024-01-22 14:45:45,POS Purchase,Fashion & Apparel,326.52,3142.96,2816.44,Yes,ATM Machine,United Kingdom,33.8,66,Male,1,0,0,66+,14,0,0,0.10388932725838063,0.10388932725838063,0,144.15
TXN000093,CUST00839,2024-01-23 15:37:17,Online Purchase,Jewelry & Luxury,184.07,835.97,651.9,No,POS Terminal,Pakistan,3.7,79,Male,116,0,0,66+,15,0,0,0.22018732729643414,0.22018732729643406,0,145.81
TXN000094,CUST01179,2024-01-23 18:35:16,POS Purchase,Utilities,271.55,2360.87,2798.87,No,Mobile App,United States,17.5,56,Male,129,0,0,56-65,18,0,0,-0.1855248277118181,0.11502115745466715,30,128.47
TXN000095,CUST00187,2024-01-23 18:48:28,POS Purchase,Restaurants,72.62,5797.2,5724.58,Yes,Mobile App,UAE,8.9,80,Female,119,0,0,66+,18,0,0,0.012526737045470209,0.012526737045470228,0,139.48
TXN000096,CUST01654,2024-01-24 07:21:16,Online Purchase,Electronics,31.37,3744.61,3713.24,Yes,Web Browser,India,1.2,49,Male,69,0,0,46-55,7,0,0,0.00837737441282279,0.008377374412822698,0,132.66
TXN000097,CUST01018,2024-01-24 09:05:05,Bill Payment,Fashion & Apparel,36.59,6489.86,6453.27,,Web Browser,Canada,4.2,59,Male,66,0,0,56-65,9,0,0,0.005638026089930945,0.005638026089931063,0,144.15
TXN000098,CUST01000,2024-01-24 17:37:47,POS Purchase,Utilities,211.03,6493.83,6282.8,No,Web Browser,United States,17.3,78,Male,115,0,0,66+,17,0,0,0.03249700099941017,0.03249700099941021,30,128.47
TXN000099,CUST00013,2024-01-25 02:07:40,Online Purchase,Groceries,1237.92,7977.04,6739.12,Yes,Web Browser,United States,21.0,59,Male,8,0,1,56-65,2,0,1,0.1551853820464734,0.1551853820464734,25,130.62
TXN000100,CUST00329,2024-01-25 09:25:20,Online Purchase,Utilities,98.76,8114.07,8015.31,No,Mobile App,United States,3.5,59,Male,161,0,0,56-65,9,0,0,0.012171450332570376,0.012171450332570463,0,128.47
TXN000101,CUST01282,2024-01-25 11:55:39,Online Purchase,Electronics,806.83,832.6,1291.6,Yes,Web Browser,UAE,1.9,34,Female,16,0,0,26-35,11,0,0,-0.5512851309152053,0.969048762911362,10,132.66
TXN000102,CUST00476,2024-01-25 13:10:57,Online Purchase,Electronics,127.32,1822.32,1695.0,Yes,Mobile App,India,20.8,31,Male,62,0,0,26-35,13,0,0,0.06986698274726719,0.06986698274726721,0,132.66
TXN000103,CUST00158,2024-01-25 16:53:38,Bank Transfer,Online Services,873.41,6234.68,5361.27,,Web Browser,India,3.4,71,Male,76,0,0,66+,16,0,0,0.14008898612278414,0.14008898612278417,0,146.23
TXN000104,CUST01013,2024-01-25 20:11:46,POS Purchase,Groceries,172.61,1208.71,1036.1,Yes,Mobile App,United States,10.6,41,Female,118,0,0,36-45,20,0,0,0.1428051393634537,0.1428051393634536,0,130.62
TXN000105,CUST01438,2024-01-25 20:35:13,POS Purchase,Utilities,26.88,9611.28,9584.4,No,Web Browser,United Kingdom,3.6,30,Male,115,0,0,26-35,20,0,0,0.0027967138612131803,0.0027967138612130745,30,128.47
TXN000106,CUST01414,2024-01-26 10:39:04,Bank Transfer,Electronics,1272.16,1846.61,574.45,,Web Browser,Pakistan,23.4,61,Male,12,0,0,56-65,10,0,0,0.6889164468945798,0.6889164468945799,10,132.66
TXN000107,CUST00844,2024-01-26 11:50:29,Online Purchase,Healthcare,153.33,3125.94,2972.61,Yes,Web Browser,India,1.3,60,Male,102,0,0,56-65,11,0,0,0.04905084550567187,0.049050845505671896,0,103.71
TXN000108,CUST00767,2024-01-26 17:53:46,POS Purchase,Fuel,80.44,4715.24,5184.24,No,Mobile App,United Kingdom,2.8,28,Male,19,0,0,26-35,17,0,0,-0.09946471441538501,0.01705957703107371,30,147.4
TXN000109,CUST00707,2024-01-26 19:42:53,ATM Withdrawal,Groceries,174.58,5402.94,5228.36,Yes,Mobile App,United States,14.6,41,Female,147,0,0,36-45,19,0,0,0.032312037520313,0.03231203752031302,0,130.62
TXN000110,CUST01437,2024-01-27 10:59:39,Bill Payment,Home Improvement,15.98,2921.78,2905.8,,Mobile App,United Kingdom,19.5,24,Female,92,0,0,18-25,10,1,0,0.005469268733443318,0.0054692687334433115,0,202.64
TXN000111,CUST00853,2024-01-27 11:53:41,ATM Withdrawal,Online Services,38.74,6582.81,6544.07,Yes,Web Browser,United States,35.0,85,Female,63,0,0,66+,11,1,0,0.005885024784248776,0.005885024784248672,0,146.23
TXN000112,CUST01367,2024-01-27 16:31:38,Online Purchase,Jewelry & Luxury,62.68,6749.01,6686.33,No,Mobile App,United Kingdom,7.8,64,Male,78,0,0,56-65,16,1,0,0.009287288061508324,0.00928728806150828,0,145.81
TXN000113,CUST00945,2024-01-28 11:55:15,Bank Transfer,Healthcare,14.35,4892.55,4878.2,,POS Terminal,United States,42.1,50,Male,64,0,0,46-55,11,1,0,0.002933030832592485,0.002933030832592411,0,103.71
TXN000114,CUST00695,2024-01-28 16:13:32,Online Purchase,Restaurants,47.51,2233.75,2186.24,No,ATM Machine,UAE,3.7,41,Female,118,0,0,36-45,16,1,0,0.021269166200335855,0.021269166200335757,0,139.48
TXN000115,CUST01676,2024-01-28 17:53:16,POS Purchase,Entertainment,47.73,3395.15,3347.42,No,POS Terminal,Canada,55.7,48,Male,32,0,0,46-55,17,1,0,0.014058289029939773,0.014058289029939766,30,166.95
TXN000116,CUST00492,2024-01-28 18:32:04,Bank Transfer,Utilities,102.98,2534.31,2431.33,,POS Terminal,Pakistan,20.7,85,Female,67,0,0,66+,18,1,0,0.040634334394766235,0.04063433439476623,0,128.47
TXN000117,CUST00258,2024-01-28 21:07:39,Online Purchase,Groceries,98.14,1014.77,916.63,No,POS Terminal,United States,3.3,39,Male,27,0,0,36-45,21,1,0,0.09671157010948292,0.09671157010948293,0,130.62
TXN000118,CUST00809,2024-01-29 09:33:58,Bank Transfer,Groceries,326.41,648.21,321.8,,Web Browser,United Kingdom,20.3,33,Female,65,0,0,26-35,9,0,0,0.503555946375403,0.503555946375403,10,130.62
TXN000119,CUST01688,2024-01-30 02:54:54,POS Purchase,Fuel,128.19,1933.56,1805.37,No,ATM Machine,Canada,7.4,30,Female,139,1,0,26-35,2,0,1,0.06629739961521755,0.06629739961521752,70,147.4
TXN000120,CUST00985,2024-01-30 06:35:11,POS Purchase,Entertainment,229.76,8473.2,8243.44,No,POS Terminal,UAE,13.3,74,Male,68,0,0,66+,6,0,0,0.027116083651985107,0.02711608365198508,30,166.95
TXN000121,CUST00593,2024-01-30 10:47:36,ATM Withdrawal,Groceries,131.03,3516.84,3385.81,Yes,POS Terminal,United States,7.4,19,Female,129,0,0,18-25,10,0,0,0.03725787923249286,0.037257879232492803,0,130.62
TXN000122,CUST00605,2024-01-30 12:05:59,Bank Transfer,Fashion & Apparel,216.53,2267.13,2050.6,,Mobile App,United States,4.3,35,Female,60,0,0,26-35,12,0,0,0.095508418132176,0.09550841813217592,0,144.15
TXN000123,CUST01565,2024-01-30 14:23:52,Bill Payment,Groceries,101.63,3098.38,2996.75,,Mobile App,United States,6.1,27,Female,9,0,0,26-35,14,0,0,0.03280101214182899,0.032801012141828956,0,130.62
TXN000124,CUST00574,2024-01-30 14:38:14,ATM Withdrawal,Fuel,45.16,9932.21,9887.05,Yes,POS Terminal,United States,0.6,72,Male,165,0,0,66+,14,0,0,0.004546822912523986,0.004546822912524001,0,147.4
TXN000125,CUST00788,2024-01-30 18:23:36,Online Purchase,Travel,383.97,2565.11,2181.14,No,Web Browser,Pakistan,7.4,56,Female,25,0,0,56-65,18,0,0,0.14968948700055756,0.14968948700055748,0,483.02
TXN000126,CUST00040,2024-01-30 19:27:57,POS Purchase,Fuel,95.21,17037.07,17057.07,Yes,ATM Machine,United Kingdom,28.7,64,Male,6,0,0,56-65,19,0,0,-0.0011739107722161146,0.005588402231134814,0,147.4
TXN000127,CUST01500,2024-01-30 20:51:38,Wire Transfer,Fashion & Apparel,227.51,2330.44,2102.93,,Mobile App,UAE,24.3,33,Male,178,0,0,26-35,20,0,0,0.09762534113729605,0.09762534113729596,0,144.15
TXN000128,CUST01552,2024-01-31 23:52:21,Online Purchase,Groceries,84.86,2290.41,2205.55,No,POS Terminal,Pakistan,0.3,82,Female,107,0,0,66+,23,0,0,0.03705013512864495,0.03705013512864509,0,130.62
TXN000129,CUST00369,2024-02-01 06:52:18,POS Purchase,Groceries,54.29,7944.61,7890.32,Yes,POS Terminal,United States,1.6,50,Female,15,0,0,46-55,6,0,0,0.006833563887969323,0.006833563887969328,0,130.62
TXN000130,CUST00444,2024-02-01 08:15:21,POS Purchase,Fuel,75.12,3800.18,3725.06,No,Web Browser,Germany,41.4,79,Female,21,0,0,66+,8,0,0,0.01976748469809322,0.01976748469809325,30,147.4
TXN000131,CUST01445,2024-02-01 10:41:09,Online Purchase,Fuel,111.31,5061.86,4950.55,No,Mobile App,Pakistan,1.6,59,Male,93,0,0,56-65,10,0,0,0.02198994045666998,0.02198994045667008,0,147.4
TXN000132,CUST01216,2024-02-01 12:36:06,Online Purchase,Restaurants,190.76,1780.59,1589.83,Yes,Web Browser,United Kingdom,47.8,61,Female,161,0,0,56-65,12,0,0,0.10713302893984578,0.10713302893984578,0,139.48
TXN000133,CUST00904,2024-02-01 13:19:47,POS Purchase,Utilities,164.39,3241.97,3568.97,No,POS Terminal,United Kingdom,4.1,69,Female,179,0,0,66+,13,0,0,-0.10086459776000395,0.050706823320388526,30,128.47
TXN000134,CUST01589,2024-02-01 14:46:01,Online Purchase,Fashion & Apparel,115.56,845.77,730.21,Yes,Mobile App,Canada,1.6,53,Male,24,0,0,46-55,14,0,0,0.1366328907386168,0.1366328907386169,0,144.15
TXN000135,CUST00765,2024-02-01 21:38:24,POS Purchase,Utilities,142.05,3501.63,3359.58,Yes,Web Browser,United Kingdom,9.9,72,Male,91,0,0,66+,21,0,0,0.04056682173730525,0.0405668217373052,0,128.47
TXN000136,CUST00910,2024-02-02 10:51:40,Online Purchase,Entertainment,364.22,607.89,243.67,No,Mobile App,Germany,12.0,54,Female,117,0,0,46-55,10,0,0,0.5991544522857755,0.5991544522857755,10,166.95
TXN000137,CUST00157,2024-02-02 14:35:09,Bank Transfer,Groceries,80.5,575.01,494.51,,Mobile App,United States,0.8,74,Male,27,0,0,66+,14,0,0,0.1399975652597346,0.1399975652597346,0,130.62
TXN000138,CUST01163,2024-02-02 15:23:12,Wire Transfer,Fuel,322.58,3967.33,3644.75,,Web Browser,United States,6.5,18,Male,135,0,0,18-25,15,0,0,0.08130909200898336,0.08130909200898337,0,147.4
TXN000139,CUST00761,2024-02-03 16:14:42,POS Purchase,Restaurants,117.05,17267.95,17150.9,No,Mobile App,United States,39.0,79,Female,180,0,0,66+,16,1,0,0.006778453724964415,0.006778453724964457,30,139.48
TXN000140,CUST01466,2024-02-03 18:26:06,POS Purchase,Utilities,20.64,3622.61,3601.97,Yes,POS Terminal,Germany,21.3,66,Male,83,0,0,66+,18,1,0,0.00569754955681134,0.0056975495568112496,0,128.47
TXN000141,CUST01264,2024-02-03 19:26:18,Wire Transfer,Groceries,161.3,2616.25,2454.95,,Mobile App,Canada,1.8,70,Female,93,0,0,66+,19,1,0,0.06165312947921651,0.06165312947921644,0,130.62
TXN000142,CUST00111,2024-02-03 19:41:21,Online Purchase,Restaurants,96.05,973.78,877.73,Yes,Mobile App,UAE,6.8,21,Female,158,0,0,18-25,19,1,0,0.09863624227238181,0.09863624227238185,0,139.48
TXN000143,CUST00207,2024-02-03 19:47:13,Bill Payment,Travel,134.9,46181.68,46046.78,,ATM Machine,India,25.8,24,Male,163,0,0,18-25,19,1,0,0.002921071732340648,0.0029210717323406164,0,483.02
TXN000144,CUST00624,2024-02-03 20:50:15,Bill Payment,Electronics,452.18,1333.55,881.37,,ATM Machine,United States,0.9,32,Male,145,0,0,26-35,20,1,0,0.33907989951632855,0.3390798995163286,0,132.66
TXN000145,CUST00610,2024-02-04 11:20:40,Bank Transfer,Utilities,145.29,7049.28,6903.99,,Web Browser,Canada,29.7,24,Female,50,0,0,18-25,11,1,0,0.020610615552226607,0.02061061555222661,0,128.47
TXN000146,CUST01642,2024-02-04 12:57:01,ATM Withdrawal,Travel,144.31,12555.11,12410.8,Yes,Web Browser,India,1.0,41,Female,110,0,0,36-45,12,1,0,0.011494124703009477,0.011494124703009373,0,483.02
TXN000147,CUST00559,2024-02-04 12:59:22,ATM Withdrawal,Electronics,82.1,4098.71,4016.61,No,Web Browser,United States,8.1,23,Female,55,0,0,18-25,12,1,0,0.020030692583764137,0.020030692583764158,30,132.66
TXN000148,CUST00054,2024-02-04 17:42:16,POS Purchase,Restaurants,44.57,6729.45,6684.88,Yes,Web Browser,United States,48.6,76,Male,25,1,0,66+,17,1,0,0.006623126704262564,0.0066231267042626074,15,139.48
TXN000149,CUST00566,2024-02-05 09:36:27,Online Purchase,Jewelry & Luxury,183.84,2579.03,2395.19,Yes,Mobile App,United Kingdom,16.1,48,Female,84,0,0,46-55,9,0,0,0.07128261400604108,0.07128261400604102,0,145.81
TXN000150,CUST01432,2024-02-05 14:54:32,POS Purchase,Groceries,155.49,5564.44,5408.95,No,POS Terminal,Australia,8.9,63,Male,115,0,0,56-65,14,0,0,0.027943512734435055,0.027943512734435096,30,130.62
TXN000151,CUST01617,2024-02-05 16:08:13,POS Purchase,Fashion & Apparel,59.51,829.81,770.3,No,Web Browser,Germany,23.6,83,Male,163,0,0,66+,16,0,0,0.07171521191598076,0.07171521191598076,30,144.15
TXN000152,CUST00137,2024-02-05 20:04:00,POS Purchase,Healthcare,499.42,1357.16,857.74,Yes,Mobile App,UAE,42.7,46,Male,139,0,0,46-55,20,0,0,0.3679890359279673,0.3679890359279672,0,103.71
TXN000153,CUST00368,2024-02-06 10:41:07,POS Purchase,Utilities,128.5,17839.37,17925.37,No,POS Terminal,Pakistan,14.2,24,Male,110,0,0,18-25,10,0,0,-0.0048207980438771105,0.007203169170211729,30,128.47
TXN000154,CUST01272,2024-02-06 10:46:02,Bill Payment,Home Improvement,93.6,2338.09,2244.49,,Mobile App,Pakistan,2.8,48,Female,21,0,0,46-55,10,0,0,0.04003267624428502,0.04003267624428486,0,202.64
TXN000155,CUST00548,2024-02-06 11:09:38,Online Purchase,Utilities,135.2,2302.99,2167.79,No,Web Browser,UAE,0.5,66,Female,71,0,0,66+,11,0,0,0.05870629051797873,0.0587062905179788,0,128.47
TXN000156,CUST01545,2024-02-06 11:44:13,Bill Payment,Groceries,19.63,5408.93,5389.3,,ATM Machine,Germany,5.6,84,Female,47,0,0,66+,11,0,0,0.003629183590839613,0.0036291835908395928,0,130.62
TXN000157,CUST00533,2024-02-06 19:20:46,ATM Withdrawal,Electronics,69.28,2486.64,2417.36,Yes,Mobile App,United Kingdom,5.1,78,Female,120,0,0,66+,19,0,0,0.02786088858861747,0.027860888588617575,0,132.66
TXN000158,CUST01489,2024-02-06 19:48:02,Bank Transfer,Electronics,148.78,1867.27,1718.49,,Web Browser,United Kingdom,4.5,36,Male,102,0,0,36-45,19,0,0,0.07967781841940372,0.07967781841940373,0,132.66
TXN000159,CUST00057,2024-02-06 22:27:55,Online Purchase,Online Services,1131.38,1355.84,224.46,No,Web Browser,Pakistan,27.1,38,Female,36,2,1,36-45,22,0,0,0.8344494925654944,0.8344494925654946,40,146.23
TXN000160,CUST00350,2024-02-07 10:43:40,POS Purchase,Fuel,113.86,9022.2,8908.34,No,Mobile App,United Kingdom,36.2,21,Male,30,0,0,18-25,10,0,0,0.01261998182261539,0.012619981822615325,30,147.4
TXN000161,CUST01530,2024-02-07 14:08:02,POS Purchase,Healthcare,34.48,18926.4,18891.92,No,Mobile App,United States,3.1,18,Female,94,0,0,18-25,14,0,0,0.0018217938963565811,0.001821793896356412,30,103.71
TXN000162,CUST01675,2024-02-07 14:53:38,Online Purchase,Restaurants,41.96,4902.9,4860.94,No,Mobile App,United Kingdom,5.8,63,Male,4,0,0,56-65,14,0,0,0.008558200248832332,0.008558200248832325,0,139.48
TXN000163,CUST01691,2024-02-08 00:51:17,POS Purchase,Fashion & Apparel,47.84,9381.59,9333.75,Yes,POS Terminal,Pakistan,3.2,29,Female,83,0,0,26-35,0,0,1,0.005099348831061701,0.005099348831061686,25,144.15
TXN000164,CUST00169,2024-02-08 10:24:22,Online Purchase,Electronics,84.61,1306.47,1221.86,No,POS Terminal,Pakistan,4.6,79,Female,101,0,0,66+,10,0,0,0.06476229840715832,0.06476229840715822,0,132.66
TXN000165,CUST00042,2024-02-08 10:57:37,Online Purchase,Electronics,266.33,9658.97,9392.64,Yes,POS Terminal,Germany,2.4,72,Male,8,0,0,66+,10,0,0,0.027573333388549705,0.02757333338854971,0,132.66
TXN000166,CUST00877,2024-02-08 13:36:05,Bank Transfer,Groceries,165.27,2784.43,2619.16,,POS Terminal,Germany,4.3,56,Female,146,0,0,56-65,13,0,0,0.05935505651066825,0.05935505651066826,0,130.62
TXN000167,CUST00043,2024-02-08 17:05:40,Wire Transfer,Fuel,81.31,2298.47,2217.16,,Mobile App,India,36.4,79,Male,6,0,0,66+,17,0,0,0.03537570644820248,0.0353757064482025,0,147.4
TXN000168,CUST01454,2024-02-08 21:45:25,Bank Transfer,Jewelry & Luxury,236.5,1876.28,1639.78,,Web Browser,India,1.6,20,Female,146,0,0,18-25,21,0,0,0.12604728505340354,0.12604728505340354,0,145.81
TXN000169,CUST01288,2024-02-09 06:14:42,POS Purchase,Healthcare,56.84,1153.73,1096.89,No,POS Terminal,United States,4.9,51,Male,140,0,0,46-55,6,0,0,0.04926629280680915,0.04926629280680922,30,103.71
TXN000170,CUST00248,2024-02-09 22:50:08,ATM Withdrawal,Fuel,928.84,1887.83,958.99,Yes,POS Terminal,Canada,3.0,42,Female,69,0,0,36-45,22,0,0,0.49201464114883225,0.4920146411488323,0,147.4
TXN000171,CUST00259,2024-02-10 11:06:57,ATM Withdrawal,Entertainment,220.55,3605.82,3385.27,Yes,Web Browser,United States,8.649999999999999,27,Male,168,0,0,26-35,11,1,0,0.06116500546338979,0.061165005463389745,0,166.95
TXN000172,CUST00124,2024-02-10 13:45:46,ATM Withdrawal,Restaurants,94.31,621.24,526.93,No,Web Browser,United States,13.1,55,Male,61,0,0,46-55,13,1,0,0.15180928465649357,0.15180928465649346,30,139.48
TXN000173,CUST00203,2024-02-11 03:53:20,Online Purchase,Fuel,525.5,1718.46,1192.96,Yes,Web Browser,Germany,7.3,69,Male,127,0,0,66+,3,1,1,0.30579705084785214,0.30579705084785214,25,147.4
TXN000174,CUST00668,2024-02-11 12:16:23,Bank Transfer,Electronics,705.68,6680.28,5974.6,,Mobile App,Canada,6.4,67,Female,167,0,0,66+,12,1,0,0.10563629069440195,0.10563629069440203,0,132.66
TXN000175,CUST01217,2024-02-11 13:11:04,POS Purchase,Groceries,142.89,6542.42,6699.42,No,Web Browser,India,33.7,69,Male,95,0,0,66+,13,1,0,-0.02399723649658689,0.02184054218469618,30,130.62
TXN000176,CUST01203,2024-02-11 16:43:34,Online Purchase,Restaurants,73.45,3594.86,3797.86,Yes,POS Terminal,UAE,8.2,50,Male,5,0,0,46-55,16,1,0,-0.056469514807252576,0.020431950062033015,0,139.48
TXN000177,CUST00252,2024-02-11 20:41:45,Online Purchase,Fashion & Apparel,201.39,5337.9,5673.9,Yes,Mobile App,United States,13.3,71,Female,25,0,0,66+,20,1,0,-0.06294610239982015,0.0377283201258922,0,144.15
TXN000178,CUST00635,2024-02-11 21:50:04,Online Purchase,Groceries,332.2,3969.72,4124.72,No,ATM Machine,Pakistan,13.0,62,Male,15,1,0,56-65,21,1,0,-0.039045575002771095,0.08368348397368076,15,130.62
TXN000179,CUST00038,2024-02-11 23:13:30,Online Purchase,Electronics,611.1,1022.21,1059.21,Yes,Mobile App,United Kingdom,105.5,42,Female,29,1,1,36-45,23,1,0,-0.036196084953189656,0.5978223652674108,45,132.66
TXN000180,CUST00902,2024-02-12 13:45:11,Bill Payment,Groceries,92.84,1892.23,1799.39,,Mobile App,United States,3.8,76,Male,11,0,0,66+,13,0,0,0.04906380302605916,0.0490638030260592,0,130.62
TXN000181,CUST00948,2024-02-12 14:32:13,Bill Payment,Electronics,67.95,2531.91,2463.96,,POS Terminal,United Kingdom,7.0,19,Female,137,0,0,18-25,14,0,0,0.026837446828678675,0.026837446828678748,0,132.66
TXN000182,CUST01228,2024-02-12 18:29:31,ATM Withdrawal,Travel,118.36,6206.43,6088.07,Yes,Mobile App,Canada,0.5,73,Female,25,0,0,66+,18,0,0,0.01907054458037883,0.019070544580378736,0,483.02
TXN000183,CUST00675,2024-02-13 00:46:37,Online Purchase,Travel,130.46,2654.7,2524.24,No,POS Terminal,United Kingdom,26.8,20,Female,135,0,0,18-25,0,0,1,0.049143029344182035,0.04914302934418202,25,483.02
TXN000184,CUST01681,2024-02-13 09:38:29,Bank Transfer,Entertainment,103.8,9225.07,9121.27,,Mobile App,United Kingdom,9.3,58,Male,117,0,0,56-65,9,0,0,0.011251947139696423,0.011251947139696501,0,166.95
TXN000185,CUST00331,2024-02-13 11:15:20,POS Purchase,Online Services,359.64,2570.81,2211.17,No,Mobile App,Pakistan,10.4,81,Male,27,0,0,66+,11,0,0,0.13989365219522248,0.1398936521952225,30,146.23
TXN000186,CUST00329,2024-02-13 14:28:43,Bank Transfer,Groceries,121.02,16979.52,16858.5,,Mobile App,UAE,0.3,40,Male,127,0,0,36-45,14,0,0,0.007127409962119096,0.00712740996211907,0,130.62
TXN000187,CUST00781,2024-02-13 15:30:13,Online Purchase,Healthcare,296.56,4154.21,3857.65,No,Mobile App,Canada,20.4,20,Female,50,0,0,18-25,15,0,0,0.07138782102975053,0.07138782102975054,0,103.71
TXN000188,CUST00946,2024-02-13 15:36:04,Online Purchase,Utilities,86.55,2753.84,2834.84,Yes,Mobile App,United Kingdom,8.1,74,Male,113,0,0,66+,15,0,0,-0.029413473549661562,0.031428841181768,0,128.47
TXN000189,CUST00091,2024-02-13 16:50:34,POS Purchase,Fashion & Apparel,130.4,3516.1,3385.7,Yes,POS Terminal,India,5.5,30,Female,67,0,0,26-35,16,0,0,0.03708654475128696,0.03708654475128694,0,144.15
TXN000190,CUST01522,2024-02-14 09:42:58,ATM Withdrawal,Utilities,340.15,16470.87,16130.72,Yes,POS Terminal,United Kingdom,15.3,18,Male,51,0,0,18-25,9,0,0,0.020651610995654733,0.020651610995654754,0,128.47
TXN000191,CUST01007,2024-02-14 10:46:10,Online Purchase,Travel,670.38,2243.39,1573.01,No,Mobile App,Canada,6.6,67,Female,71,0,0,66+,10,0,0,0.2988245467796504,0.2988245467796505,0,483.02
TXN000192,CUST00326,2024-02-14 11:08:28,Bank Transfer,Fashion & Apparel,110.96,2705.03,2594.07,,Mobile App,Germany,9.2,60,Female,107,0,0,56-65,11,0,0,0.041019877783240864,0.04101987778324084,0,144.15
TXN000193,CUST00307,2024-02-14 12:45:05,Online Purchase,Groceries,37.57,5825.82,6153.82,Yes,POS Terminal,Canada,2.6,84,Female,84,0,0,66+,12,0,0,-0.056301087228922284,0.0064488775828982015,0,130.62
TXN000194,CUST01642,2024-02-14 12:51:26,Bill Payment,Groceries,46.16,9170.29,9124.13,,ATM Machine,Pakistan,12.8,27,Male,164,0,0,26-35,12,0,0,0.00503364670037716,0.005033646700376977,0,130.62
TXN000195,CUST00824,2024-02-14 22:29:15,Online Purchase,Utilities,112.34,12911.25,12798.91,Yes,POS Terminal,Pakistan,7.4,61,Female,141,0,0,56-65,22,0,0,0.008700939103495025,0.008700939103495014,0,128.47
TXN000196,CUST01155,2024-02-15 00:38:56,POS Purchase,Groceries,518.56,40256.55,39737.99,No,ATM Machine,India,4.0,67,Female,51,1,0,66+,0,0,1,0.01288138203596694,0.012881382035966815,70,130.62
TXN000197,CUST01554,2024-02-15 17:14:57,Wire Transfer,Electronics,174.12,706.81,532.69,,Mobile App,Germany,1.8,29,Female,81,0,0,26-35,17,0,0,0.24634625995670675,0.24634625995670692,0,132.66
TXN000198,CUST00034,2024-02-15 19:47:21,Online Purchase,Restaurants,2372.92,4657.64,2284.72,No,Web Browser,United Kingdom,154.3,65,Female,16,0,1,56-65,19,0,0,0.5094683144253314,0.5094683144253312,30,139.48
TXN000199,CUST01493,2024-02-16 08:57:21,Bill Payment,Groceries,744.81,16907.58,16162.77,,POS Terminal,India,22.6,62,Female,113,0,0,56-65,8,0,0,0.044051839470817304,0.04405183947081722,0,130.62
TXN000200,CUST01345,2024-02-16 14:59:38,POS Purchase,Groceries,114.31,7965.84,8125.84,Yes,POS Terminal,Germany,0.2,60,Male,46,0,0,56-65,14,0,0,-0.020085766221766943,0.014350024605063622,0,130.62
TXN000201,CUST00100,2024-02-17 09:36:30,Bill Payment,Groceries,86.33,8147.83,8061.5,,Mobile App,United Kingdom,12.0,84,Male,56,0,0,66+,9,1,0,0.01059545915906443,0.010595459159064438,0,130.62
TXN000202,CUST00985,2024-02-17 20:26:58,POS Purchase,Healthcare,282.41,2161.28,1878.87,Yes,ATM Machine,United States,21.8,77,Male,173,0,0,66+,20,1,0,0.1306679375185077,0.13066793751850755,0,103.71
TXN000203,CUST01112,2024-02-18 03:37:04,Wire Transfer,Online Services,45.2,7644.88,7599.68,,Mobile App,UAE,1.1,80,Female,105,0,0,66+,3,1,1,0.005912453825305279,0.005912453825305303,25,146.23
TXN000204,CUST00978,2024-02-18 06:23:41,Online Purchase,Online Services,187.94,4637.71,4837.71,Yes,POS Terminal,United States,17.0,42,Male,19,0,0,36-45,6,1,0,-0.043124731818074004,0.040524310489444146,0,146.23
TXN000205,CUST00878,2024-02-18 06:44:51,Online Purchase,Restaurants,70.75,2093.64,2022.89,No,Mobile App,India,4.6,47,Male,91,0,0,46-55,6,1,0,0.03379282016010383,0.03379282016010394,0,139.48
TXN000206,CUST00473,2024-02-18 17:28:39,POS Purchase,Online Services,105.14,2055.62,1950.48,No,Web Browser,United Kingdom,26.9,49,Male,27,0,0,46-55,17,1,0,0.05114758564326086,0.05114758564326092,30,146.23
TXN000207,CUST00591,2024-02-18 17:51:08,POS Purchase,Restaurants,40.76,6171.88,6347.88,Yes,Mobile App,Pakistan,15.9,79,Male,10,0,0,66+,17,1,0,-0.028516432594282454,0.006604146548539505,0,139.48
TXN000208,CUST00933,2024-02-19 09:50:11,Online Purchase,Fashion & Apparel,174.1,2146.88,1972.78,Yes,POS Terminal,United States,3.0,82,Female,144,0,0,66+,9,0,0,0.0810944253987182,0.08109442539871814,0,144.15
TXN000209,CUST00284,2024-02-19 13:54:10,Bank Transfer,Restaurants,65.77,6533.56,6467.79,,Web Browser,Pakistan,23.3,34,Female,17,0,0,26-35,13,0,0,0.010066487489209625,0.010066487489209557,0,139.48
TXN000210,CUST01068,2024-02-19 18:10:14,Online Purchase,Online Services,127.07,25204.6,25077.53,No,POS Terminal,United States,3.6,64,Male,83,0,0,56-65,18,0,0,0.0050415400363425615,0.005041540036342573,0,146.23
TXN000211,CUST01572,2024-02-20 07:46:06,Wire Transfer,Restaurants,183.33,8885.67,8702.34,,Web Browser,United States,1.8,53,Other,67,1,0,46-55,7,0,0,0.020632096397908084,0.020632096397908094,15,139.48
TXN000212,CUST00825,2024-02-20 19:34:29,Wire Transfer,Electronics,25.6,4225.26,4199.66,,Web Browser,Canada,3.9,66,Male,85,0,0,66+,19,0,0,0.006058798748479469,0.006058798748479383,0,132.66
TXN000213,CUST01298,2024-02-20 22:07:17,Online Purchase,Electronics,28.11,19011.09,18982.98,No,Web Browser,United States,0.2,82,Male,175,0,0,66+,22,0,0,0.001478610642524999,0.0014786106425249683,0,132.66
TXN000214,CUST01105,2024-02-20 23:20:40,Bank Transfer,Healthcare,24.27,2345.21,2320.94,,Mobile App,Canada,15.7,36,Female,49,0,0,36-45,23,0,0,0.010348753416538382,0.010348753416538391,0,103.71
TXN000215,CUST00005,2024-02-21 04:33:56,Wire Transfer,Fashion & Apparel,2647.65,2294.15,-353.5,,Web Browser,United States,151.2,25,Female,55,1,1,18-25,4,0,1,1.0,1.1540875705599023,70,144.15
TXN000216,CUST01655,2024-02-21 12:05:00,POS Purchase,Fashion & Apparel,132.69,3375.33,3242.64,Yes,Mobile App,United Kingdom,7.2,85,Male,70,0,0,66+,12,0,0,0.03931171174374063,0.03931171174374061,0,144.15
TXN000217,CUST01038,2024-02-21 13:02:25,POS Purchase,Groceries,16.81,15236.04,15305.04,No,POS Terminal,United States,16.6,57,Female,99,0,0,56-65,13,0,0,-0.004528735813242811,0.001103305058269734,30,130.62
TXN000218,CUST00109,2024-02-21 15:28:04,Bill Payment,Travel,318.29,12988.97,12670.68,,Web Browser,United Kingdom,15.6,70,Female,59,0,0,66+,15,0,0,0.024504637396190698,0.02450463739619077,0,483.02
TXN000219,CUST00224,2024-02-22 08:08:18,Online Purchase,Home Improvement,59.61,242.31,182.7,Yes,Mobile App,UAE,4.5,37,Male,80,0,0,36-45,8,0,0,0.24600718088399162,0.24600718088399157,0,202.64
TXN000220,CUST01325,2024-02-22 09:54:25,Bank Transfer,Home Improvement,293.48,12337.9,12044.42,,ATM Machine,Canada,23.4,45,Male,169,0,0,36-45,9,0,0,0.0237868681055933,0.023786868105593335,0,202.64
TXN000221,CUST00436,2024-02-22 14:28:01,POS Purchase,Groceries,68.02,9960.25,10137.25,No,POS Terminal,Germany,6.4,47,Male,49,0,0,46-55,14,0,0,-0.01777063828719159,0.006829145854772721,30,130.62
TXN000222,CUST00329,2024-02-22 14:47:33,POS Purchase,Entertainment,122.45,7111.22,6988.77,No,Web Browser,Pakistan,9.2,44,Male,19,0,0,36-45,14,0,0,0.017219267579965156,0.01721926757996518,30,166.95
TXN000223,CUST00650,2024-02-22 15:26:17,Online Purchase,Groceries,347.88,1621.69,1742.69,Yes,POS Terminal,UAE,8.95,23,Male,143,0,0,18-25,15,0,0,-0.07461352046322046,0.21451695453508376,0,130.62
TXN000224,CUST01139,2024-02-22 17:18:25,Bank Transfer,Groceries,66.92,1105.22,1038.3,,Mobile App,Germany,13.9,27,Male,14,0,0,26-35,17,0,0,0.060549030962161444,0.06054903096216138,0,130.62
TXN000225,CUST01322,2024-02-22 17:59:13,Online Purchase,Utilities,82.16,4644.64,4562.48,No,POS Terminal,United Kingdom,4.6,71,Male,139,0,0,66+,17,0,0,0.017689207344379922,0.017689207344379756,0,128.47
TXN000226,CUST00604,2024-02-23 11:21:14,Bank Transfer,Healthcare,107.39,940.53,833.14,,Mobile App,Canada,8.6,64,Female,167,0,0,56-65,11,0,0,0.11418030259534517,0.11418030259534519,0,103.71
TXN000227,CUST00852,2024-02-23 11:58:49,Online Purchase,Fuel,187.2,5794.31,5607.11,No,Web Browser,United States,1.6,77,Male,91,0,0,66+,11,0,0,0.03230755689633463,0.0323075568963345,0,147.4
TXN000228,CUST00707,2024-02-23 12:02:25,ATM Withdrawal,Restaurants,468.56,2144.81,1676.25,Yes,Web Browser,United Kingdom,4.1,50,Female,60,0,0,46-55,12,0,0,0.21846224141066106,0.2184622414106611,0,139.48
TXN000229,CUST00686,2024-02-23 15:28:37,Online Purchase,Travel,184.81,5488.45,5303.64,No,Mobile App,United Kingdom,16.3,23,Male,9,0,0,18-25,15,0,0,0.033672530495859394,0.03367253049585949,0,483.02
TXN000230,CUST00506,2024-02-23 20:24:08,Wire Transfer,Healthcare,127.57,1750.63,1623.06,,Web Browser,United Kingdom,12.1,85,Female,42,0,0,66+,20,0,0,0.07287090932978423,0.07287090932978413,0,103.71
TXN000231,CUST00918,2024-02-23 22:16:27,POS Purchase,Travel,29.23,860.29,1094.29,No,POS Terminal,UAE,2.1,32,Male,21,0,0,26-35,22,0,0,-0.2720013018865731,0.03397691476130142,30,483.02
TXN000232,CUST00055,2024-02-23 22:23:07,Online Purchase,Travel,3345.36,2558.58,-786.78,No,Web Browser,Pakistan,26.0,21,Male,21,0,1,18-25,22,0,0,1.0,1.3075065075158878,10,483.02
TXN000233,CUST01429,2024-02-24 02:06:55,POS Purchase,Utilities,95.83,2018.71,1922.88,Yes,POS Terminal,Canada,23.3,21,Female,27,0,0,18-25,2,1,1,0.04747090964031482,0.047470909640314855,25,128.47
TXN000234,CUST01611,2024-02-24 17:06:56,Bill Payment,Electronics,26.44,3145.71,3119.27,,Mobile App,United States,0.2,69,Male,116,0,0,66+,17,1,0,0.00840509773628213,0.008405097736282112,0,132.66
TXN000235,CUST00857,2024-02-24 18:19:16,Online Purchase,Home Improvement,25.3,3303.0,3277.7,No,Mobile App,Canada,36.2,36,Female,146,0,0,36-45,18,1,0,0.007659703300030331,0.007659703300030276,0,202.64
TXN000236,CUST00738,2024-02-24 18:30:45,Bank Transfer,Online Services,375.45,13899.06,13523.61,,ATM Machine,India,31.3,84,Female,82,0,0,66+,18,1,0,0.027012618119498653,0.02701261811949873,0,146.23
TXN000237,CUST00298,2024-02-24 18:49:49,Wire Transfer,Entertainment,1029.98,4010.44,2980.46,,POS Terminal,United Kingdom,4.1,70,Male,3,0,0,66+,18,1,0,0.2568246875654542,0.2568246875654542,0,166.95
TXN000238,CUST00691,2024-02-24 19:06:52,POS Purchase,Groceries,120.43,4055.65,3935.22,No,POS Terminal,India,24.3,25,Male,173,0,0,18-25,19,1,0,0.029694376980262175,0.029694376980262106,30,130.62
TXN000239,CUST00765,2024-02-25 08:15:27,POS Purchase,Fashion & Apparel,102.45,2719.93,2617.48,Yes,POS Terminal,United Kingdom,2.6,24,Male,8,0,0,18-25,8,1,0,0.037666410532623935,0.037666410532624005,0,144.15
TXN000240,CUST00447,2024-02-25 10:22:28,Bank Transfer,Groceries,68.57,6136.76,6068.19,,POS Terminal,Canada,0.7,37,Female,174,0,0,36-45,10,1,0,0.011173648635436389,0.011173648635436286,0,130.62
TXN000241,CUST01591,2024-02-25 10:47:36,Online Purchase,Fashion & Apparel,25.0,2265.86,2240.86,No,Mobile App,Pakistan,30.8,52,Male,86,0,0,46-55,10,1,0,0.011033338335113378,0.011033338335113378,0,144.15
TXN000242,CUST00178,2024-02-25 15:54:08,Bank Transfer,Online Services,104.2,2517.57,2413.37,,Mobile App,India,7.1,23,Male,151,0,0,18-25,15,1,0,0.04138911728373005,0.041389117283729945,0,146.23
TXN000243,CUST00099,2024-02-25 16:08:33,Bank Transfer,Home Improvement,222.22,2654.94,2432.72,,POS Terminal,UAE,14.5,54,Male,2,0,0,46-55,16,1,0,0.08370057327095913,0.08370057327095903,0,202.64
TXN000244,CUST01350,2024-02-25 18:40:59,POS Purchase,Fuel,118.32,7645.57,7527.25,Yes,Web Browser,United Kingdom,0.9,27,Male,91,0,0,26-35,18,1,0,0.015475628370415773,0.015475628370415809,0,147.4
TXN000245,CUST01151,2024-02-25 20:17:09,Wire Transfer,Groceries,117.55,14027.36,13909.81,,Web Browser,United Kingdom,10.0,26,Other,118,0,0,26-35,20,1,0,0.008380051556387024,0.008380051556386946,0,130.62
TXN000246,CUST01323,2024-02-26 10:09:19,Bill Payment,Entertainment,25.33,956.0,930.67,,POS Terminal,United States,11.9,54,Male,180,0,0,46-55,10,0,0,0.026495815899581634,0.02649581589958159,0,166.95
TXN000247,CUST01407,2024-02-26 13:46:34,POS Purchase,Fuel,16.32,2400.16,2383.84,Yes,Web Browser,UAE,21.3,73,Female,127,0,0,66+,13,0,0,0.006799546696886753,0.006799546696886875,0,147.4
TXN000248,CUST01641,2024-02-26 14:09:06,Online Purchase,Groceries,69.36,6524.87,6455.51,No,Web Browser,United Kingdom,7.6,66,Female,68,0,0,66+,14,0,0,0.010630096844841303,0.010630096844841353,0,130.62
TXN000249,CUST00396,2024-02-27 05:36:23,Online Purchase,Utilities,209.78,4073.34,3863.56,No,ATM Machine,Germany,9.1,66,Male,99,0,0,66+,5,0,1,0.05150073404135186,0.05150073404135181,25,128.47
TXN000250,CUST01230,2024-02-28 12:48:36,ATM Withdrawal,Groceries,1351.41,9374.27,8022.86,Yes,POS Terminal,Canada,10.5,23,Male,109,0,0,18-25,12,0,0,0.14416162538523006,0.14416162538523,0,130.62
TXN000251,CUST01275,2024-02-28 22:34:23,POS Purchase,Travel,36.34,1814.01,1777.67,No,POS Terminal,United Kingdom,6.6,48,Female,114,0,0,46-55,22,0,0,0.020032965639660155,0.020032965639660203,30,483.02
TXN000252,CUST01170,2024-02-29 02:33:32,POS Purchase,Groceries,58.05,23987.08,23929.03,Yes,Web Browser,United Kingdom,1.2,31,Male,163,0,0,26-35,2,0,1,0.0024200527950881436,0.002420052795088022,25,130.62
TXN000253,CUST01556,2024-02-29 08:48:12,Bank Transfer,Electronics,38.99,1879.39,1840.4,,ATM Machine,Pakistan,0.5,56,Male,75,0,0,56-65,8,0,0,0.020746093147244588,0.020746093147244585,0,132.66
TXN000254,CUST01420,2024-02-29 16:37:09,Wire Transfer,Jewelry & Luxury,101.42,2919.85,2818.43,,Mobile App,Germany,2.9,47,Male,15,0,0,46-55,16,0,0,0.03473466102710758,0.03473466102710756,0,145.81
TXN000255,CUST00711,2024-02-29 19:43:46,POS Purchase,Groceries,176.05,3077.81,2901.76,No,POS Terminal,United Kingdom,6.3,58,Female,97,0,0,56-65,19,0,0,0.057199762168554824,0.05719976216855492,30,130.62
TXN000256,CUST01483,2024-03-01 10:28:45,Online Purchase,Travel,28.16,8906.26,8878.1,Yes,Web Browser,UAE,8.5,34,Other,152,1,0,26-35,10,0,0,0.0031618210112886727,0.003161821011288689,15,483.02
TXN000257,CUST00640,2024-03-01 13:27:20,Online Purchase,Electronics,86.4,2902.36,2815.96,Yes,ATM Machine,Germany,12.9,72,Male,61,0,0,66+,13,0,0,0.029768877740872973,0.029768877740872945,0,132.66
TXN000258,CUST00846,2024-03-01 16:01:11,Online Purchase,Home Improvement,72.11,5371.45,5299.34,No,POS Terminal,UAE,14.0,44,Male,128,0,0,36-45,16,0,0,0.013424680486646934,0.013424680486646995,0,202.64
TXN000259,CUST01202,2024-03-01 16:07:26,Bank Transfer,Healthcare,125.81,3285.32,3159.51,,Mobile App,United Kingdom,14.7,26,Female,180,0,0,26-35,16,0,0,0.038294595351442154,0.038294595351442175,0,103.71
TXN000260,CUST01525,2024-03-01 18:41:38,Wire Transfer,Electronics,1063.58,5219.86,4156.28,,Web Browser,Canada,1.0,59,Female,62,0,0,56-65,18,0,0,0.20375642258604637,0.20375642258604637,0,132.66
TXN000261,CUST00201,2024-03-01 19:01:47,Online Purchase,Fashion & Apparel,32.48,744.66,757.66,No,Mobile App,United Kingdom,4.4,38,Female,162,0,0,36-45,19,0,0,-0.01745763167082964,0.043617221282195896,0,144.15
TXN000262,CUST00448,2024-03-02 12:25:49,Bank Transfer,Fuel,113.44,2740.77,2627.33,,Mobile App,Germany,28.3,24,Male,36,0,0,18-25,12,1,0,0.04138982840588596,0.04138982840588594,0,147.4
TXN000263,CUST00447,2024-03-02 20:22:55,POS Purchase,Travel,183.64,2163.54,1979.9,Yes,Web Browser,Germany,14.7,39,Female,156,0,0,36-45,20,1,0,0.08487941059559789,0.08487941059559795,0,483.02
TXN000264,CUST00526,2024-03-02 20:35:46,POS Purchase,Healthcare,55.72,2651.56,2595.84,Yes,Web Browser,Germany,8.4,27,Male,18,0,0,26-35,20,1,0,0.021014044562446182,0.02101404456244626,0,103.71
TXN000265,CUST00408,2024-03-02 22:23:28,Online Purchase,Online Services,37.47,5523.69,5486.22,Yes,ATM Machine,Canada,8.6,38,Male,13,0,0,36-45,22,1,0,0.006783508850062068,0.006783508850062187,0,146.23
TXN000266,CUST00790,2024-03-03 01:31:04,Bill Payment,Groceries,260.9,5933.62,5672.72,,Web Browser,United Kingdom,14.1,82,Female,45,0,0,66+,1,1,1,0.04396978572945346,0.043969785729453516,25,130.62
TXN000267,CUST01607,2024-03-03 07:33:57,ATM Withdrawal,Fuel,129.2,4212.57,4083.37,Yes,Web Browser,Pakistan,21.6,75,Female,90,0,0,66+,7,1,0,0.030670113493662974,0.030670113493663012,0,147.4
TXN000268,CUST00555,2024-03-03 08:35:24,Online Purchase,Entertainment,42.56,33506.76,33464.2,No,Mobile App,United Kingdom,26.7,32,Female,164,0,0,26-35,8,1,0,0.001270191447934833,0.0012701914479346854,0,166.95
TXN000269,CUST01574,2024-03-03 14:07:22,Online Purchase,Restaurants,104.86,15657.46,15552.6,No,Mobile App,United Kingdom,6.7,26,Female,13,0,0,26-35,14,1,0,0.00669712712023526,0.006697127120235339,0,139.48
TXN000270,CUST00429,2024-03-03 14:15:11,Bank Transfer,Restaurants,36.26,1310.45,1274.19,,POS Terminal,Pakistan,0.9,40,Female,95,0,0,36-45,14,1,0,0.027669884390858095,0.027669884390858098,0,139.48
TXN000271,CUST00543,2024-03-03 14:59:53,POS Purchase,Fashion & Apparel,20.42,513.23,492.81,No,POS Terminal,United Kingdom,16.5,63,Female,163,1,0,56-65,14,1,0,0.03978722989692733,0.039787229896927304,45,144.15
TXN000272,CUST01663,2024-03-03 22:59:42,Online Purchase,Groceries,203.88,1206.33,1002.45,No,Web Browser,UAE,17.6,71,Female,176,0,0,66+,22,1,0,0.16900848026659362,0.16900848026659374,0,130.62
TXN000273,CUST01202,2024-03-04 00:39:02,POS Purchase,Groceries,127.25,3929.07,4415.07,Yes,POS Terminal,United States,1.4,48,Female,159,0,0,46-55,0,0,1,-0.1236933930930219,0.03238679891170175,25,130.62
TXN000274,CUST00739,2024-03-04 00:57:23,ATM Withdrawal,Fashion & Apparel,98.58,3923.7,3825.12,Yes,POS Terminal,United States,0.0,36,Male,27,0,0,36-45,0,0,1,0.025124244972857236,0.025124244972857254,25,144.15
TXN000275,CUST01295,2024-03-04 10:51:29,Bank Transfer,Electronics,54.75,960.75,906.0,,POS Terminal,United States,1.3,69,Female,67,0,0,66+,10,0,0,0.05698672911787666,0.05698672911787666,0,132.66
TXN000276,CUST00014,2024-03-04 14:50:42,POS Purchase,Restaurants,43.62,14464.76,14421.14,Yes,Mobile App,United Kingdom,10.7,32,Female,105,1,0,26-35,14,0,0,0.0030156048216493604,0.003015604821649305,15,139.48
TXN000277,CUST01327,2024-03-04 17:32:53,POS Purchase,Fashion & Apparel,33.64,11653.98,11620.34,Yes,POS Terminal,United Kingdom,12.1,77,Male,146,0,0,66+,17,0,0,0.002886567507409436,0.002886567507409486,0,144.15
TXN000278,CUST00481,2024-03-04 19:57:26,POS Purchase,Restaurants,400.82,2380.29,1979.47,No,Web Browser,United Kingdom,35.7,52,Male,59,0,0,46-55,19,0,0,0.16839124644476092,0.16839124644476094,30,139.48
TXN000279,CUST00908,2024-03-04 20:26:31,Bank Transfer,Utilities,593.14,3599.37,3006.23,,ATM Machine,United Kingdom,2.1,75,Male,35,0,0,66+,20,0,0,0.16478994935224772,0.16478994935224775,0,128.47
TXN000280,CUST00397,2024-03-05 00:50:50,ATM Withdrawal,Electronics,215.95,8319.75,8103.8,Yes,Web Browser,United Kingdom,7.0,19,Male,110,0,0,18-25,0,0,1,0.025956308783316784,0.025956308783316805,25,132.66
TXN000281,CUST00715,2024-03-05 08:13:16,POS Purchase,Restaurants,128.92,5561.69,5432.77,Yes,Web Browser,United Kingdom,5.5,38,Male,171,0,0,36-45,8,0,0,0.0231800046388776,0.02318000463887775,0,139.48
TXN000282,CUST00654,2024-03-05 11:21:52,Online Purchase,Electronics,118.72,2382.42,2263.7,Yes,Mobile App,United States,2.3,45,Female,82,0,0,36-45,11,0,0,0.049831683750136524,0.04983168375013641,0,132.66
TXN000283,CUST00611,2024-03-05 17:59:49,POS Purchase,Entertainment,69.27,578.24,508.97,Yes,Mobile App,United States,18.8,36,Female,40,0,0,36-45,17,0,0,0.11979454897620362,0.11979454897620365,0,166.95
TXN000284,CUST00217,2024-03-05 19:06:25,POS Purchase,Groceries,258.27,4359.01,4100.74,No,Mobile App,Canada,34.8,69,Other,45,0,0,66+,19,0,0,0.059249692017224194,0.05924969201722409,30,130.62
TXN000285,CUST01528,2024-03-05 23:29:56,POS Purchase,Groceries,51.65,7181.14,7129.49,Yes,Mobile App,United Kingdom,1.4,68,Male,115,0,0,66+,23,0,0,0.00719245133780995,0.007192451337809874,0,130.62
TXN000286,CUST00709,2024-03-06 01:48:26,POS Purchase,Entertainment,99.65,3661.57,3561.92,Yes,Mobile App,United Kingdom,18.6,74,Male,73,0,0,66+,1,0,1,0.02721510171866169,0.027215101718661667,25,166.95
TXN000287,CUST01189,2024-03-06 02:30:51,Online Purchase,Fashion & Apparel,53.43,2585.23,2531.8,No,Mobile App,India,0.5,26,Female,178,0,0,26-35,2,0,1,0.02066740676844994,0.02066740676845,25,144.15
TXN000288,CUST01191,2024-03-06 06:06:58,Bank Transfer,Electronics,62.13,5457.84,5395.71,,Mobile App,Australia,4.5,40,Female,41,0,0,36-45,6,0,0,0.011383624290928299,0.01138362429092828,0,132.66
TXN000289,CUST00266,2024-03-06 15:58:51,Wire Transfer,Electronics,228.03,1737.4,1509.37,,POS Terminal,United Kingdom,8.6,60,Female,125,0,0,56-65,15,0,0,0.1312478416023945,0.1312478416023944,0,132.66
TXN000290,CUST00495,2024-03-06 18:07:09,Bill Payment,Fuel,224.01,1120.03,896.02,,Mobile App,Pakistan,3.0,45,Female,123,0,0,36-45,18,0,0,0.20000357133291072,0.20000357133291072,0,147.4
TXN000291,CUST00013,2024-03-07 08:57:26,Wire Transfer,Fashion & Apparel,243.48,1647.36,1403.88,,Mobile App,Pakistan,6.2,27,Female,24,0,0,26-35,8,0,0,0.14780011655011643,0.14780011655011654,0,144.15
TXN000292,CUST00856,2024-03-07 14:19:21,Online Purchase,Electronics,458.16,12376.81,11918.65,No,Mobile App,United Kingdom,14.9,62,Female,85,0,0,56-65,14,0,0,0.03701761600929479,0.037017616009294804,0,132.66
TXN000293,CUST00644,2024-03-07 16:48:27,ATM Withdrawal,Utilities,98.0,1892.25,1794.25,No,ATM Machine,United States,5.9,34,Male,48,0,0,26-35,16,0,0,0.05179019685559519,0.05179019685559519,30,128.47
TXN000294,CUST00728,2024-03-08 10:34:56,Bank Transfer,Travel,181.16,6295.4,6114.24,,Web Browser,Canada,4.4,27,Female,3,0,0,26-35,10,0,0,0.02877656701718713,0.028776567017187154,0,483.02
TXN000295,CUST01565,2024-03-10 04:55:47,POS Purchase,Groceries,95.97,9114.55,9018.58,Yes,Mobile App,United States,5.1,71,Male,114,0,0,66+,4,1,1,0.010529318507221897,0.01052931850722197,25,130.62
TXN000296,CUST01584,2024-03-10 09:36:33,Online Purchase,Fashion & Apparel,68.75,5469.77,5401.02,No,Web Browser,Pakistan,10.3,32,Male,82,0,0,26-35,9,1,0,0.01256908425765617,0.01256908425765617,0,144.15
TXN000297,CUST00917,2024-03-10 10:29:56,POS Purchase,Restaurants,98.59,9341.51,9242.92,Yes,Mobile App,United States,5.7,63,Male,110,0,0,56-65,10,1,0,0.010553968255667462,0.010553968255667446,0,139.48
TXN000298,CUST01408,2024-03-10 12:07:05,Online Purchase,Healthcare,146.47,2087.15,1940.68,No,Mobile App,United States,41.8,21,Female,117,0,0,18-25,12,1,0,0.07017703567065138,0.07017703567065137,0,103.71
TXN000299,CUST00456,2024-03-10 13:51:49,POS Purchase,Online Services,91.3,3414.12,3322.82,Yes,Mobile App,Canada,7.4,25,Male,159,0,0,18-25,13,1,0,0.02674188370648944,0.02674188370648952,0,146.23
TXN000300,CUST01184,2024-03-10 23:08:30,Online Purchase,Fashion & Apparel,40.62,6633.41,6592.79,Yes,POS Terminal,Canada,0.6,51,Female,90,0,0,46-55,23,1,0,0.006123547315784776,0.006123547315784792,0,144.15
TXN000301,CUST00062,2024-03-11 02:59:54,Bank Transfer,Online Services,627.16,12395.78,11768.62,,Mobile App,United Kingdom,14.3,26,Male,35,1,1,26-35,2,0,1,0.050594637852559486,0.05059463785255949,40,146.23
TXN000302,CUST01347,2024-03-11 14:23:34,Wire Transfer,Healthcare,18.21,1836.51,1818.3,,ATM Machine,India,17.4,48,Female,45,0,0,46-55,14,0,0,0.009915546335168356,0.009915546335168337,0,103.71
TXN000303,CUST01684,2024-03-11 19:29:30,POS Purchase,Groceries,95.45,5412.64,5317.19,Yes,Web Browser,Germany,1.9,69,Male,4,0,0,66+,19,0,0,0.017634647787401474,0.017634647787401342,0,130.62
TXN000304,CUST00642,2024-03-11 21:57:48,POS Purchase,Fuel,127.73,6832.73,6705.0,Yes,Web Browser,Pakistan,5.9,59,Male,93,0,0,56-65,21,0,0,0.01869384565173797,0.018693845651738032,0,147.4
TXN000305,CUST00291,2024-03-12 08:57:03,POS Purchase,Groceries,309.6,2404.78,2095.18,No,Web Browser,United Kingdom,3.7,72,Male,48,0,0,66+,8,0,0,0.1287435856918306,0.12874358569183045,30,130.62
TXN000306,CUST00288,2024-03-12 09:13:19,POS Purchase,Travel,26.83,3003.9,2977.07,No,Web Browser,United Kingdom,10.4,73,Female,14,0,0,66+,9,0,0,0.008931722094610316,0.008931722094610338,30,483.02
TXN000307,CUST00069,2024-03-14 06:29:04,Online Purchase,Fashion & Apparel,85.52,2830.9,2745.38,No,POS Terminal,Pakistan,4.8,51,Male,127,0,0,46-55,6,0,0,0.03020947401886325,0.030209474018863258,0,144.15
TXN000308,CUST00895,2024-03-14 07:09:53,POS Purchase,Online Services,179.21,9939.19,9759.98,No,POS Terminal,India,2.6,69,Other,77,0,0,66+,7,0,0,0.018030644348281995,0.018030644348281902,30,146.23
TXN000309,CUST01356,2024-03-14 11:38:56,Bank Transfer,Utilities,48.48,7568.89,7520.41,,ATM Machine,United Kingdom,12.8,39,Female,140,0,0,36-45,11,0,0,0.0064051664114553744,0.006405166411455312,0,128.47
TXN000310,CUST00777,2024-03-14 17:31:33,ATM Withdrawal,Jewelry & Luxury,225.64,4353.27,4127.63,No,POS Terminal,UAE,0.8,46,Male,174,0,0,46-55,17,0,0,0.051832300776198194,0.05183230077619811,30,145.81
TXN000311,CUST00239,2024-03-14 18:45:38,POS Purchase,Entertainment,74.0,4134.84,4060.84,No,Mobile App,UAE,42.1,30,Male,152,0,0,26-35,18,0,0,0.017896702169854214,0.017896702169854214,30,166.95
TXN000312,CUST00002,2024-03-15 06:19:05,Wire Transfer,Travel,326.13,760.02,433.89,,POS Terminal,Pakistan,247.2,82,Female,57,1,1,66+,6,0,0,0.4291071287597695,0.4291071287597695,35,483.02
TXN000313,CUST01382,2024-03-15 10:56:24,ATM Withdrawal,Travel,40.92,2118.89,2077.97,Yes,Web Browser,United States,4.6,73,Female,40,0,0,66+,10,0,0,0.019311998263241637,0.019311998263241606,0,483.02
TXN000314,CUST01319,2024-03-15 11:32:47,Bank Transfer,Groceries,72.99,6068.77,5995.78,,POS Terminal,Canada,51.4,20,Male,54,0,0,18-25,11,0,0,0.01202714882916978,0.012027148829169665,0,130.62
TXN000315,CUST01687,2024-03-15 14:47:58,Wire Transfer,Groceries,586.33,2608.28,2021.95,,POS Terminal,Pakistan,8.0,26,Male,120,0,0,26-35,14,0,0,0.22479565077369,0.22479565077368993,0,130.62
TXN000316,CUST00569,2024-03-15 16:03:48,Online Purchase,Online Services,35.56,2938.35,2902.79,Yes,Mobile App,Germany,10.0,38,Female,72,0,0,36-45,16,0,0,0.012102030050878877,0.012102030050878896,0,146.23
TXN000317,CUST00614,2024-03-15 22:51:09,Bank Transfer,Electronics,489.98,1324.01,834.03,,Web Browser,UAE,6.1,69,Male,111,0,0,66+,22,0,0,0.37007273358962545,0.37007273358962545,0,132.66
TXN000318,CUST00779,2024-03-16 08:46:28,Online Purchase,Groceries,22.91,3027.32,3004.41,Yes,POS Terminal,UAE,2.8,29,Male,10,0,0,26-35,8,1,0,0.007567749692797692,0.00756774969279759,0,130.62
TXN000319,CUST00909,2024-03-16 12:52:54,POS Purchase,Restaurants,129.26,2317.5,2188.24,Yes,Mobile App,United Kingdom,7.7,35,Male,13,0,0,26-35,12,1,0,0.055775620280474746,0.05577562028047465,0,139.48
TXN000320,CUST00143,2024-03-16 13:43:43,ATM Withdrawal,Groceries,67.77,7771.53,7703.76,Yes,Mobile App,Germany,14.4,31,Male,108,0,0,26-35,13,1,0,0.00872029059914837,0.00872029059914843,0,130.62
TXN000321,CUST01204,2024-03-16 16:43:25,ATM Withdrawal,Groceries,105.35,3822.73,3717.38,Yes,ATM Machine,United States,16.9,29,Female,7,0,0,26-35,16,1,0,0.027558838840305203,0.027558838840305227,0,130.62
TXN000322,CUST01586,2024-03-16 16:56:43,Bank Transfer,Fashion & Apparel,536.99,5194.42,4657.43,,Web Browser,Germany,4.5,82,Male,115,0,0,66+,16,1,0,0.10337824049653277,0.10337824049653282,0,144.15
TXN000323,CUST01511,2024-03-16 19:07:40,POS Purchase,Entertainment,207.8,3987.15,3779.35,Yes,Web Browser,Canada,8.2,67,Male,56,0,0,66+,19,1,0,0.05211742723499246,0.052117427234992415,0,166.95
TXN000324,CUST00760,2024-03-17 06:59:43,Bank Transfer,Electronics,385.39,35728.12,35342.73,,Mobile App,India,17.5,38,Male,95,0,0,36-45,6,1,0,0.010786741647755308,0.010786741647755324,0,132.66
TXN000325,CUST00014,2024-03-17 07:37:46,Online Purchase,Jewelry & Luxury,813.05,1257.85,444.8,No,POS Terminal,United States,0.1,61,Female,179,0,0,56-65,7,1,0,0.6463807290217435,0.6463807290217435,10,145.81
TXN000326,CUST00586,2024-03-17 15:49:59,POS Purchase,Travel,117.01,4173.68,4056.67,Yes,Web Browser,United Kingdom,28.2,80,Female,86,0,0,66+,15,1,0,0.028035211132621623,0.02803521113262157,0,483.02
TXN000327,CUST01117,2024-03-17 16:27:31,POS Purchase,Jewelry & Luxury,107.97,792.41,684.44,Yes,Mobile App,United States,16.1,77,Male,61,0,0,66+,16,1,0,0.13625522141315724,0.13625522141315732,0,145.81
TXN000328,CUST01077,2024-03-17 17:45:18,POS Purchase,Utilities,70.97,1790.69,1719.72,Yes,POS Terminal,Australia,13.9,53,Female,157,0,0,46-55,17,1,0,0.03963276725731423,0.03963276725731422,0,128.47
TXN000329,CUST01553,2024-03-17 19:50:06,Wire Transfer,Groceries,32.21,1343.79,1311.58,,POS Terminal,United Kingdom,23.7,56,Male,164,0,0,56-65,19,1,0,0.023969519046874912,0.023969519046874884,0,130.62
TXN000330,CUST01323,2024-03-18 11:27:45,Bill Payment,Restaurants,118.29,6331.9,6213.61,,POS Terminal,Canada,44.5,82,Female,150,0,0,66+,11,0,0,0.01868159636128176,0.018681596361281767,0,139.48
TXN000331,CUST00285,2024-03-18 20:48:38,Online Purchase,Utilities,235.24,2437.9,2202.66,No,Web Browser,India,9.2,85,Female,90,0,0,66+,20,0,0,0.09649288321916413,0.09649288321916404,0,128.47
TXN000332,CUST00545,2024-03-19 12:36:57,ATM Withdrawal,Utilities,98.09,4323.91,4225.82,No,ATM Machine,UAE,0.5,40,Male,87,0,0,36-45,12,0,0,0.0226854860531325,0.02268548605313247,30,128.47
TXN000333,CUST00002,2024-03-19 13:33:25,POS Purchase,Online Services,81.95,2884.88,2802.93,Yes,Web Browser,Germany,23.9,35,Other,158,0,0,26-35,13,0,0,0.02840672748953172,0.028406727489531627,0,146.23
TXN000334,CUST00897,2024-03-19 15:15:21,Online Purchase,Online Services,226.08,7040.56,6814.48,Yes,POS Terminal,India,5.8,24,Male,116,0,0,18-25,15,0,0,0.032111082073017036,0.03211108207301692,0,146.23
TXN000335,CUST00900,2024-03-19 15:59:01,POS Purchase,Utilities,21.74,1185.9,1164.16,Yes,Mobile App,Germany,1.8,59,Female,140,1,0,56-65,15,0,0,0.018332068471203312,0.018332068471203302,15,128.47
TXN000336,CUST00454,2024-03-19 18:36:24,POS Purchase,Travel,67.93,2057.91,1989.98,Yes,Web Browser,United Kingdom,0.2,20,Female,131,0,0,18-25,18,0,0,0.03300921809019823,0.033009218090198314,0,483.02
TXN000337,CUST01644,2024-03-20 02:48:02,Online Purchase,Restaurants,25.15,6815.77,6790.62,No,Mobile App,United States,13.1,26,Male,67,0,0,26-35,2,0,1,0.0036899719327384206,0.0036899719327383403,25,139.48
TXN000338,CUST00522,2024-03-20 10:55:13,Bank Transfer,Groceries,22.39,8386.93,8364.54,,ATM Machine,Canada,10.3,84,Male,104,0,0,66+,10,0,0,0.002669630007642775,0.0026696300076428443,0,130.62
TXN000339,CUST00444,2024-03-20 12:24:17,ATM Withdrawal,Entertainment,99.17,16695.13,16595.96,Yes,ATM Machine,United Kingdom,2.8,69,Female,25,0,0,66+,12,0,0,0.005940055573092386,0.005940055573092273,0,166.95
TXN000340,CUST01202,2024-03-20 14:25:49,POS Purchase,Fuel,292.76,3105.46,2812.7,No,POS Terminal,Canada,9.7,52,Female,81,0,0,46-55,14,0,0,0.09427266813934175,0.09427266813934167,30,147.4
TXN000341,CUST01660,2024-03-20 14:35:48,ATM Withdrawal,Utilities,65.25,7071.53,7006.28,Yes,Web Browser,UAE,20.1,18,Male,10,0,0,18-25,14,0,0,0.009227140378390532,0.009227140378390532,0,128.47
TXN000342,CUST00637,2024-03-20 19:33:37,Online Purchase,Online Services,226.18,14681.5,14455.32,Yes,Mobile App,Canada,3.9,57,Female,46,0,0,56-65,19,0,0,0.015405782787862296,0.015405782787862277,0,146.23
TXN000343,CUST00112,2024-03-20 21:15:28,Wire Transfer,Electronics,142.69,1373.56,1230.87,,Web Browser,Germany,7.1,26,Female,3,0,0,26-35,21,0,0,0.1038833396429716,0.10388333964297156,0,132.66
TXN000344,CUST01468,2024-03-21 16:03:46,Online Purchase,Fashion & Apparel,92.69,1110.97,1607.97,Yes,POS Terminal,United Kingdom,9.6,37,Female,158,0,0,36-45,16,0,0,-0.44735681431541807,0.08343159581266821,0,144.15
TXN000345,CUST00954,2024-03-21 17:11:59,Bank Transfer,Fuel,186.1,1326.24,1140.14,,Mobile App,United Kingdom,10.9,25,Male,55,0,0,18-25,17,0,0,0.14032151043551688,0.14032151043551694,0,147.4
TXN000346,CUST00153,2024-03-22 02:06:16,POS Purchase,Travel,91.54,4214.18,4122.64,Yes,POS Terminal,United Kingdom,7.4,58,Male,8,0,0,56-65,2,0,1,0.021721900820562946,0.021721900820562957,25,483.02
TXN000347,CUST01076,2024-03-22 07:20:03,Wire Transfer,Travel,56.86,9672.35,9615.49,,ATM Machine,United States,10.0,48,Male,144,0,0,46-55,7,0,0,0.005878612746643843,0.005878612746643783,0,483.02
TXN000348,CUST01436,2024-03-22 09:47:47,Bill Payment,Groceries,31.21,1578.54,1547.33,,POS Terminal,Germany,20.3,75,Female,42,0,0,66+,9,0,0,0.019771434363399114,0.019771434363399093,0,130.62
TXN000349,CUST00366,2024-03-22 12:09:02,Online Purchase,Travel,61.84,1055.33,993.49,Yes,POS Terminal,United States,5.5,46,Male,68,0,0,46-55,12,0,0,0.058597784579231066,0.05859778457923115,0,483.02
TXN000350,CUST00794,2024-03-22 13:44:42,POS Purchase,Jewelry & Luxury,48.23,1705.94,1733.94,Yes,ATM Machine,United Kingdom,0.9,66,Female,116,0,0,66+,13,0,0,-0.01641323844918344,0.028271803228718476,0,145.81
TXN000351,CUST00389,2024-03-22 13:56:00,Bank Transfer,Utilities,132.35,22829.42,22697.07,,POS Terminal,India,6.9,68,Female,100,0,0,66+,13,0,0,0.005797343953547596,0.005797343953547659,0,128.47
TXN000352,CUST00177,2024-03-22 14:48:40,POS Purchase,Healthcare,246.16,8253.96,8007.8,Yes,Mobile App,UAE,5.8,31,Female,60,0,0,26-35,14,0,0,0.029823260592491237,0.029823260592491366,0,103.71
TXN000353,CUST01657,2024-03-22 20:00:27,Online Purchase,Restaurants,51.16,12880.02,12828.86,Yes,Mobile App,UAE,8.2,42,Male,114,1,0,36-45,20,0,0,0.003972043521671539,0.0039720435216715495,15,139.48
TXN000354,CUST01653,2024-03-23 11:09:24,Bill Payment,Restaurants,119.41,3237.19,3117.78,,Mobile App,Australia,0.7,44,Female,148,0,0,36-45,11,1,0,0.03688692971373316,0.0368869297137332,0,139.48
TXN000355,CUST00680,2024-03-23 11:33:54,Online Purchase,Groceries,155.51,3892.91,3737.4,No,Web Browser,United Kingdom,10.5,53,Male,141,0,0,46-55,11,1,0,0.039946980536411006,0.03994698053641106,0,130.62
TXN000356,CUST01012,2024-03-23 11:34:43,Online Purchase,Entertainment,51.0,1758.32,1707.32,No,POS Terminal,UAE,24.2,60,Female,166,0,0,56-65,11,1,0,0.02900495927931207,0.02900495927931207,0,166.95
TXN000357,CUST00867,2024-03-25 14:18:26,Bill Payment,Entertainment,447.35,1434.68,987.33,,Web Browser,United Kingdom,9.3,42,Male,85,1,0,36-45,14,0,0,0.31181169319987734,0.31181169319987734,15,166.95
TXN000358,CUST01359,2024-03-25 14:24:52,POS Purchase,Utilities,121.47,1057.57,936.1,No,ATM Machine,Pakistan,23.0,52,Male,113,0,0,46-55,14,0,0,0.11485764535680845,0.11485764535680854,30,128.47
TXN000359,CUST00034,2024-03-25 15:28:46,Bill Payment,Online Services,311.77,5211.74,4899.97,,ATM Machine,UAE,579.0,38,Female,34,0,1,36-45,15,0,0,0.05982071246838859,0.05982071246838867,20,146.23
TXN000360,CUST01039,2024-03-25 16:21:13,POS Purchase,Online Services,152.42,1771.83,1619.41,Yes,Web Browser,United Kingdom,16.9,30,Male,7,0,0,26-35,16,0,0,0.08602405422642119,0.08602405422642127,0,146.23
TXN000361,CUST01715,2024-03-25 20:25:20,Online Purchase,Electronics,40.92,15905.23,15864.31,Yes,Mobile App,United States,9.5,41,Female,166,0,0,36-45,20,0,0,0.002572738652631875,0.00257273865263187,0,132.66
TXN000362,CUST00173,2024-03-26 08:58:39,POS Purchase,Groceries,106.44,697.94,591.5,No,Mobile App,United States,3.0,74,Female,44,0,0,66+,8,0,0,0.1525059460698628,0.15250594606986273,30,130.62
TXN000363,CUST00982,2024-03-26 10:58:32,POS Purchase,Online Services,284.85,1994.66,1709.81,No,ATM Machine,Australia,22.6,40,Male,16,0,0,36-45,10,0,0,0.1428062928017808,0.14280629280178075,30,146.23
TXN000364,CUST00025,2024-03-26 14:24:24,POS Purchase,Utilities,232.89,4523.2,4290.31,No,Mobile App,India,1.1,19,Other,122,0,0,18-25,14,0,0,0.05148788468340985,0.05148788468340997,30,128.47
TXN000365,CUST01686,2024-03-27 11:19:02,Wire Transfer,Healthcare,140.16,3270.83,3130.67,,Mobile App,UAE,12.6,67,Male,43,0,0,66+,11,0,0,0.0428515086384801,0.04285150863848014,0,103.71
TXN000366,CUST00229,2024-03-27 13:45:33,Bill Payment,Fuel,489.46,3026.46,2537.0,,Mobile App,United Kingdom,0.9,62,Male,167,0,0,56-65,13,0,0,0.16172690205718893,0.16172690205718893,0,147.4
TXN000367,CUST00328,2024-03-27 23:24:14,Online Purchase,Healthcare,236.68,42268.03,42031.35,No,Web Browser,Pakistan,16.7,46,Female,169,0,0,46-55,23,0,0,0.005599503927673002,0.005599503927672995,0,103.71
TXN000368,CUST00593,2024-03-29 11:17:17,POS Purchase,Online Services,125.97,6836.14,6710.17,No,POS Terminal,Pakistan,10.0,48,Female,163,0,0,46-55,11,0,0,0.018427065566240634,0.018427065566240595,30,146.23
TXN000369,CUST00196,2024-03-29 15:46:06,Bank Transfer,Entertainment,157.29,7023.96,6866.67,,POS Terminal,Germany,5.3,29,Female,43,0,0,26-35,15,0,0,0.022393350759400674,0.022393350759400677,0,166.95
TXN000370,CUST00421,2024-03-29 17:35:32,ATM Withdrawal,Electronics,141.59,2989.58,2847.99,No,Web Browser,United Kingdom,9.9,60,Female,136,0,0,56-65,17,0,0,0.04736116778945543,0.04736116778945538,30,132.66
TXN000371,CUST00276,2024-03-30 18:54:23,Online Purchase,Electronics,108.85,729.38,620.53,No,POS Terminal,Pakistan,37.3,29,Male,126,0,0,26-35,18,1,0,0.149236337711481,0.14923633771148098,0,132.66
TXN000372,CUST01513,2024-03-30 22:09:20,Online Purchase,Entertainment,146.88,754.35,607.47,Yes,ATM Machine,United States,72.5,84,Female,37,0,0,66+,22,1,0,0.19471067806721018,0.19471067806721018,0,166.95
TXN000373,CUST00062,2024-03-31 09:04:56,ATM Withdrawal,Groceries,42.65,3282.27,3239.62,Yes,Web Browser,United Kingdom,11.6,55,Female,95,0,0,46-55,9,1,0,0.012994055942990702,0.012994055942990674,0,130.62
TXN000374,CUST00724,2024-03-31 12:20:14,Online Purchase,Electronics,92.94,2057.29,1964.35,Yes,Web Browser,UAE,21.0,71,Female,60,0,0,66+,12,1,0,0.045175935332403334,0.04517593533240331,0,132.66
TXN000375,CUST01703,2024-03-31 14:04:12,Online Purchase,Travel,36.65,1874.73,1838.08,Yes,Mobile App,UAE,7.0,49,Female,116,0,0,46-55,14,1,0,0.01954948179204477,0.01954948179204472,0,483.02
TXN000376,CUST01569,2024-03-31 16:19:58,POS Purchase,Restaurants,208.87,1315.81,1106.94,No,POS Terminal,Pakistan,32.9,46,Female,2,0,0,46-55,16,1,0,0.15873872367591058,0.15873872367591066,30,139.48
TXN000377,CUST00094,2024-03-31 22:04:06,POS Purchase,Entertainment,54.29,2431.93,2864.93,Yes,Mobile App,Australia,2.7,26,Male,49,0,0,26-35,22,1,0,-0.17804788789151005,0.02232383333401866,0,166.95
TXN000378,CUST00219,2024-04-01 07:28:01,Online Purchase,Utilities,80.33,3034.75,2954.42,No,POS Terminal,United Kingdom,2.8,72,Female,96,0,0,66+,7,0,0,0.02647005519400278,0.0264700551940028,0,128.47
TXN000379,CUST00565,2024-04-01 08:34:54,ATM Withdrawal,Travel,167.48,4472.8,4305.32,Yes,Mobile App,United Kingdom,46.1,63,Male,137,0,0,56-65,8,0,0,0.037444106599892786,0.03744410659989268,0,483.02
TXN000380,CUST01358,2024-04-01 09:30:00,Online Purchase,Healthcare,52.55,15266.36,15213.81,No,POS Terminal,UAE,5.2,76,Female,21,0,0,66+,9,0,0,0.0034422088827985903,0.0034422088827985187,0,103.71
TXN000381,CUST01567,2024-04-01 12:28:24,Online Purchase,Groceries,79.53,1158.09,1078.56,Yes,POS Terminal,United Kingdom,14.5,25,Female,52,0,0,18-25,12,0,0,0.06867341916431363,0.06867341916431366,0,130.62
TXN000382,CUST01623,2024-04-01 13:54:01,ATM Withdrawal,Online Services,371.35,15157.25,14785.9,No,Mobile App,United States,11.5,61,Male,92,0,0,56-65,13,0,0,0.024499826815550338,0.024499826815550317,30,146.23
TXN000383,CUST01200,2024-04-01 16:37:07,POS Purchase,Groceries,196.98,66396.11,66199.13,Yes,Mobile App,United Kingdom,8.5,46,Male,136,0,0,46-55,16,0,0,0.002966740069561243,0.002966740069561304,0,130.62
TXN000384,CUST01486,2024-04-01 17:15:41,Bill Payment,Fuel,136.56,9996.41,9859.85,,Web Browser,United Kingdom,11.9,81,Female,72,0,0,66+,17,0,0,0.013660904264630952,0.013660904264631003,0,147.4
TXN000385,CUST01333,2024-04-02 10:25:17,Bill Payment,Travel,167.26,1129.23,961.97,,Web Browser,United Kingdom,49.8,59,Female,10,0,0,56-65,10,0,0,0.1481186295086032,0.1481186295086032,0,483.02
TXN000386,CUST00757,2024-04-02 10:43:59,Wire Transfer,Healthcare,16.26,1765.95,1749.69,,ATM Machine,United States,22.3,20,Male,122,1,0,18-25,10,0,0,0.00920750870636201,0.009207508706362015,15,103.71
TXN000387,CUST01479,2024-04-02 13:06:47,ATM Withdrawal,Jewelry & Luxury,118.51,14645.65,14527.14,No,Web Browser,Australia,35.0,19,Female,93,0,0,18-25,13,0,0,0.008091822486540386,0.008091822486540372,30,145.81
TXN000388,CUST00338,2024-04-02 16:10:03,POS Purchase,Electronics,10.17,1862.29,1852.12,No,POS Terminal,Canada,1.7,64,Female,151,0,0,56-65,16,0,0,0.005461018423553836,0.005461018423553797,30,132.66
TXN000389,CUST01271,2024-04-02 16:11:10,ATM Withdrawal,Groceries,27.4,2047.52,2020.12,Yes,Mobile App,United Kingdom,0.5,35,Other,89,0,0,26-35,16,0,0,0.013382042666249946,0.013382042666249901,0,130.62
TXN000390,CUST00898,2024-04-02 18:50:31,ATM Withdrawal,Home Improvement,49.87,505.65,455.78,Yes,Mobile App,United States,4.6,82,Other,11,0,0,66+,18,0,0,0.0986255314941165,0.09862553149411649,0,202.64
TXN000391,CUST00708,2024-04-03 03:21:01,ATM Withdrawal,Restaurants,46.7,2034.2,1987.5,No,POS Terminal,Germany,1.2,50,Male,166,0,0,46-55,3,0,1,0.022957427981516097,0.022957427981516076,55,139.48
TXN000392,CUST01121,2024-04-03 06:32:15,Bill Payment,Fashion & Apparel,74.42,7150.18,7075.76,,POS Terminal,Canada,15.4,58,Other,52,0,0,56-65,6,0,0,0.010408129585548905,0.010408129585548894,0,144.15
TXN000393,CUST00169,2024-04-03 09:32:11,Online Purchase,Utilities,158.23,1743.51,1585.28,No,Mobile App,United Kingdom,4.9,56,Female,168,0,0,56-65,9,0,0,0.09075370947112435,0.09075370947112434,0,128.47
TXN000394,CUST01611,2024-04-03 10:10:30,POS Purchase,Entertainment,137.87,3868.33,3922.33,Yes,Mobile App,United States,3.7,46,Male,102,0,0,46-55,10,0,0,-0.013959512244301805,0.03564070283559055,0,166.95
TXN000395,CUST00061,2024-04-03 16:58:28,Bank Transfer,Groceries,182.74,3109.98,2927.24,,POS Terminal,India,1.0,42,Male,59,0,0,36-45,16,0,0,0.05875922031652944,0.058759220316529366,0,130.62
TXN000396,CUST00290,2024-04-04 14:10:50,POS Purchase,Restaurants,612.36,18819.9,19018.9,Yes,Web Browser,Pakistan,8.1,37,Female,146,0,0,36-45,14,0,0,-0.010573913782751236,0.03253789871359571,0,139.48
TXN000397,CUST00939,2024-04-04 19:21:50,ATM Withdrawal,Travel,122.45,5649.7,5527.25,No,POS Terminal,UAE,0.6,40,Male,31,0,0,36-45,19,0,0,0.021673717188523255,0.021673717188523286,30,483.02
TXN000398,CUST00503,2024-04-05 15:15:48,POS Purchase,Home Improvement,434.9,2132.49,1697.59,No,Mobile App,Canada,13.7,36,Female,97,0,0,36-45,15,0,0,0.20393999502928498,0.20393999502928503,30,202.64
TXN000399,CUST01354,2024-04-05 16:54:02,Bank Transfer,Fuel,212.8,2686.14,2473.34,,POS Terminal,Canada,6.6,22,Female,28,0,0,18-25,16,0,0,0.07922148510502049,0.0792214851050206,0,147.4
TXN000400,CUST00462,2024-04-05 17:17:16,Online Purchase,Online Services,179.61,1972.79,1793.18,No,Mobile App,United Kingdom,10.0,63,Other,167,0,0,56-65,17,0,0,0.0910436488425022,0.09104364884250225,0,146.23
TXN000401,CUST01077,2024-04-05 19:32:31,Online Purchase,Electronics,140.56,3759.38,3618.82,No,POS Terminal,UAE,17.5,73,Male,157,0,0,66+,19,0,0,0.03738914395458824,0.037389143954588255,0,132.66
TXN000402,CUST01594,2024-04-05 20:50:26,Bank Transfer,Travel,213.78,7562.59,7348.81,,POS Terminal,Germany,1.0,32,Female,123,0,0,26-35,20,0,0,0.028268093338393294,0.02826809333839333,0,483.02
TXN000403,CUST00944,2024-04-05 21:19:40,Online Purchase,Healthcare,118.25,5763.11,5644.86,No,POS Terminal,United States,26.9,48,Female,146,0,0,46-55,21,0,0,0.020518435358686544,0.020518435358686544,0,103.71
TXN000404,CUST01672,2024-04-05 23:55:43,ATM Withdrawal,Fuel,282.27,3983.31,3701.04,No,Web Browser,United Kingdom,23.3,77,Female,176,0,0,66+,23,0,0,0.07086317660438178,0.07086317660438178,30,147.4
TXN000405,CUST01288,2024-04-06 08:17:51,Bill Payment,Fuel,82.75,4549.06,4466.31,,Mobile App,India,43.2,33,Female,35,0,0,26-35,8,1,0,0.018190571238893307,0.018190571238893307,0,147.4
TXN000406,CUST00206,2024-04-06 17:33:43,Online Purchase,Utilities,85.86,4536.17,4450.31,Yes,POS Terminal,Pakistan,18.2,48,Male,25,0,0,46-55,17,1,0,0.01892786205102535,0.018927862051025424,0,128.47
TXN000407,CUST00170,2024-04-06 21:12:09,Bank Transfer,Entertainment,98.51,9958.89,9860.38,,POS Terminal,Canada,0.9,30,Male,110,0,0,26-35,21,1,0,0.00989166463330755,0.009891664633307528,0,166.95
TXN000408,CUST00660,2024-04-07 05:31:40,POS Purchase,Travel,176.72,7706.23,7529.51,Yes,POS Terminal,Pakistan,23.3,82,Male,55,0,0,66+,5,1,1,0.022932095200895813,0.0229320952008959,25,483.02
TXN000409,CUST00550,2024-04-07 06:51:52,Online Purchase,Fashion & Apparel,33.16,5755.6,5722.44,Yes,Web Browser,Germany,28.3,44,Female,131,0,0,36-45,6,1,0,0.005761345472235868,0.005761345472235735,0,144.15
TXN000410,CUST01122,2024-04-07 11:52:01,POS Purchase,Travel,113.56,11142.28,11028.72,Yes,Web Browser,Pakistan,2.3,55,Female,11,0,0,46-55,11,1,0,0.010191809934771097,0.01019180993477098,0,483.02
TXN000411,CUST00356,2024-04-07 14:58:01,ATM Withdrawal,Entertainment,93.82,8331.24,8237.42,Yes,Web Browser,Pakistan,11.3,37,Female,56,0,0,36-45,14,1,0,0.01126122882067972,0.011261228820679755,0,166.95
TXN000412,CUST00896,2024-04-08 10:59:47,POS Purchase,Utilities,379.16,3028.82,3394.82,Yes,Web Browser,Canada,16.2,69,Male,45,0,0,66+,10,0,0,-0.12083913867446727,0.12518406508145086,0,128.47
TXN000413,CUST00900,2024-04-08 11:56:37,Online Purchase,Electronics,193.98,1634.33,1440.35,No,POS Terminal,United Kingdom,1.8,20,Male,39,0,0,18-25,11,0,0,0.11869083967130263,0.11869083967130262,0,132.66
TXN000414,CUST01102,2024-04-09 05:54:58,Bank Transfer,Healthcare,72.37,4366.31,4293.94,,Mobile App,United States,4.0,40,Female,5,0,0,36-45,5,0,1,0.01657463624891517,0.016574636248914986,25,103.71
TXN000415,CUST00514,2024-04-09 14:21:57,Bank Transfer,Restaurants,148.67,4589.57,4440.9,,POS Terminal,United Kingdom,7.9,52,Female,16,0,0,46-55,14,0,0,0.03239301285305597,0.03239301285305595,0,139.48
TXN000416,CUST00470,2024-04-09 17:12:47,Bill Payment,Groceries,48.18,3057.57,3009.39,,Web Browser,United Kingdom,5.3,62,Male,121,0,0,56-65,17,0,0,0.015757611436533026,0.015757611436532933,0,130.62
TXN000417,CUST00528,2024-04-09 22:47:26,Online Purchase,Home Improvement,81.16,731.3,650.14,Yes,Mobile App,United Kingdom,19.8,23,Female,124,0,0,18-25,22,0,0,0.11098044578148498,0.11098044578148503,0,202.64
TXN000418,CUST00045,2024-04-09 23:04:40,Online Purchase,Entertainment,41.51,4436.57,4395.06,Yes,Mobile App,India,2.6,59,Male,155,0,0,56-65,23,0,0,0.00935632707249053,0.009356327072490685,0,166.95
TXN000419,CUST00184,2024-04-10 15:31:37,POS Purchase,Online Services,122.75,8740.93,8618.18,Yes,Web Browser,Germany,30.3,47,Male,174,0,0,46-55,15,0,0,0.014043128133962862,0.014043128133962862,0,146.23
TXN000420,CUST01105,2024-04-10 15:36:16,Bill Payment,Online Services,106.12,1138.67,1032.55,,Web Browser,Canada,4.1,32,Other,47,0,0,26-35,15,0,0,0.09319644848814855,0.09319644848814845,0,146.23
TXN000421,CUST00026,2024-04-10 18:01:16,Online Purchase,Groceries,133.67,816.88,683.21,No,Web Browser,Canada,4.0,35,Male,38,0,0,26-35,18,0,0,0.16363480560180194,0.16363480560180196,0,130.62
TXN000422,CUST01361,2024-04-10 19:08:26,Online Purchase,Fuel,264.99,5878.63,5613.64,No,Mobile App,United States,30.2,46,Female,141,0,0,46-55,19,0,0,0.04507682912515327,0.04507682912515331,0,147.4
TXN000423,CUST00660,2024-04-10 19:36:49,POS Purchase,Electronics,30.91,3576.81,3545.9,No,Mobile App,Germany,24.6,24,Female,138,0,0,18-25,19,0,0,0.008641778568053616,0.008641778568053657,30,132.66
TXN000424,CUST00678,2024-04-10 20:55:12,Online Purchase,Utilities,150.52,5167.97,5017.45,Yes,Mobile App,Canada,3.6,59,Female,10,0,0,56-65,20,0,0,0.02912555606940451,0.029125556069404427,0,128.47
TXN000425,CUST00234,2024-04-11 08:46:04,ATM Withdrawal,Fuel,100.82,6447.61,6346.79,No,POS Terminal,Pakistan,2.5,53,Male,180,0,0,46-55,8,0,0,0.01563680185371009,0.015636801853710133,30,147.4
TXN000426,CUST00094,2024-04-11 12:46:14,Online Purchase,Fuel,171.62,1920.63,1749.01,Yes,Mobile App,United Kingdom,18.4,79,Female,29,0,0,66+,12,0,0,0.08935609669743788,0.08935609669743781,0,147.4
TXN000427,CUST01483,2024-04-11 14:28:42,Bank Transfer,Groceries,71.31,1614.11,1542.8,,Mobile App,United States,33.7,60,Female,158,0,0,56-65,14,0,0,0.04417914516358857,0.044179145163588604,0,130.62
TXN000428,CUST01038,2024-04-11 15:59:44,Online Purchase,Healthcare,64.33,1143.71,1079.38,Yes,Mobile App,UAE,2.8,47,Female,147,0,0,46-55,15,0,0,0.056246775843526706,0.05624677584352677,0,103.71
TXN000429,CUST01162,2024-04-11 20:50:03,POS Purchase,Groceries,177.77,17652.13,17474.36,No,Mobile App,United Kingdom,13.2,62,Female,175,0,0,56-65,20,0,0,0.010070739338538772,0.010070739338538748,30,130.62
TXN000430,CUST00001,2024-04-11 21:31:05,Online Purchase,Entertainment,61.12,3835.43,4005.43,No,POS Terminal,Canada,2.2,75,Female,89,0,0,66+,21,0,0,-0.04432358301416008,0.015935631728385084,0,166.95
TXN000431,CUST01620,2024-04-12 01:25:29,Online Purchase,Entertainment,153.54,8762.1,8608.56,Yes,POS Terminal,United States,28.0,80,Female,35,0,0,66+,1,0,1,0.017523196493991266,0.017523196493991165,25,166.95
TXN000432,CUST00011,2024-04-12 15:09:54,POS Purchase,Jewelry & Luxury,216.88,1548.08,1331.2,No,Web Browser,Germany,55.4,61,Female,73,0,1,56-65,15,0,0,0.14009611906361422,0.1400961190636143,30,145.81
TXN000433,CUST00206,2024-04-12 19:06:43,ATM Withdrawal,Fuel,115.03,15110.99,14995.96,Yes,Mobile App,Pakistan,25.8,37,Male,52,0,0,36-45,19,0,0,0.007612340422434312,0.0076123404224342685,0,147.4
TXN000434,CUST01051,2024-04-12 19:09:27,POS Purchase,Restaurants,105.13,2709.5,2604.37,No,Mobile App,Pakistan,21.1,41,Female,102,1,0,36-45,19,0,0,0.038800516700498285,0.03880051670049824,45,139.48
TXN000435,CUST00172,2024-04-12 20:12:31,POS Purchase,Online Services,81.53,3269.22,3187.69,No,Web Browser,Canada,7.6,20,Male,67,0,0,18-25,20,0,0,0.024938670386208256,0.024938670386208332,30,146.23
TXN000436,CUST00181,2024-04-13 08:40:09,Online Purchase,Groceries,581.71,8890.72,8309.01,Yes,Mobile App,United States,11.4,70,Male,102,0,0,66+,8,1,0,0.06542889664729057,0.06542889664729067,0,130.62
TXN000437,CUST00912,2024-04-13 10:04:52,POS Purchase,Groceries,69.7,1624.04,1801.04,Yes,ATM Machine,Germany,6.8,83,Male,19,0,0,66+,10,1,0,-0.10898746336297135,0.04291766212654861,0,130.62
TXN000438,CUST01097,2024-04-13 14:24:38,Online Purchase,Fuel,50.14,7020.83,7346.83,Yes,Mobile App,Pakistan,1.2,31,Male,143,0,0,26-35,14,1,0,-0.046433256466828,0.0071416057645606,0,147.4
TXN000439,CUST01153,2024-04-13 19:52:34,POS Purchase,Fuel,125.78,1725.27,1599.49,Yes,POS Terminal,Canada,1.4,23,Male,44,0,0,18-25,19,1,0,0.07290453088502089,0.0729045308850209,0,147.4
TXN000440,CUST00461,2024-04-14 14:53:03,Wire Transfer,Fuel,62.08,2170.25,2108.17,,Web Browser,Pakistan,9.1,28,Female,75,0,0,26-35,14,1,0,0.028604999424029456,0.028604999424029488,0,147.4
TXN000441,CUST00829,2024-04-14 15:46:52,Online Purchase,Restaurants,218.09,4681.45,4463.36,Yes,ATM Machine,United Kingdom,20.5,84,Female,115,0,0,66+,15,1,0,0.0465859936558118,0.04658599365581177,0,139.48
TXN000442,CUST00807,2024-04-14 15:48:01,Bank Transfer,Groceries,362.79,19960.68,19597.89,,Mobile App,Australia,38.0,71,Female,70,0,0,66+,15,1,0,0.01817523250710902,0.018175232507108976,0,130.62
TXN000443,CUST01503,2024-04-14 20:23:10,POS Purchase,Jewelry & Luxury,114.22,24944.61,24830.39,No,ATM Machine,United Kingdom,9.1,62,Female,84,0,0,56-65,20,1,0,0.004578945110787507,0.004578945110787461,30,145.81
TXN000444,CUST01345,2024-04-14 22:27:30,Bill Payment,Home Improvement,105.5,35585.44,35479.94,,POS Terminal,United States,18.3,39,Female,42,0,0,36-45,22,1,0,0.0029646956732866025,0.0029646956732866025,0,202.64
TXN000445,CUST01529,2024-04-15 05:36:17,POS Purchase,Home Improvement,147.02,1899.98,2111.98,Yes,Mobile App,United States,7.8,49,Male,61,0,0,46-55,5,0,1,-0.11158012189601996,0.07737976189223045,25,202.64
TXN000446,CUST01017,2024-04-15 09:11:04,Bill Payment,Groceries,16.75,1344.99,1328.24,,Web Browser,United States,19.6,26,Male,133,0,0,26-35,9,0,0,0.012453624190514427,0.012453624190514427,0,130.62
TXN000447,CUST00911,2024-04-15 09:16:27,Wire Transfer,Groceries,157.89,11152.27,10994.38,,Mobile App,Canada,4.9,37,Male,74,0,0,36-45,9,0,0,0.014157655795636334,0.014157655795636223,0,130.62
TXN000448,CUST00478,2024-04-15 14:29:46,Bill Payment,Groceries,26.74,9713.47,9686.73,,POS Terminal,UAE,1.6,57,Male,49,0,0,56-65,14,0,0,0.0027528782196269493,0.002752878219626972,0,130.62
TXN000449,CUST00894,2024-04-16 10:09:09,Online Purchase,Online Services,306.67,2018.03,2056.03,No,POS Terminal,UAE,1.0,76,Female,154,0,0,66+,10,0,0,-0.01883024533827556,0.15196503520760346,0,146.23
TXN000450,CUST00665,2024-04-16 14:23:42,Bill Payment,Groceries,30.77,1519.51,1488.74,,ATM Machine,Pakistan,27.3,84,Female,143,0,0,66+,14,0,0,0.020249948996716036,0.020249948996716047,0,130.62
TXN000451,CUST00819,2024-04-16 17:52:52,POS Purchase,Electronics,44.94,2655.47,2610.53,Yes,Mobile App,United Kingdom,0.1,82,Male,17,0,0,66+,17,0,0,0.01692355778826332,0.01692355778826347,0,132.66
TXN000452,CUST00792,2024-04-16 20:10:43,Bank Transfer,Electronics,160.02,2282.65,2122.63,,Web Browser,United States,15.0,50,Male,160,0,0,46-55,20,0,0,0.07010273147438284,0.07010273147438284,0,132.66
TXN000453,CUST01120,2024-04-16 20:14:47,Bank Transfer,Travel,191.31,338.71,147.4,,Mobile App,United Kingdom,9.2,25,Female,74,0,0,18-25,20,0,0,0.5648194620767027,0.5648194620767029,10,483.02
TXN000454,CUST00114,2024-04-17 06:48:28,POS Purchase,Electronics,12.09,13711.19,13699.1,Yes,ATM Machine,United Kingdom,10.3,54,Male,18,0,0,46-55,6,0,0,0.000881761539297475,0.0008817615392974643,0,132.66
TXN000455,CUST01690,2024-04-17 08:56:41,Bill Payment,Online Services,94.06,1130.22,1036.16,,Mobile App,United Kingdom,1.2,25,Male,108,0,0,18-25,8,0,0,0.08322273539664839,0.08322273539664844,0,146.23
TXN000456,CUST01728,2024-04-17 10:31:46,ATM Withdrawal,Utilities,202.75,11776.18,11573.43,Yes,Web Browser,Pakistan,12.1,47,Male,133,0,0,46-55,10,0,0,0.017216958300569456,0.017216958300569456,0,128.47
TXN000457,CUST00618,2024-04-17 12:22:02,Online Purchase,Groceries,29.74,7466.49,7436.75,No,POS Terminal,Canada,8.1,38,Female,57,0,0,36-45,12,0,0,0.003983129957985584,0.003983129957985613,0,130.62
TXN000458,CUST01378,2024-04-17 16:22:36,Bank Transfer,Groceries,126.02,2548.63,2422.61,,Mobile App,Germany,0.5,40,Male,125,0,0,36-45,16,0,0,0.04944617304198726,0.04944617304198726,0,130.62
TXN000459,CUST00412,2024-04-18 12:19:10,POS Purchase,Electronics,16.44,5351.59,5335.15,No,Web Browser,UAE,5.2,70,Female,67,0,0,66+,12,0,0,0.0030719842140374187,0.0030719842140373237,30,132.66
TXN000460,CUST00749,2024-04-18 12:52:57,POS Purchase,Groceries,54.29,5151.8,5097.51,No,Web Browser,Pakistan,15.7,56,Male,133,0,0,56-65,12,0,0,0.010538064365852704,0.01053806436585271,30,130.62
TXN000461,CUST01303,2024-04-18 13:42:35,Online Purchase,Groceries,140.8,1233.23,1092.43,Yes,POS Terminal,United Kingdom,5.6,80,Male,30,0,0,66+,13,0,0,0.11417172790152684,0.1141717279015269,0,130.62
TXN000462,CUST00232,2024-04-19 07:54:33,POS Purchase,Utilities,91.1,3816.26,3725.16,Yes,Mobile App,United States,8.8,82,Male,131,0,0,66+,7,0,0,0.02387153915089652,0.023871539150896424,0,128.47
TXN000463,CUST01123,2024-04-19 08:22:50,POS Purchase,Groceries,71.23,15431.96,15360.73,Yes,POS Terminal,United States,1.0,82,Female,88,0,0,66+,8,0,0,0.004615745504783551,0.00461574550478358,0,130.62
TXN000464,CUST01647,2024-04-19 12:51:11,Online Purchase,Fuel,67.44,3790.34,3722.9,Yes,Mobile App,Pakistan,15.6,24,Female,31,0,0,18-25,12,0,0,0.01779259908082126,0.017792599080821245,0,147.4
TXN000465,CUST00431,2024-04-19 17:14:53,Online Purchase,Electronics,98.73,2469.86,2371.13,No,Mobile App,United Kingdom,0.5,29,Female,124,0,0,26-35,17,0,0,0.039973925647607565,0.03997392564760756,0,132.66
TXN000466,CUST00864,2024-04-19 19:47:09,POS Purchase,Groceries,177.03,5316.92,5611.92,No,Mobile App,India,11.1,57,Male,2,0,0,56-65,19,0,0,-0.05548324970095469,0.03329559218494918,30,130.62
TXN000467,CUST00726,2024-04-20 13:47:53,POS Purchase,Healthcare,102.21,3847.64,3745.43,No,Mobile App,United Kingdom,12.2,50,Male,147,0,0,46-55,13,1,0,0.026564335540747067,0.026564335540747056,30,103.71
TXN000468,CUST00895,2024-04-21 08:27:07,POS Purchase,Fuel,113.49,5306.82,5193.33,No,Mobile App,Pakistan,5.4,63,Male,21,0,0,56-65,8,1,0,0.021385688604474956,0.021385688604474998,30,147.4
TXN000469,CUST00940,2024-04-21 09:03:37,Wire Transfer,Entertainment,622.61,3102.83,2480.22,,ATM Machine,Germany,0.4,66,Female,6,0,0,66+,9,1,0,0.20065875346055057,0.20065875346055054,0,166.95
TXN000470,CUST01137,2024-04-21 11:46:30,Online Purchase,Online Services,210.77,2427.44,2216.67,No,Mobile App,United Kingdom,0.8,36,Female,135,0,0,36-45,11,1,0,0.08682809873776488,0.0868280987377649,0,146.23
TXN000471,CUST00837,2024-04-21 17:10:35,POS Purchase,Electronics,559.81,14373.05,13813.24,Yes,Mobile App,United Kingdom,28.4,20,Male,80,0,0,18-25,17,1,0,0.03894858780843311,0.03894858780843314,0,132.66
TXN000472,CUST00653,2024-04-21 19:29:15,Online Purchase,Fashion & Apparel,176.81,10182.97,10006.16,No,Web Browser,Canada,27.5,24,Male,60,0,0,18-25,19,1,0,0.01736330363341928,0.017363303633419327,0,144.15
TXN000473,CUST00497,2024-04-22 10:29:49,Online Purchase,Fuel,170.19,4316.91,4146.72,Yes,ATM Machine,Canada,18.9,20,Female,19,0,0,18-25,10,0,0,0.039424032467667756,0.03942403246766785,0,147.4
TXN000474,CUST01002,2024-04-22 10:59:40,ATM Withdrawal,Restaurants,231.03,2205.07,1974.04,No,Mobile App,United States,21.0,67,Female,106,0,0,66+,10,0,0,0.10477218410299909,0.10477218410299899,30,139.48
TXN000475,CUST01282,2024-04-22 14:16:24,Wire Transfer,Jewelry & Luxury,142.18,2602.09,2459.91,,Mobile App,United Kingdom,22.8,71,Male,128,0,0,66+,14,0,0,0.05464069267396603,0.05464069267396593,0,145.81
TXN000476,CUST01411,2024-04-22 15:31:45,POS Purchase,Travel,118.73,4259.09,4140.36,Yes,Web Browser,United Kingdom,17.8,39,Male,33,0,0,36-45,15,0,0,0.027876846932091238,0.027876846932091127,0,483.02
TXN000477,CUST00160,2024-04-22 20:05:14,Bank Transfer,Groceries,50.21,5127.62,5077.41,,Mobile App,United States,2.0,83,Female,53,0,0,66+,20,0,0,0.009792067274876071,0.009792067274876064,0,130.62
TXN000478,CUST00826,2024-04-23 13:55:48,Bill Payment,Utilities,75.84,3413.68,3337.84,,ATM Machine,UAE,16.5,74,Male,96,0,0,66+,13,0,0,0.022216493637364866,0.022216493637364956,0,128.47
TXN000479,CUST01067,2024-04-23 16:04:19,ATM Withdrawal,Fuel,41.8,17952.21,17910.41,No,POS Terminal,United Kingdom,6.2,41,Female,33,0,0,36-45,16,0,0,0.002328404135201141,0.0023284041352011815,30,147.4
TXN000480,CUST00073,2024-04-23 20:12:56,ATM Withdrawal,Entertainment,77.56,11513.17,11435.61,Yes,Web Browser,United States,0.2,27,Male,68,0,0,26-35,20,0,0,0.006736632916911632,0.006736632916911676,0,166.95
TXN000481,CUST00018,2024-04-24 01:30:32,Wire Transfer,Entertainment,282.05,3359.11,3077.06,,ATM Machine,Pakistan,118.9,63,Female,107,0,1,56-65,1,0,1,0.08396569329375941,0.08396569329375936,45,166.95
TXN000482,CUST01034,2024-04-24 12:35:55,Bill Payment,Fashion & Apparel,207.98,2140.67,1932.69,,Mobile App,United States,4.9,42,Female,65,0,0,36-45,12,0,0,0.09715649773201848,0.09715649773201847,0,144.15
TXN000483,CUST00575,2024-04-24 16:30:37,POS Purchase,Travel,14.14,16135.08,16120.94,Yes,Web Browser,United States,16.2,27,Female,156,0,0,26-35,16,0,0,0.0008763514032777909,0.000876351403277827,0,483.02
TXN000484,CUST00546,2024-04-25 08:36:49,Online Purchase,Home Improvement,22.18,1451.12,1428.94,No,Mobile App,Pakistan,9.95,20,Male,145,0,0,18-25,8,0,0,0.01528474557583097,0.015284745575831083,0,202.64
TXN000485,CUST00600,2024-04-25 13:43:43,Bank Transfer,Groceries,295.63,2177.9,1882.27,,Mobile App,United States,6.8,76,Female,159,0,0,66+,13,0,0,0.13574085127875482,0.13574085127875476,0,130.62
TXN000486,CUST01307,2024-04-25 14:30:43,Online Purchase,Restaurants,65.61,3405.17,3515.17,Yes,Mobile App,UAE,0.1,56,Female,102,0,0,56-65,14,0,0,-0.03230382036726507,0.019267760493602376,0,139.48
TXN000487,CUST00997,2024-04-25 15:24:05,POS Purchase,Healthcare,190.62,16266.01,16075.39,No,ATM Machine,UAE,1.7,83,Female,53,0,0,66+,15,0,0,0.011718915702129828,0.01171891570212978,30,103.71
TXN000488,CUST00489,2024-04-25 15:38:51,ATM Withdrawal,Groceries,370.04,5606.59,5236.55,No,Web Browser,Pakistan,16.2,27,Male,50,0,0,26-35,15,0,0,0.06600090250936844,0.06600090250936844,30,130.62
TXN000489,CUST00040,2024-04-26 01:47:23,Online Purchase,Jewelry & Luxury,1447.54,10588.69,9141.15,No,ATM Machine,United States,81.1,20,Female,44,1,1,18-25,1,0,1,0.1367062403375678,0.1367062403375677,40,145.81
TXN000490,CUST01497,2024-04-26 08:32:50,ATM Withdrawal,Fuel,50.67,11900.41,11849.74,Yes,Mobile App,United Kingdom,25.8,68,Female,70,0,0,66+,8,0,0,0.004257836494709012,0.004257836494709006,0,147.4
TXN000491,CUST00890,2024-04-26 11:14:07,Online Purchase,Entertainment,74.41,1275.13,1200.72,Yes,Mobile App,United States,7.5,79,Female,25,0,0,66+,11,0,0,0.058354834409040705,0.058354834409040636,0,166.95
TXN000492,CUST00569,2024-04-26 14:06:26,POS Purchase,Utilities,118.1,2806.85,2688.75,Yes,Web Browser,Canada,6.9,64,Female,92,0,0,56-65,14,0,0,0.04207563638954697,0.042075636389547,0,128.47
TXN000493,CUST00690,2024-04-26 17:51:55,ATM Withdrawal,Fashion & Apparel,178.65,2363.44,2184.79,No,Mobile App,United Kingdom,8.2,82,Female,154,0,0,66+,17,0,0,0.07558897200690523,0.07558897200690519,30,144.15
TXN000494,CUST00722,2024-04-27 09:44:07,POS Purchase,Electronics,370.86,12350.76,11979.9,No,POS Terminal,Germany,45.2,31,Female,129,0,0,26-35,9,1,0,0.030027301963603904,0.03002730196360386,30,132.66
TXN000495,CUST01473,2024-04-27 23:12:42,POS Purchase,Entertainment,84.89,4975.27,5040.27,Yes,Web Browser,UAE,8.1,75,Female,55,0,0,66+,23,1,0,-0.013064617598642886,0.01706239058382761,0,166.95
TXN000496,CUST00099,2024-04-28 07:19:54,POS Purchase,Healthcare,129.09,20042.16,19913.07,No,Mobile App,Australia,1.6,30,Male,141,1,0,26-35,7,1,0,0.006440922535295604,0.006440922535295597,45,103.71
TXN000497,CUST01255,2024-04-28 10:02:05,ATM Withdrawal,Entertainment,478.74,20558.94,20080.2,Yes,Mobile App,United Kingdom,5.0,56,Male,63,0,0,56-65,10,1,0,0.023286220009397274,0.023286220009397375,0,166.95
TXN000498,CUST00171,2024-04-29 08:46:21,Online Purchase,Online Services,52.78,6385.2,6332.42,Yes,Mobile App,UAE,8.7,82,Male,60,0,0,66+,8,0,0,0.008265990102111093,0.008265990102111133,0,146.23
TXN000499,CUST00910,2024-04-29 08:46:41,Wire Transfer,Utilities,138.38,24199.52,24061.14,,Web Browser,Germany,20.3,19,Other,35,0,0,18-25,8,0,0,0.005718295238913871,0.00571829523891383,0,128.47
TXN000500,CUST00914,2024-04-29 19:10:11,Online Purchase,Restaurants,156.11,8075.95,7919.84,No,Web Browser,Pakistan,6.7,62,Female,12,0,0,56-65,19,0,0,0.01933023359480924,0.01933023359480928,0,139.48
TXN000501,CUST01131,2024-04-29 19:35:00,POS Purchase,Electronics,244.93,2927.55,2682.62,No,Web Browser,Canada,4.3,37,Female,136,0,0,36-45,19,0,0,0.08366381445235786,0.08366381445235777,30,132.66
TXN000502,CUST00034,2024-04-30 00:41:43,Bill Payment,Utilities,33.13,3806.48,3773.35,,POS Terminal,United Kingdom,5.1,18,Other,76,0,0,18-25,0,0,1,0.008703579159748669,0.00870357915974864,25,128.47
TXN000503,CUST01323,2024-04-30 07:28:15,POS Purchase,Fashion & Apparel,154.68,5931.91,5777.23,No,ATM Machine,Canada,0.3,58,Female,153,0,0,56-65,7,0,0,0.026075918211840757,0.026075918211840708,30,144.15
TXN000504,CUST00005,2024-04-30 08:07:18,POS Purchase,Electronics,172.44,1151.6,979.16,Yes,Mobile App,Canada,9.5,54,Female,86,0,0,46-55,8,0,0,0.149739492879472,0.14973949287947205,0,132.66
TXN000505,CUST01502,2024-04-30 08:30:22,ATM Withdrawal,Fashion & Apparel,61.41,1502.57,1441.16,No,Web Browser,United States,59.1,46,Female,159,0,0,46-55,8,0,0,0.040869976107602214,0.040869976107602304,30,144.15
TXN000506,CUST00886,2024-04-30 14:25:00,POS Purchase,Entertainment,70.09,2491.4,2421.31,Yes,Mobile App,United Kingdom,2.4,31,Male,143,0,0,26-35,14,0,0,0.02813277675202703,0.028132776752026974,0,166.95
TXN000507,CUST00177,2024-04-30 15:36:53,Bill Payment,Fuel,474.6,3063.83,2589.23,,Web Browser,United States,0.1,67,Female,122,0,0,66+,15,0,0,0.1549041559094336,0.15490415590943363,0,147.4
TXN000508,CUST00014,2024-04-30 19:20:13,Online Purchase,Fashion & Apparel,84.56,4872.02,4787.46,Yes,ATM Machine,United Kingdom,12.5,39,Male,18,0,0,36-45,19,0,0,0.01735625059010439,0.01735625059010431,0,144.15
TXN000509,CUST00593,2024-04-30 20:02:19,POS Purchase,Utilities,138.02,1335.8,1197.78,Yes,Mobile App,Pakistan,4.6,73,Male,47,0,0,66+,20,0,0,0.10332385087587961,0.10332385087587963,0,128.47
TXN000510,CUST01498,2024-04-30 20:36:01,ATM Withdrawal,Electronics,104.57,2017.85,1913.28,No,Mobile App,United States,7.1,53,Male,6,0,0,46-55,20,0,0,0.05182248432737812,0.05182248432737815,30,132.66
TXN000511,CUST00813,2024-04-30 23:10:47,POS Purchase,Home Improvement,47.66,3053.44,3005.78,No,POS Terminal,United Kingdom,6.8,39,Female,103,0,0,36-45,23,0,0,0.01560862502619991,0.015608625026199956,30,202.64
TXN000512,CUST00064,2024-05-01 06:06:43,POS Purchase,Groceries,100.21,2123.05,2236.05,Yes,Web Browser,Germany,9.3,62,Other,128,0,0,56-65,6,0,0,-0.053225312639834196,0.047200960881750305,0,130.62
TXN000513,CUST00900,2024-05-01 15:46:28,Wire Transfer,Online Services,146.48,3372.53,3226.05,,Mobile App,United Kingdom,4.2,43,Female,48,0,0,36-45,15,0,0,0.04343326819924508,0.04343326819924507,0,146.23
TXN000514,CUST00108,2024-05-01 17:30:41,ATM Withdrawal,Entertainment,132.11,3155.07,3022.96,No,Mobile App,Canada,0.8,33,Male,156,0,0,26-35,17,0,0,0.04187228809503438,0.04187228809503434,30,166.95
TXN000515,CUST00674,2024-05-01 17:40:43,ATM Withdrawal,Entertainment,369.16,7304.07,6934.91,No,Web Browser,Canada,2.0,74,Male,108,0,0,66+,17,0,0,0.050541684293825204,0.05054168429382523,30,166.95
TXN000516,CUST01492,2024-05-01 17:41:48,Online Purchase,Online Services,1239.44,21231.13,19991.69,No,Web Browser,Germany,5.4,52,Female,179,1,0,46-55,17,0,0,0.058378428279606515,0.05837842827960641,15,146.23
TXN000517,CUST00363,2024-05-01 18:50:52,POS Purchase,Groceries,164.16,5406.56,5758.56,Yes,POS Terminal,Pakistan,2.6,22,Male,26,0,0,18-25,18,0,0,-0.0651060933384629,0.03036311443875588,0,130.62
TXN000518,CUST01706,2024-05-03 08:48:08,Online Purchase,Groceries,54.66,10044.46,9989.8,No,Mobile App,United Kingdom,1.5,75,Female,28,0,0,66+,8,0,0,0.005441805731716773,0.005441805731716787,0,130.62
TXN000519,CUST00417,2024-05-03 12:01:05,Online Purchase,Entertainment,321.94,9988.19,9666.25,Yes,POS Terminal,Pakistan,3.0,53,Other,170,1,0,46-55,12,0,0,0.03223206607002875,0.0322320660700287,15,166.95
TXN000520,CUST01279,2024-05-03 16:52:48,ATM Withdrawal,Fashion & Apparel,132.96,7816.48,7683.52,No,Web Browser,United States,0.7,35,Female,148,0,0,26-35,16,0,0,0.017010214316418533,0.017010214316418644,30,144.15
TXN000521,CUST00637,2024-05-03 17:29:17,POS Purchase,Entertainment,160.17,1612.95,1452.78,No,Web Browser,United Kingdom,5.0,28,Male,2,0,0,26-35,17,0,0,0.09930252022691347,0.09930252022691341,30,166.95
TXN000522,CUST00405,2024-05-04 09:31:13,Bill Payment,Restaurants,219.15,5836.41,5617.26,,POS Terminal,United Kingdom,4.2,35,Female,34,0,0,26-35,9,1,0,0.03754876713596194,0.03754876713596201,0,139.48
TXN000523,CUST00693,2024-05-04 13:01:33,POS Purchase,Fuel,197.84,894.55,696.71,Yes,POS Terminal,United States,12.1,20,Male,3,0,0,18-25,13,1,0,0.22116147783801904,0.22116147783801912,0,147.4
TXN000524,CUST00582,2024-05-05 07:01:34,POS Purchase,Healthcare,363.88,5058.98,4695.1,No,Web Browser,United Kingdom,4.7,61,Female,119,0,0,56-65,7,1,0,0.07192754270623708,0.07192754270623723,30,103.71
TXN000525,CUST00033,2024-05-05 12:07:03,Online Purchase,Healthcare,226.87,2273.35,2046.48,No,Mobile App,United States,33.1,58,Male,49,0,0,56-65,12,1,0,0.09979545604504361,0.09979545604504367,0,103.71
TXN000526,CUST00354,2024-05-05 12:07:55,ATM Withdrawal,Fuel,19.93,818.02,798.09,Yes,Mobile App,Germany,10.2,35,Female,118,0,0,26-35,12,1,0,0.024363707488814394,0.024363707488814456,0,147.4
TXN000527,CUST01583,2024-05-05 17:47:54,Online Purchase,Travel,168.41,2130.96,1962.55,Yes,Mobile App,Pakistan,9.3,72,Male,122,0,0,66+,17,1,0,0.07903010849570151,0.07903010849570147,0,483.02
TXN000528,CUST00349,2024-05-05 19:35:11,ATM Withdrawal,Entertainment,108.12,7664.61,7556.49,Yes,Web Browser,United Kingdom,14.0,85,Male,15,0,0,66+,19,1,0,0.014106392888874959,0.014106392888874972,0,166.95
TXN000529,CUST01344,2024-05-05 20:07:13,POS Purchase,Fuel,174.02,1098.91,924.89,Yes,Mobile App,Canada,5.7,51,Female,2,0,0,46-55,20,1,0,0.15835691730896986,0.1583569173089698,0,147.4
TXN000530,CUST00019,2024-05-05 20:46:59,Online Purchase,Electronics,1548.41,2322.81,774.4,No,Web Browser,United Kingdom,334.3,73,Male,5,0,1,66+,20,1,0,0.6666106999711556,0.6666106999711556,30,132.66
TXN000531,CUST00164,2024-05-06 10:09:46,ATM Withdrawal,Groceries,206.89,5402.6,5195.71,Yes,Web Browser,Canada,1.0,67,Male,73,0,0,66+,10,0,0,0.03829452485840157,0.038294524858401506,0,130.62
TXN000532,CUST00565,2024-05-06 11:37:16,POS Purchase,Utilities,526.76,1792.72,2271.72,Yes,POS Terminal,United States,0.6,29,Male,168,0,0,26-35,11,0,0,-0.2671917533134007,0.2938328350216431,0,128.47
TXN000533,CUST00048,2024-05-06 11:46:37,POS Purchase,Restaurants,112.88,4243.1,4130.22,Yes,ATM Machine,United Kingdom,4.1,54,Male,105,0,0,46-55,11,0,0,0.026603191063137823,0.026603191063137795,0,139.48
TXN000534,CUST01501,2024-05-06 13:54:16,POS Purchase,Online Services,137.39,3757.23,3619.84,No,Mobile App,Germany,10.2,31,Male,110,0,0,26-35,13,0,0,0.03656683248031126,0.03656683248031129,30,146.23
TXN000535,CUST00389,2024-05-07 09:00:15,Online Purchase,Electronics,146.31,4327.5,4181.19,Yes,Web Browser,Australia,7.8,43,Male,35,0,0,36-45,9,0,0,0.03380935875216647,0.033809358752166375,0,132.66
TXN000536,CUST00295,2024-05-07 23:51:21,Online Purchase,Healthcare,346.6,1159.55,812.95,No,Web Browser,Australia,29.3,74,Female,82,0,0,66+,23,0,0,0.2989090595489629,0.298909059548963,0,103.71
TXN000537,CUST01341,2024-05-08 09:24:16,POS Purchase,Travel,120.64,1174.81,1054.17,Yes,Web Browser,India,7.7,70,Male,158,0,0,66+,9,0,0,0.10268894544649763,0.10268894544649773,0,483.02
TXN000538,CUST00727,2024-05-08 12:56:34,Bank Transfer,Entertainment,144.54,1699.95,1555.41,,POS Terminal,India,5.7,28,Female,99,0,0,26-35,12,0,0,0.08502603017735813,0.08502603017735814,0,166.95
TXN000539,CUST00365,2024-05-08 15:48:38,Bank Transfer,Groceries,77.05,5375.92,5298.87,,Mobile App,United Kingdom,1.5,28,Male,58,0,0,26-35,15,0,0,0.014332430542121195,0.014332430542121162,0,130.62
TXN000540,CUST00298,2024-05-08 18:28:10,POS Purchase,Fuel,169.12,2592.87,2423.75,Yes,Web Browser,Canada,1.9,81,Female,86,0,0,66+,18,0,0,0.06522502092276122,0.06522502092276126,0,147.4
TXN000541,CUST00944,2024-05-08 19:26:06,POS Purchase,Online Services,35.34,7407.32,7371.98,Yes,Web Browser,United States,10.6,63,Female,50,0,0,56-65,19,0,0,0.004770956297284328,0.004770956297284309,0,146.23
TXN000542,CUST00627,2024-05-08 20:41:59,POS Purchase,Utilities,46.76,1231.76,1185.0,Yes,Mobile App,Pakistan,1.2,79,Male,22,0,0,66+,20,0,0,0.03796194063778657,0.03796194063778658,0,128.47
TXN000543,CUST00569,2024-05-09 06:50:49,Online Purchase,Fashion & Apparel,143.42,1915.02,1771.6,Yes,Mobile App,UAE,4.1,70,Female,16,0,0,66+,6,0,0,0.07489216822800811,0.07489216822800805,0,144.15
TXN000544,CUST01466,2024-05-09 09:34:15,POS Purchase,Restaurants,1236.62,3287.92,2051.3,Yes,Web Browser,United Kingdom,2.4,66,Male,6,0,0,66+,9,0,0,0.3761101243339254,0.3761101243339254,0,139.48
TXN000545,CUST00741,2024-05-09 19:01:25,Bill Payment,Groceries,48.39,7688.37,7639.98,,Mobile App,Pakistan,10.0,18,Female,43,0,0,18-25,19,0,0,0.00629392185859946,0.006293921858599417,0,130.62
TXN000546,CUST01613,2024-05-09 20:48:50,POS Purchase,Entertainment,91.93,1195.58,1103.65,Yes,POS Terminal,United States,6.8,74,Female,72,0,0,66+,20,0,0,0.07689155054450546,0.07689155054450561,0,166.95
TXN000547,CUST00029,2024-05-10 01:26:49,ATM Withdrawal,Electronics,159.01,3523.43,3364.42,No,Mobile App,Canada,80.9,20,Female,72,3,1,18-25,1,0,1,0.04512932000919552,0.04512932000919558,100,132.66
TXN000548,CUST01018,2024-05-10 15:49:48,ATM Withdrawal,Healthcare,745.85,634.26,-111.59,Yes,Mobile App,UAE,26.9,79,Male,36,0,0,66+,15,0,0,1.0,1.1759373127739414,10,103.71
TXN000549,CUST00366,2024-05-11 12:02:32,Online Purchase,Groceries,141.65,19133.89,18992.24,No,Web Browser,Australia,6.9,74,Male,31,0,0,66+,12,1,0,0.0074030947183242836,0.007403094718324398,0,130.62
TXN000550,CUST00627,2024-05-11 17:00:03,Wire Transfer,Entertainment,71.68,4862.64,4790.96,,POS Terminal,India,23.1,63,Male,116,0,0,56-65,17,1,0,0.014740963756313502,0.014740963756313443,0,166.95
TXN000551,CUST00210,2024-05-11 19:36:10,ATM Withdrawal,Restaurants,65.02,2700.3,2635.28,Yes,Mobile App,United States,12.3,78,Male,149,0,0,66+,19,1,0,0.024078806058586075,0.02407880605858608,0,139.48
TXN000552,CUST01011,2024-05-12 10:38:06,Bill Payment,Electronics,41.66,3355.05,3313.39,,POS Terminal,Germany,6.4,23,Male,88,0,0,18-25,10,1,0,0.012417102576712809,0.012417102576712715,0,132.66
TXN000553,CUST00994,2024-05-12 14:05:33,Wire Transfer,Groceries,92.33,3835.15,3742.82,,POS Terminal,United States,0.7,33,Male,91,0,0,26-35,14,1,0,0.02407467765276454,0.024074677652764557,0,130.62
TXN000554,CUST00034,2024-05-12 16:01:35,ATM Withdrawal,Home Improvement,4259.3,1281.04,-2978.26,Yes,Mobile App,Pakistan,95.1,82,Female,25,0,1,66+,16,1,0,1.0,3.324876662711547,10,202.64
TXN000555,CUST00289,2024-05-12 19:22:59,POS Purchase,Travel,223.94,4326.76,4102.82,Yes,Web Browser,United States,17.6,58,Female,152,0,0,56-65,19,1,0,0.05175697288502262,0.051756972885022505,0,483.02
TXN000556,CUST00402,2024-05-12 20:50:36,ATM Withdrawal,Entertainment,202.82,7250.64,7047.82,Yes,ATM Machine,UAE,5.2,21,Male,66,0,0,18-25,20,1,0,0.027972703099312695,0.027972703099312612,0,166.95
TXN000557,CUST01334,2024-05-13 06:33:18,Bank Transfer,Restaurants,252.52,2694.98,2442.46,,Mobile App,UAE,14.3,76,Female,113,0,0,66+,6,0,0,0.09370013877654008,0.09370013877654008,0,139.48
TXN000558,CUST00948,2024-05-13 15:34:37,Online Purchase,Restaurants,244.19,540.76,296.57,Yes,Web Browser,Germany,21.2,78,Female,156,0,0,66+,15,0,0,0.4515681633256898,0.4515681633256898,0,139.48
TXN000559,CUST01617,2024-05-13 23:46:45,POS Purchase,Healthcare,187.25,2079.86,1892.61,No,Web Browser,Canada,22.6,29,Female,96,0,0,26-35,23,0,0,0.09003009817968527,0.09003009817968517,30,103.71
TXN000560,CUST00141,2024-05-14 07:50:26,Online Purchase,Entertainment,39.77,1257.91,1218.14,No,POS Terminal,United Kingdom,20.8,76,Male,141,0,0,66+,7,0,0,0.03161593436732356,0.03161593436732358,0,166.95
TXN000561,CUST00533,2024-05-14 19:23:59,Wire Transfer,Online Services,31.69,14041.85,14010.16,,POS Terminal,India,16.8,55,Female,177,0,0,46-55,19,0,0,0.0022568251334404306,0.002256825133440394,0,146.23
TXN000562,CUST00037,2024-05-14 20:01:34,Online Purchase,Fashion & Apparel,84.28,6250.44,6166.16,No,Mobile App,United Kingdom,29.6,84,Male,140,0,0,66+,20,0,0,0.013483850736908082,0.013483850736908123,0,144.15
TXN000563,CUST00031,2024-05-14 21:11:36,Bank Transfer,Groceries,302.69,9199.7,8897.01,,POS Terminal,India,22.6,77,Female,14,0,0,66+,21,0,0,0.03290215985303874,0.03290215985303868,0,130.62
TXN000564,CUST01172,2024-05-15 07:28:59,Online Purchase,Utilities,27.73,328.69,300.96,Yes,Mobile App,United Kingdom,5.4,34,Female,117,0,0,26-35,7,0,0,0.08436520733822148,0.08436520733822142,0,128.47
TXN000565,CUST01069,2024-05-15 08:36:54,Bank Transfer,Online Services,393.59,752.0,358.41,,Mobile App,United Kingdom,11.7,40,Female,68,0,0,36-45,8,0,0,0.5233909574468085,0.5233909574468085,10,146.23
TXN000566,CUST00239,2024-05-15 10:31:41,POS Purchase,Fashion & Apparel,17.8,4000.59,3982.79,Yes,POS Terminal,India,38.0,65,Male,98,0,0,56-65,10,0,0,0.0044493437218010795,0.0044493437218010344,0,144.15
TXN000567,CUST01568,2024-05-15 14:19:01,POS Purchase,Fashion & Apparel,373.18,1283.67,910.49,Yes,Mobile App,United Kingdom,11.4,77,Other,148,0,0,66+,14,0,0,0.2907133453301861,0.2907133453301861,0,144.15
TXN000569,CUST00743,2024-05-16 18:48:25,Online Purchase,Groceries,18.7,26570.62,26551.92,Yes,Mobile App,United Kingdom,1.7,78,Female,108,0,0,66+,18,0,0,0.0007037848571091201,0.0007037848571090926,0,130.62
TXN000570,CUST00918,2024-05-17 08:19:55,POS Purchase,Groceries,153.39,2496.64,2343.25,No,ATM Machine,India,32.8,33,Female,57,1,0,26-35,8,0,0,0.06143857344270695,0.061438573442707,45,130.62
TXN000571,CUST01396,2024-05-17 12:46:54,Online Purchase,Fuel,48.95,597.61,548.66,Yes,Web Browser,Canada,11.4,26,Female,94,0,0,26-35,12,0,0,0.0819096065996219,0.08190960659962183,0,147.4
TXN000572,CUST00005,2024-05-18 03:58:46,POS Purchase,Groceries,454.73,7009.48,7486.48,No,Web Browser,United States,89.7,62,Female,26,0,1,56-65,3,1,1,-0.06805069705598704,0.06487357122068971,55,130.62
TXN000573,CUST00693,2024-05-18 08:41:43,POS Purchase,Groceries,381.79,7667.7,7285.91,Yes,Mobile App,Canada,12.7,59,Male,172,0,0,56-65,8,1,0,0.04979198455860297,0.049791984558602974,0,130.62
TXN000574,CUST00354,2024-05-18 15:55:10,Online Purchase,Fashion & Apparel,89.65,6070.07,5980.42,Yes,Mobile App,Australia,18.2,47,Male,30,0,0,46-55,15,1,0,0.014769187175765624,0.014769187175765685,0,144.15
TXN000575,CUST00413,2024-05-19 10:00:59,Wire Transfer,Fashion & Apparel,66.12,7582.88,7516.76,,Mobile App,India,0.1,42,Female,39,0,0,36-45,10,1,0,0.008719642141244472,0.008719642141244488,0,144.15
TXN000576,CUST01213,2024-05-19 10:29:58,POS Purchase,Utilities,119.53,1408.51,1288.98,No,Mobile App,United States,34.4,34,Male,142,0,0,26-35,10,1,0,0.08486272727918152,0.08486272727918155,30,128.47
TXN000577,CUST00446,2024-05-19 16:46:10,Bill Payment,Electronics,521.1,1918.81,1397.71,,Mobile App,Pakistan,15.9,36,Male,10,0,0,36-45,16,1,0,0.2715745696551508,0.27157456965515087,0,132.66
TXN000578,CUST00053,2024-05-19 18:50:38,Online Purchase,Healthcare,66.32,5842.29,5775.97,Yes,Mobile App,UAE,15.7,22,Other,116,0,0,18-25,18,1,0,0.011351713112495223,0.011351713112495271,0,103.71
TXN000579,CUST01188,2024-05-21 09:47:17,POS Purchase,Home Improvement,213.34,840.7,627.36,Yes,Mobile App,United Kingdom,14.2,76,Male,123,0,0,66+,9,0,0,0.25376471987629357,0.25376471987629357,0,202.64
TXN000580,CUST00622,2024-05-21 10:25:56,Bill Payment,Fuel,131.68,4857.32,4725.64,,Mobile App,United States,8.7,39,Male,5,0,0,36-45,10,0,0,0.027109599532252227,0.027109599532252355,0,147.4
TXN000581,CUST00533,2024-05-21 16:43:13,ATM Withdrawal,Jewelry & Luxury,39.87,12744.99,12705.12,No,Web Browser,Australia,10.3,27,Female,30,0,0,26-35,16,0,0,0.003128288056718678,0.0031282880567187576,30,145.81
TXN000582,CUST01644,2024-05-21 18:29:48,Wire Transfer,Fashion & Apparel,38.92,784.75,745.83,,ATM Machine,Canada,12.3,82,Male,64,0,0,66+,18,0,0,0.049595412551768026,0.04959541255176808,0,144.15
TXN000583,CUST00027,2024-05-22 19:04:28,POS Purchase,Entertainment,107.15,1406.42,1299.27,Yes,Mobile App,Germany,1.0,76,Female,105,0,0,66+,19,0,0,0.07618634547290289,0.07618634547290283,0,166.95
TXN000584,CUST00904,2024-05-22 20:03:03,ATM Withdrawal,Online Services,134.72,2400.16,2265.44,No,Mobile App,Canada,3.4,21,Male,74,0,0,18-25,20,0,0,0.05612959136057588,0.056129591360575964,30,146.23
TXN000585,CUST00272,2024-05-23 16:57:09,POS Purchase,Utilities,53.18,1972.64,1919.46,No,Mobile App,Pakistan,7.8,41,Female,53,0,0,36-45,16,0,0,0.026958796333847058,0.026958796333847027,30,128.47
TXN000586,CUST01050,2024-05-24 09:20:46,Online Purchase,Online Services,288.76,10810.09,10521.33,Yes,Web Browser,Australia,6.5,63,Female,87,0,0,56-65,9,0,0,0.02671208102800256,0.02671208102800254,0,146.23
TXN000587,CUST00303,2024-05-24 11:40:57,Online Purchase,Restaurants,143.44,1043.67,900.23,Yes,Web Browser,Australia,2.9,74,Male,18,0,0,66+,11,0,0,0.13743807908630126,0.1374380790863012,0,139.48
TXN000588,CUST01455,2024-05-24 13:36:20,Bank Transfer,Healthcare,324.46,2072.28,1747.82,,Web Browser,United States,2.0,25,Female,104,0,0,18-25,13,0,0,0.15657150578107218,0.15657150578107204,0,103.71
TXN000589,CUST01304,2024-05-24 13:50:24,Bank Transfer,Online Services,182.6,6775.38,6592.78,,Web Browser,United Kingdom,23.6,50,Female,127,0,0,46-55,13,0,0,0.02695051790453087,0.026950517904530815,0,146.23
TXN000590,CUST01708,2024-05-24 16:47:04,Bill Payment,Utilities,238.18,1181.77,943.59,,Mobile App,United Kingdom,18.8,55,Female,27,0,0,46-55,16,0,0,0.20154513991724274,0.2015451399172428,0,128.47
TXN000591,CUST01542,2024-05-24 19:55:59,Online Purchase,Travel,94.96,12054.73,11959.77,No,POS Terminal,Germany,19.6,63,Female,57,0,0,56-65,19,0,0,0.00787740579838778,0.007877405798387853,0,483.02
TXN000592,CUST01182,2024-05-25 10:57:53,ATM Withdrawal,Healthcare,270.19,573.96,303.77,Yes,Web Browser,United Kingdom,11.5,70,Female,112,0,0,66+,10,1,0,0.47074709038957424,0.47074709038957413,0,103.71
TXN000593,CUST00255,2024-05-25 12:04:13,Bank Transfer,Online Services,124.29,9678.53,9554.24,,ATM Machine,Pakistan,9.5,58,Male,14,0,0,56-65,12,1,0,0.012841826186414761,0.012841826186414673,0,146.23
TXN000594,CUST00125,2024-05-25 16:21:22,Online Purchase,Groceries,277.63,893.46,615.83,No,Mobile App,United Kingdom,22.3,22,Female,38,0,0,18-25,16,1,0,0.3107357911937859,0.3107357911937859,0,130.62
TXN000595,CUST01476,2024-05-25 16:39:21,Wire Transfer,Utilities,129.39,8669.82,8540.43,,Web Browser,Pakistan,29.0,37,Male,164,0,0,36-45,16,1,0,0.01492418527720292,0.014924185277202986,0,128.47
TXN000596,CUST01526,2024-05-25 19:14:33,Online Purchase,Fuel,194.87,11995.63,11800.76,Yes,Web Browser,United Kingdom,0.9,23,Female,115,0,0,18-25,19,1,0,0.01624508258424101,0.016245082584241097,0,147.4
TXN000597,CUST01310,2024-05-25 19:39:48,Online Purchase,Fashion & Apparel,191.65,5695.46,5924.46,No,Web Browser,Germany,7.1,74,Female,165,0,0,66+,19,1,0,-0.04020746348846274,0.03364960863565015,0,144.15
TXN000598,CUST00661,2024-05-25 22:04:52,POS Purchase,Utilities,23.95,6573.88,6549.93,Yes,Web Browser,Germany,6.7,63,Male,73,0,0,56-65,22,1,0,0.0036432061430996332,0.003643206143099661,0,128.47
TXN000599,CUST00819,2024-05-26 11:31:47,POS Purchase,Restaurants,91.74,10758.06,10666.32,No,Mobile App,United Kingdom,19.3,66,Female,166,0,0,66+,11,1,0,0.00852755980167426,0.00852755980167428,30,139.48
TXN000600,CUST01431,2024-05-26 12:19:55,Online Purchase,Fashion & Apparel,52.49,6152.84,6100.35,No,Web Browser,United Kingdom,3.3,51,Female,151,0,0,46-55,12,1,0,0.008531019821740819,0.008531019821740855,0,144.15
TXN000601,CUST01016,2024-05-26 14:56:10,Online Purchase,Healthcare,21.88,2587.03,2565.15,Yes,Web Browser,India,11.4,62,Male,68,0,0,56-65,14,1,0,0.008457574902494408,0.008457574902494365,0,103.71
TXN000602,CUST01702,2024-05-26 20:18:17,POS Purchase,Groceries,23.46,1665.94,1642.48,No,POS Terminal,United Kingdom,8.4,28,Male,26,0,0,26-35,20,1,0,0.014082139812958472,0.01408213981295845,30,130.62
TXN000603,CUST01388,2024-05-26 23:32:32,Online Purchase,Healthcare,96.72,25396.8,25681.8,No,Mobile App,UAE,13.8,33,Male,82,0,0,26-35,23,1,0,-0.011221886221886222,0.0038083538083538084,0,103.71
TXN000604,CUST00329,2024-05-27 08:53:18,ATM Withdrawal,Entertainment,171.23,10434.07,10262.84,Yes,Web Browser,United Kingdom,9.3,43,Female,100,0,0,36-45,8,0,0,0.016410662378151534,0.016410662378151575,0,166.95
TXN000606,CUST00348,2024-05-27 13:27:38,Online Purchase,Groceries,70.53,1342.66,1272.13,Yes,POS Terminal,Canada,5.2,80,Female,94,0,0,66+,13,0,0,0.052530052284271496,0.05253005228427152,0,130.62
TXN000607,CUST00100,2024-05-27 22:51:09,Bill Payment,Fuel,73.14,5587.85,5514.71,,POS Terminal,India,3.9,21,Male,78,0,0,18-25,22,0,0,0.013089112986211212,0.013089112986211154,0,147.4
TXN000608,CUST01717,2024-05-28 06:31:23,Online Purchase,Groceries,149.23,5810.53,5661.3,No,Mobile App,United Kingdom,13.0,85,Female,13,0,0,66+,6,0,0,0.025682682991052377,0.02568268299105245,0,130.62
TXN000609,CUST01033,2024-05-28 08:27:44,Online Purchase,Online Services,175.14,4106.74,4325.74,Yes,Web Browser,Canada,24.0,64,Male,48,0,0,56-65,8,0,0,-0.05332696981060404,0.04264696571976799,0,146.23
TXN000610,CUST00932,2024-05-28 17:37:32,Bank Transfer,Restaurants,98.21,14496.66,14398.45,,Mobile App,United Kingdom,15.4,41,Female,61,0,0,36-45,17,0,0,0.006774663957076949,0.006774663957077009,0,139.48
TXN000611,CUST00033,2024-05-28 21:28:37,Online Purchase,Travel,25000.0,3842.09,-21157.91,No,Web Browser,United States,109.1,46,Male,19,0,1,46-55,21,0,0,1.0,6.506875164298598,30,483.02
TXN000612,CUST00363,2024-05-29 18:29:57,Bank Transfer,Restaurants,141.13,5515.0,5373.87,,POS Terminal,United Kingdom,25.5,32,Male,174,0,0,26-35,18,0,0,0.02559020852221217,0.025590208522212148,0,139.48
TXN000613,CUST00600,2024-05-29 19:20:54,POS Purchase,Groceries,348.32,2663.45,2315.13,No,POS Terminal,United Kingdom,2.0,53,Female,109,0,0,46-55,19,0,0,0.1307777506617356,0.13077775066173572,30,130.62
TXN000614,CUST00400,2024-05-29 19:46:11,Bill Payment,Fuel,90.91,13373.65,13282.74,,POS Terminal,United States,3.2,19,Female,58,0,0,18-25,19,0,0,0.006797695468327634,0.006797695468327644,0,147.4
TXN000615,CUST01126,2024-05-29 20:19:51,POS Purchase,Groceries,67.0,660.78,1026.78,Yes,Web Browser,United Kingdom,14.4,82,Male,76,0,0,66+,20,0,0,-0.5538908562607827,0.1013953206816187,0,130.62
TXN000616,CUST00020,2024-05-29 22:28:12,POS Purchase,Groceries,155.42,172.96,523.96,Yes,Web Browser,United Kingdom,1.2,31,Other,101,0,0,26-35,22,0,0,-1.0,0.8985892691951896,10,130.62
TXN000617,CUST00005,2024-05-30 10:39:19,Bill Payment,Fuel,166.51,2099.78,1933.27,,Web Browser,Pakistan,12.0,64,Male,64,0,0,56-65,10,0,0,0.07929878368210012,0.07929878368210001,0,147.4
TXN000618,CUST01406,2024-05-30 16:35:35,Online Purchase,Electronics,21.57,23890.33,24251.33,Yes,Mobile App,Pakistan,8.1,75,Female,165,0,0,66+,16,0,0,-0.015110716344227977,0.0009028757660526246,0,132.66
TXN000619,CUST00334,2024-05-30 16:51:15,Bank Transfer,Groceries,47.76,2349.36,2301.6,,POS Terminal,Germany,20.2,84,Male,1,0,0,66+,16,0,0,0.020328940647665838,0.020328940647665744,0,130.62
TXN000620,CUST01487,2024-05-30 20:48:39,Online Purchase,Groceries,97.0,1772.07,1675.07,No,Mobile App,Canada,20.2,45,Female,108,0,0,36-45,20,0,0,0.05473824397456083,0.05473824397456083,0,130.62
TXN000621,CUST00280,2024-05-30 21:01:44,Online Purchase,Fashion & Apparel,46.61,6353.29,6306.68,Yes,Mobile App,UAE,18.3,80,Other,80,0,0,66+,21,0,0,0.007336356438947329,0.00733635643894738,0,144.15
TXN000622,CUST00719,2024-05-31 08:08:07,POS Purchase,Restaurants,108.14,1454.71,1346.57,No,ATM Machine,United States,3.7,60,Female,11,1,0,56-65,8,0,0,0.0743378405317899,0.07433784053178984,45,139.48
TXN000623,CUST00128,2024-05-31 12:53:56,Bill Payment,Online Services,111.62,8067.8,7956.18,,Web Browser,United Kingdom,34.1,42,Male,14,0,0,36-45,12,0,0,0.01383524628771163,0.013835246287711643,0,146.23
TXN000624,CUST00239,2024-05-31 14:37:31,ATM Withdrawal,Restaurants,548.66,1556.1,1007.44,Yes,POS Terminal,Canada,1.8,36,Female,166,0,0,36-45,14,0,0,0.35258659469185777,0.3525865946918578,0,139.48
TXN000625,CUST00562,2024-05-31 19:58:54,Wire Transfer,Travel,157.59,4906.76,4749.17,,POS Terminal,United Kingdom,20.8,25,Female,46,0,0,18-25,19,0,0,0.03211691625431041,0.03211691625431038,0,483.02
TXN000626,CUST01607,2024-06-01 09:56:36,Bill Payment,Fashion & Apparel,482.88,2494.06,2011.18,,POS Terminal,United States,5.5,73,Female,104,0,0,66+,9,1,0,0.1936120221646632,0.19361202216466325,0,144.15
TXN000627,CUST01476,2024-06-01 10:03:00,ATM Withdrawal,Restaurants,30.5,2463.52,2433.02,No,ATM Machine,United Kingdom,0.1,25,Male,24,0,0,18-25,10,1,0,0.01238065856985127,0.01238065856985127,30,139.48
TXN000628,CUST01699,2024-06-01 11:52:04,POS Purchase,Restaurants,370.66,6728.9,6358.24,No,Web Browser,Canada,12.9,72,Male,127,0,0,66+,11,1,0,0.05508478354560179,0.05508478354560181,30,139.48
TXN000629,CUST00985,2024-06-01 13:41:39,POS Purchase,Fashion & Apparel,156.54,2926.01,3239.01,Yes,Mobile App,Germany,5.3,61,Female,96,0,0,56-65,13,1,0,-0.10697160980311071,0.053499475394820924,0,144.15
TXN000630,CUST00309,2024-06-01 16:20:43,Wire Transfer,Fuel,52.82,2956.36,2903.54,,Mobile App,United Kingdom,6.6,82,Other,133,0,0,66+,16,1,0,0.01786656564153221,0.017866565641532155,0,147.4
TXN000631,CUST01363,2024-06-01 18:15:48,POS Purchase,Entertainment,78.06,14789.12,14711.06,No,POS Terminal,Canada,28.7,49,Male,38,0,0,46-55,18,1,0,0.005278204517915962,0.005278204517915873,30,166.95
TXN000632,CUST00195,2024-06-01 18:49:59,POS Purchase,Groceries,15.87,6367.38,6351.51,No,Web Browser,United Kingdom,7.6,55,Male,165,1,0,46-55,18,1,0,0.0024923909048933613,0.0024923909048933783,45,130.62
TXN000633,CUST00276,2024-06-01 20:28:40,POS Purchase,Utilities,81.47,3403.72,3322.25,Yes,Web Browser,United Kingdom,0.1,51,Male,133,0,0,46-55,20,1,0,0.023935576369384027,0.023935576369384086,0,128.47
TXN000634,CUST01527,2024-06-01 22:49:57,Bank Transfer,Groceries,169.34,2449.54,2280.2,,ATM Machine,United Kingdom,11.0,58,Female,162,0,0,56-65,22,1,0,0.06913134711006971,0.06913134711006964,0,130.62
TXN000635,CUST00957,2024-06-02 10:47:02,Online Purchase,Groceries,619.23,793.33,174.1,Yes,Mobile App,Germany,21.4,32,Female,127,0,0,26-35,10,1,0,0.7805452964088084,0.7805452964088084,10,130.62
TXN000636,CUST01177,2024-06-02 11:22:55,Bank Transfer,Travel,277.12,6681.65,6404.53,,Mobile App,United Kingdom,4.8,57,Male,108,0,0,56-65,11,1,0,0.04147478541976905,0.041474785419769074,0,483.02
TXN000637,CUST01240,2024-06-02 19:02:54,Bill Payment,Fuel,52.6,4215.4,4162.8,,Mobile App,Germany,5.5,36,Male,124,0,0,36-45,19,1,0,0.012478056649428158,0.012478056649428288,0,147.4
TXN000638,CUST00762,2024-06-02 19:39:01,Online Purchase,Jewelry & Luxury,81.15,6643.44,6562.29,No,POS Terminal,UAE,41.8,80,Male,114,0,0,66+,19,1,0,0.012215057259492016,0.012215057259492072,0,145.81
TXN000639,CUST00045,2024-06-02 19:50:13,Wire Transfer,Online Services,357.41,886.19,528.78,,ATM Machine,United Kingdom,35.7,57,Female,124,0,0,56-65,19,1,0,0.4033108024238595,0.40331080242385947,0,146.23
TXN000640,CUST00951,2024-06-02 20:55:56,Online Purchase,Travel,133.4,5891.81,5758.41,No,Web Browser,UAE,23.9,38,Female,80,0,0,36-45,20,1,0,0.02264159910112521,0.02264159910112512,0,483.02
TXN000641,CUST00021,2024-06-02 23:31:38,Bank Transfer,Restaurants,689.93,422.33,-267.6,,ATM Machine,Germany,250.0,48,Female,90,1,1,46-55,23,1,0,1.0,1.633627731868444,45,139.48
TXN000642,CUST01276,2024-06-02 23:50:09,Bank Transfer,Online Services,193.66,3476.9,3283.24,,Web Browser,UAE,24.0,84,Male,26,0,0,66+,23,1,0,0.05569904225028051,0.05569904225028042,0,146.23
TXN000643,CUST00649,2024-06-03 09:41:15,Bill Payment,Entertainment,121.27,2786.81,2665.54,,Web Browser,UAE,5.1,46,Male,114,0,0,46-55,9,0,0,0.043515704335781766,0.04351570433578177,0,166.95
TXN000644,CUST01406,2024-06-03 16:14:21,Bank Transfer,Groceries,26.96,2744.65,2717.69,,Mobile App,United Kingdom,1.4,42,Female,161,0,0,36-45,16,0,0,0.009822746069626376,0.009822746069626364,0,130.62
TXN000645,CUST00638,2024-06-03 18:06:57,POS Purchase,Restaurants,276.1,12865.13,12589.03,No,POS Terminal,United States,18.2,59,Male,59,0,0,56-65,18,0,0,0.02146111232455471,0.02146111232455483,30,139.48
TXN000646,CUST00976,2024-06-03 18:10:08,Wire Transfer,Entertainment,490.6,7229.12,6738.52,,POS Terminal,United States,18.9,51,Female,114,0,0,46-55,18,0,0,0.067864415032535,0.06786441503253508,0,166.95
TXN000647,CUST00849,2024-06-04 15:13:02,Wire Transfer,Travel,382.62,5346.37,4963.75,,POS Terminal,United States,5.4,55,Male,23,0,0,46-55,15,0,0,0.07156631508855539,0.07156631508855542,0,483.02
TXN000648,CUST01140,2024-06-04 18:18:10,ATM Withdrawal,Entertainment,534.23,1876.77,1342.54,No,POS Terminal,United Kingdom,20.0,21,Male,44,0,0,18-25,18,0,0,0.2846539533347187,0.2846539533347187,30,166.95
TXN000649,CUST00536,2024-06-04 19:10:17,ATM Withdrawal,Jewelry & Luxury,120.46,1840.9,1720.44,No,Mobile App,United Kingdom,12.0,24,Female,20,0,0,18-25,19,0,0,0.06543538486609812,0.0654353848660981,30,145.81
TXN000650,CUST00220,2024-06-04 19:53:20,Online Purchase,Groceries,216.91,5931.47,5714.56,Yes,POS Terminal,United Kingdom,29.0,69,Female,127,1,0,66+,19,0,0,0.036569349587876165,0.03656934958787619,15,130.62
TXN000651,CUST01255,2024-06-05 17:57:39,POS Purchase,Groceries,49.27,8049.05,7999.78,No,Mobile App,Canada,8.5,49,Male,159,0,0,46-55,17,0,0,0.006121219274324353,0.006121219274324299,30,130.62
TXN000652,CUST01195,2024-06-06 19:43:42,Bill Payment,Online Services,18.9,2053.05,2034.15,,POS Terminal,United Kingdom,0.3,43,Male,104,0,0,36-45,19,0,0,0.009205815737561233,0.009205815737561188,0,146.23
TXN000653,CUST01330,2024-06-06 20:18:31,Online Purchase,Utilities,286.49,2420.39,2133.9,No,ATM Machine,UAE,8.7,67,Female,142,0,0,66+,20,0,0,0.11836522213362301,0.1183652221336231,0,128.47
TXN000654,CUST01289,2024-06-07 06:18:13,Bank Transfer,Utilities,93.12,3922.28,3829.16,,Mobile App,United Kingdom,8.8,27,Male,63,0,0,26-35,6,0,0,0.023741293329390137,0.02374129332939005,0,128.47
TXN000655,CUST00797,2024-06-07 12:43:48,Online Purchase,Home Improvement,145.74,2516.07,2370.33,No,Mobile App,United Kingdom,6.3,69,Female,58,0,0,66+,12,0,0,0.05792366667064121,0.05792366667064112,0,202.64
TXN000656,CUST00317,2024-06-07 20:16:38,Online Purchase,Entertainment,128.07,13821.88,13693.81,Yes,ATM Machine,Pakistan,11.3,53,Female,11,0,0,46-55,20,0,0,0.009265743878546168,0.009265743878546189,0,166.95
TXN000657,CUST00712,2024-06-08 12:24:01,Wire Transfer,Fashion & Apparel,122.24,1244.84,1122.6,,POS Terminal,United Kingdom,20.9,84,Female,91,0,0,66+,12,1,0,0.09819735869669999,0.09819735869669997,0,144.15
TXN000658,CUST00858,2024-06-08 14:14:21,Online Purchase,Groceries,116.12,478.77,362.65,Yes,POS Terminal,United States,13.6,74,Other,26,0,0,66+,14,1,0,0.24253817072916015,0.24253817072916015,0,130.62
TXN000659,CUST01065,2024-06-08 15:54:09,POS Purchase,Electronics,78.07,30543.78,30465.71,Yes,POS Terminal,United States,7.0,67,Female,137,0,0,66+,15,1,0,0.0025560032189859837,0.0025560032189859932,0,132.66
TXN000660,CUST00792,2024-06-08 22:40:46,Online Purchase,Fashion & Apparel,168.01,11890.12,11722.11,No,Web Browser,Pakistan,4.6,44,Female,85,0,0,36-45,22,1,0,0.014130219039000465,0.014130219039000446,0,144.15
TXN000661,CUST01382,2024-06-09 12:43:41,POS Purchase,Utilities,497.03,2148.59,1651.56,No,POS Terminal,United Kingdom,24.6,24,Female,50,0,0,18-25,12,1,0,0.23132845261310914,0.23132845261310903,30,128.47
TXN000662,CUST01348,2024-06-09 13:03:04,POS Purchase,Electronics,195.52,5144.64,4949.12,No,Web Browser,Pakistan,8.9,84,Male,87,0,0,66+,13,1,0,0.03800460284879028,0.038004602848790196,30,132.66
TXN000663,CUST00836,2024-06-09 17:10:18,POS Purchase,Online Services,82.4,669.4,587.0,No,POS Terminal,United Kingdom,29.4,52,Male,36,1,0,46-55,17,1,0,0.12309530923214816,0.1230953092321482,45,146.23
TXN000664,CUST00146,2024-06-09 20:01:40,ATM Withdrawal,Online Services,153.74,2108.77,1955.03,Yes,POS Terminal,United Kingdom,10.9,19,Female,87,0,0,18-25,20,1,0,0.07290505839897192,0.07290505839897192,0,146.23
TXN000665,CUST00030,2024-06-10 06:41:05,ATM Withdrawal,Travel,8697.52,1149.63,-7547.89,Yes,Web Browser,UAE,374.4,33,Female,92,2,1,26-35,6,0,0,1.0,7.56549498534311,60,483.02
TXN000666,CUST01263,2024-06-10 14:21:32,POS Purchase,Electronics,113.26,10263.38,10150.12,Yes,Web Browser,Canada,0.9,77,Male,29,0,0,66+,14,0,0,0.011035350927277214,0.01103535092727737,0,132.66
TXN000667,CUST00541,2024-06-10 16:57:16,POS Purchase,Online Services,61.89,1400.62,1338.73,Yes,Web Browser,United States,0.8,80,Male,107,1,0,66+,16,0,0,0.04418757407433842,0.04418757407433851,15,146.23
TXN000668,CUST00787,2024-06-11 04:28:56,Bank Transfer,Utilities,38.23,5810.8,5772.57,,Web Browser,Canada,16.9,50,Female,10,0,0,46-55,4,0,1,0.006579128519308954,0.006579128519308872,25,128.47
TXN000669,CUST01143,2024-06-11 15:55:18,Online Purchase,Healthcare,119.83,3184.08,3064.25,No,POS Terminal,Germany,20.1,53,Female,72,1,0,46-55,15,0,0,0.03763410467073689,0.03763410467073692,15,103.71
TXN000670,CUST00441,2024-06-11 17:08:56,POS Purchase,Restaurants,336.21,4176.48,3840.27,No,Mobile App,Australia,1.9,41,Female,74,0,0,36-45,17,0,0,0.08050080450522919,0.08050080450522928,30,139.48
TXN000671,CUST00069,2024-06-11 18:17:10,Online Purchase,Entertainment,267.55,1998.45,1730.9,Yes,Mobile App,United Kingdom,2.7,38,Male,152,0,0,36-45,18,0,0,0.13387875603592783,0.13387875603592786,0,166.95
TXN000672,CUST00751,2024-06-11 19:14:52,ATM Withdrawal,Travel,169.16,11857.9,11688.74,No,ATM Machine,UAE,8.8,51,Female,50,0,0,46-55,19,0,0,0.014265595088506385,0.014265595088506397,30,483.02
TXN000673,CUST00009,2024-06-12 09:31:54,Wire Transfer,Online Services,928.01,11800.02,10872.01,,Mobile App,United States,489.2,57,Other,60,0,1,56-65,9,0,0,0.07864478195799669,0.07864478195799668,20,146.23
TXN000674,CUST00540,2024-06-12 10:58:42,Wire Transfer,Restaurants,78.54,8331.01,8252.47,,Mobile App,UAE,17.2,36,Female,116,0,0,36-45,10,0,0,0.009427428367028833,0.009427428367028728,0,139.48
TXN000675,CUST00885,2024-06-12 16:16:27,POS Purchase,Entertainment,132.95,9230.85,9097.9,Yes,Mobile App,United States,2.7,30,Female,63,0,0,26-35,16,0,0,0.014402790642248624,0.014402790642248545,0,166.95
TXN000676,CUST00795,2024-06-12 17:17:46,POS Purchase,Restaurants,200.07,2152.76,1952.69,No,Mobile App,UAE,3.6,29,Female,156,0,0,26-35,17,0,0,0.09293650941117455,0.09293650941117448,30,139.48
TXN000677,CUST01279,2024-06-12 17:27:16,Bill Payment,Groceries,46.83,2780.92,2734.09,,ATM Machine,Australia,0.0,39,Male,138,0,0,36-45,17,0,0,0.016839750873811517,0.016839750873811545,0,130.62
TXN000678,CUST01610,2024-06-12 19:54:59,POS Purchase,Electronics,90.66,25278.33,25187.67,Yes,POS Terminal,Australia,5.5,36,Male,63,0,0,36-45,19,0,0,0.0035864710999501744,0.003586471099950036,0,132.66
TXN000679,CUST00880,2024-06-13 15:26:38,Bank Transfer,Groceries,51.04,3992.47,3941.43,,ATM Machine,United Kingdom,13.9,22,Male,162,0,0,18-25,15,0,0,0.012784066004252997,0.012784066004253006,0,130.62
TXN000680,CUST01379,2024-06-13 15:47:06,ATM Withdrawal,Groceries,136.55,17730.87,17594.32,No,POS Terminal,UAE,10.2,60,Female,152,0,0,56-65,15,0,0,0.007701257749901685,0.007701257749901726,30,130.62
TXN000681,CUST01595,2024-06-14 02:50:50,Bill Payment,Travel,108.88,5645.03,5536.15,,POS Terminal,United States,7.5,76,Male,36,0,0,66+,2,0,1,0.019287762863970628,0.019287762863970607,25,483.02
TXN000682,CUST00554,2024-06-14 06:09:31,Bank Transfer,Fashion & Apparel,176.47,20201.58,20025.11,,Mobile App,United States,8.1,75,Male,158,0,0,66+,6,0,0,0.008735455345572038,0.008735455345571979,0,144.15
TXN000683,CUST00586,2024-06-14 06:50:13,ATM Withdrawal,Fashion & Apparel,34.25,6750.97,6716.72,Yes,POS Terminal,United States,7.2,35,Male,111,0,0,26-35,6,0,0,0.005073345015605165,0.005073345015605165,0,144.15
TXN000684,CUST01220,2024-06-14 11:20:08,POS Purchase,Electronics,108.53,2431.17,2322.64,Yes,Mobile App,Germany,19.6,62,Female,69,0,0,56-65,11,0,0,0.04464105759778222,0.044641057597782134,0,132.66
TXN000685,CUST00835,2024-06-14 13:12:27,POS Purchase,Utilities,365.85,6375.44,6009.59,Yes,Web Browser,United States,7.8,27,Female,50,0,0,26-35,13,0,0,0.05738427465398458,0.05738427465398467,0,128.47
TXN000686,CUST00843,2024-06-14 16:46:02,Online Purchase,Electronics,82.09,1242.69,1160.6,Yes,Web Browser,Pakistan,4.6,25,Male,72,0,0,18-25,16,0,0,0.06605830899097936,0.06605830899097925,0,132.66
TXN000687,CUST00202,2024-06-15 01:14:59,Bank Transfer,Groceries,62.02,13702.88,13640.86,,POS Terminal,UAE,5.2,36,Male,174,0,0,36-45,1,1,1,0.004526055836437203,0.004526055836437304,25,130.62
TXN000688,CUST00259,2024-06-15 10:06:14,Bill Payment,Utilities,125.5,4853.4,4727.9,,Web Browser,United Kingdom,4.6,85,Female,140,1,0,66+,10,1,0,0.025858161288993285,0.025858161288993285,15,128.47
TXN000689,CUST01169,2024-06-15 13:14:08,Online Purchase,Travel,348.62,1671.45,1322.83,Yes,Mobile App,UAE,9.3,58,Male,69,0,0,56-65,13,1,0,0.20857339435819205,0.208573394358192,0,483.02
TXN000690,CUST01666,2024-06-15 23:04:32,Online Purchase,Groceries,612.91,2436.2,1823.29,Yes,ATM Machine,United Kingdom,0.3,48,Female,114,0,0,46-55,23,1,0,0.25158443477546993,0.25158443477547,0,130.62
TXN000691,CUST00980,2024-06-16 08:41:34,Online Purchase,Electronics,52.27,2340.5,2288.23,Yes,Mobile App,United Kingdom,10.9,76,Male,116,0,0,66+,8,1,0,0.022332834864345216,0.022332834864345227,0,132.66
TXN000692,CUST00126,2024-06-16 16:56:23,Bank Transfer,Restaurants,136.79,1405.83,1269.04,,Mobile App,India,2.2,19,Male,37,0,0,18-25,16,1,0,0.09730194973787724,0.09730194973787727,0,139.48
TXN000693,CUST00094,2024-06-16 18:19:40,Bill Payment,Restaurants,90.98,3271.43,3180.45,,Mobile App,Pakistan,14.3,62,Male,70,0,0,56-65,18,1,0,0.027810468205035726,0.027810468205035722,0,139.48
TXN000694,CUST00246,2024-06-17 14:16:46,Online Purchase,Entertainment,172.18,886.73,714.55,Yes,Web Browser,Germany,0.3,64,Male,134,0,0,56-65,14,0,0,0.19417410034621593,0.19417410034621588,0,166.95
TXN000695,CUST01157,2024-06-17 23:57:27,Bank Transfer,Electronics,141.62,4129.68,3988.06,,Web Browser,Germany,6.3,85,Male,165,0,0,66+,23,0,0,0.03429321400205351,0.03429321400205343,0,132.66
TXN000696,CUST01335,2024-06-18 16:59:16,Bank Transfer,Restaurants,172.81,1847.37,1674.56,,POS Terminal,United Kingdom,11.2,42,Male,17,0,0,36-45,16,0,0,0.09354379469191335,0.09354379469191337,0,139.48
TXN000697,CUST00228,2024-06-19 09:09:06,Online Purchase,Restaurants,230.57,1949.98,1719.41,No,Mobile App,Canada,14.0,25,Male,6,0,0,18-25,9,0,0,0.11824223838193208,0.11824223838193212,0,139.48
TXN000698,CUST01064,2024-06-19 11:27:46,Online Purchase,Groceries,83.5,2874.92,3127.92,No,POS Terminal,United States,25.2,58,Male,172,0,0,56-65,11,0,0,-0.08800244876379168,0.029044286449709904,0,130.62
TXN000699,CUST00380,2024-06-19 17:07:12,POS Purchase,Home Improvement,96.29,1587.41,1491.12,No,ATM Machine,United States,9.3,84,Female,116,0,0,66+,17,0,0,0.060658557020555615,0.0606585570205555,30,202.64
TXN000700,CUST00471,2024-06-19 20:50:14,Bill Payment,Healthcare,85.9,13655.21,13569.31,,Mobile App,United States,9.7,79,Other,20,0,0,66+,20,0,0,0.006290639250513148,0.006290639250513175,0,103.71
TXN000701,CUST01431,2024-06-20 03:29:47,POS Purchase,Fashion & Apparel,63.13,1325.45,1818.45,Yes,Mobile App,United Kingdom,33.0,31,Male,91,0,0,26-35,3,0,1,-0.37194914934550527,0.047629107095703345,25,144.15
TXN000702,CUST00302,2024-06-20 07:21:30,POS Purchase,Utilities,177.73,3416.8,3239.07,No,Mobile App,United Kingdom,5.2,64,Male,37,0,0,56-65,7,0,0,0.05201650667291033,0.05201650667291032,30,128.47
TXN000703,CUST01035,2024-06-20 17:36:03,Wire Transfer,Online Services,54.06,6963.15,6909.09,,Mobile App,India,0.1,53,Other,114,0,0,46-55,17,0,0,0.007763727623273877,0.00776372762327395,0,146.23
TXN000704,CUST00993,2024-06-20 20:50:26,Online Purchase,Fuel,183.34,2448.52,2265.18,No,POS Terminal,Canada,6.5,33,Female,142,0,0,26-35,20,0,0,0.07487788541649655,0.0748778854164965,0,147.4
TXN000705,CUST01147,2024-06-21 07:25:07,Online Purchase,Electronics,499.4,3207.79,2708.39,Yes,POS Terminal,United States,0.2,44,Male,155,0,0,36-45,7,0,0,0.15568350796030916,0.1556835079603091,0,132.66
TXN000706,CUST00736,2024-06-21 15:36:06,POS Purchase,Healthcare,15.41,801.89,786.48,No,Mobile App,Canada,3.4,74,Male,37,0,0,66+,15,0,0,0.019217099602189786,0.019217099602189827,30,103.71
TXN000707,CUST00692,2024-06-21 16:15:23,Bill Payment,Entertainment,95.63,12633.6,12537.97,,POS Terminal,India,28.1,74,Female,151,0,0,66+,16,0,0,0.007569497213779209,0.007569497213779128,0,166.95
TXN000708,CUST01420,2024-06-22 03:10:15,Bill Payment,Entertainment,10.34,17705.18,17694.84,,ATM Machine,Pakistan,21.7,39,Female,55,0,0,36-45,3,1,1,0.0005840098773353417,0.0005840098773353335,25,166.95
TXN000709,CUST01175,2024-06-22 12:15:03,Bank Transfer,Utilities,349.27,2824.33,2475.06,,Mobile App,United Kingdom,28.6,81,Female,150,0,0,66+,12,1,0,0.12366472756370538,0.12366472756370538,0,128.47
TXN000710,CUST01226,2024-06-22 13:57:14,POS Purchase,Utilities,162.93,4718.03,4555.1,Yes,Web Browser,United Kingdom,0.2,55,Female,102,0,0,46-55,13,1,0,0.034533481135134665,0.0345334811351348,0,128.47
TXN000711,CUST00447,2024-06-22 15:28:33,POS Purchase,Restaurants,26.84,4272.61,4245.77,Yes,POS Terminal,Australia,49.0,85,Female,105,0,0,66+,15,1,0,0.006281874545067122,0.006281874545067301,0,139.48
TXN000712,CUST01007,2024-06-23 07:18:51,POS Purchase,Electronics,131.12,5822.36,5691.24,No,POS Terminal,United Kingdom,4.7,40,Male,46,0,0,36-45,7,1,0,0.02252007776915201,0.02252007776915203,30,132.66
TXN000713,CUST01364,2024-06-23 09:38:29,Wire Transfer,Fuel,199.6,7863.61,7664.01,,Mobile App,United States,5.2,23,Male,133,0,0,18-25,9,1,0,0.025382744057754578,0.025382744057754644,0,147.4
TXN000714,CUST00355,2024-06-23 16:40:28,POS Purchase,Groceries,82.32,6497.02,6414.7,No,Mobile App,Canada,13.2,50,Female,29,0,0,46-55,16,1,0,0.012670424286826978,0.012670424286826881,30,130.62
TXN000715,CUST01468,2024-06-23 19:35:44,Bank Transfer,Restaurants,58.18,2260.85,2202.67,,Web Browser,Canada,20.0,80,Male,105,0,0,66+,19,1,0,0.025733684233805797,0.02573368423380587,0,139.48
TXN000716,CUST00304,2024-06-24 04:16:02,ATM Withdrawal,Fuel,108.07,11654.91,11546.84,Yes,POS Terminal,Canada,18.1,40,Female,175,0,0,36-45,4,0,1,0.009272486874630496,0.00927248687463052,25,147.4
TXN000717,CUST00413,2024-06-24 09:09:57,Online Purchase,Fashion & Apparel,173.67,3878.23,4283.23,No,Mobile App,United Kingdom,4.6,54,Male,62,0,0,46-55,9,0,0,-0.10442908233910819,0.04478073760452577,0,144.15
TXN000718,CUST00722,2024-06-24 09:51:12,Wire Transfer,Healthcare,17.03,949.11,932.08,,Mobile App,United Kingdom,5.4,42,Male,155,0,0,36-45,9,0,0,0.017943125665096746,0.017943125665096777,0,103.71
TXN000719,CUST00300,2024-06-24 10:57:05,Wire Transfer,Electronics,157.13,2340.7,2183.57,,Web Browser,India,1.4,85,Female,142,0,0,66+,10,0,0,0.06712949117785263,0.06712949117785279,0,132.66
TXN000720,CUST01587,2024-06-24 16:37:24,POS Purchase,Entertainment,385.92,6458.89,6072.97,Yes,POS Terminal,United States,15.8,58,Female,169,0,0,56-65,16,0,0,0.05975020475654486,0.059750204756544856,0,166.95
TXN000721,CUST01707,2024-06-24 19:07:15,Bill Payment,Travel,151.95,1313.89,1161.94,,Mobile App,Germany,26.4,85,Male,160,0,0,66+,19,0,0,0.11564895082541159,0.11564895082541155,0,483.02
TXN000722,CUST00032,2024-06-25 01:50:19,Online Purchase,Online Services,2779.69,5311.93,2532.24,No,Web Browser,United Kingdom,125.3,73,Male,46,1,1,66+,1,0,1,0.5232919108497289,0.5232919108497288,70,146.23
TXN000723,CUST01165,2024-06-25 10:19:09,Bank Transfer,Entertainment,131.39,2165.45,2034.06,,Web Browser,UAE,18.6,58,Male,166,0,0,56-65,10,0,0,0.060675610150315126,0.060675610150315175,0,166.95
TXN000724,CUST00055,2024-06-25 10:52:25,Online Purchase,Online Services,724.83,12070.48,11345.65,No,Mobile App,UAE,10.1,68,Female,170,0,0,66+,10,0,0,0.06004980746416049,0.060049807464160505,0,146.23
TXN000725,CUST00157,2024-06-25 12:36:22,POS Purchase,Groceries,67.86,2137.47,2069.61,Yes,Mobile App,United States,11.6,30,Male,178,0,0,26-35,12,0,0,0.03174781400440693,0.031747814004407085,0,130.62
TXN000726,CUST01207,2024-06-25 13:40:20,POS Purchase,Restaurants,106.17,3700.82,3594.65,No,POS Terminal,Pakistan,49.6,38,Male,87,0,0,36-45,13,0,0,0.028688236661064324,0.028688236661064303,30,139.48
TXN000727,CUST01347,2024-06-25 13:59:28,Bill Payment,Online Services,37.91,970.22,932.31,,Web Browser,United States,4.0,73,Female,3,0,0,66+,13,0,0,0.03907361217043565,0.03907361217043557,0,146.23
TXN000728,CUST00269,2024-06-26 13:27:08,Online Purchase,Healthcare,29.72,25819.05,25789.33,Yes,Mobile App,India,12.7,84,Male,133,0,0,66+,13,0,0,0.0011510880532009321,0.001151088053201028,0,103.71
TXN000729,CUST00049,2024-06-26 15:52:00,POS Purchase,Entertainment,135.29,1134.47,999.18,No,POS Terminal,United Kingdom,15.4,36,Male,119,0,0,36-45,15,0,0,0.11925392474018712,0.11925392474018703,30,166.95
TXN000730,CUST00283,2024-06-26 17:56:21,POS Purchase,Online Services,290.99,16019.0,15728.01,Yes,Web Browser,Australia,20.2,53,Female,150,0,0,46-55,17,0,0,0.018165303701854034,0.018165303701854048,0,146.23
TXN000731,CUST00491,2024-06-26 19:07:38,ATM Withdrawal,Travel,40.5,7991.15,7950.65,Yes,Web Browser,United Kingdom,30.4,72,Female,28,0,0,66+,19,0,0,0.005068106592918416,0.005068106592918416,0,483.02
TXN000732,CUST00883,2024-06-27 11:41:20,Online Purchase,Online Services,50.3,2739.68,2689.38,Yes,Web Browser,Canada,17.4,66,Male,21,1,0,66+,11,0,0,0.018359808444781772,0.018359808444781873,15,146.23
TXN000733,CUST01082,2024-06-27 12:53:27,Bill Payment,Healthcare,458.36,3009.43,2551.07,,Mobile App,Pakistan,17.1,85,Male,58,0,0,66+,12,0,0,0.15230791212953937,0.15230791212953948,0,103.71
TXN000734,CUST01421,2024-06-27 15:46:38,Online Purchase,Entertainment,78.82,9584.26,9760.26,Yes,Web Browser,United Kingdom,3.1,70,Female,81,0,0,66+,15,0,0,-0.018363441726330462,0.008223900436757766,0,166.95
TXN000735,CUST00153,2024-06-27 16:38:23,POS Purchase,Groceries,129.5,1301.74,1172.24,No,Mobile App,United States,6.3,51,Male,37,1,0,46-55,16,0,0,0.09948223147479528,0.09948223147479528,45,130.62
TXN000736,CUST00421,2024-06-27 16:39:00,Online Purchase,Groceries,56.22,4829.51,4773.29,No,Mobile App,United States,31.7,77,Male,110,0,0,66+,16,0,0,0.011640932516963472,0.011640932516963418,0,130.62
TXN000737,CUST00191,2024-06-28 06:36:53,Online Purchase,Fuel,97.52,4129.59,4531.59,No,POS Terminal,Pakistan,30.7,72,Female,158,0,0,66+,6,0,0,-0.09734622565436278,0.023614935138839447,0,147.4
TXN000738,CUST00538,2024-06-28 07:33:20,Bill Payment,Groceries,55.89,21610.51,21554.62,,POS Terminal,Pakistan,20.5,39,Female,109,0,0,36-45,7,0,0,0.0025862416018872032,0.00258624160188723,0,130.62
TXN000739,CUST00988,2024-06-28 15:53:31,ATM Withdrawal,Entertainment,93.0,3899.07,3806.07,Yes,Mobile App,United Kingdom,10.8,54,Male,37,0,0,46-55,15,0,0,0.023851841592995252,0.023851841592995252,0,166.95
TXN000740,CUST00379,2024-06-29 07:22:30,Bank Transfer,Groceries,152.11,714.72,562.61,,Web Browser,Australia,9.4,19,Female,10,0,0,18-25,7,1,0,0.21282460264159392,0.21282460264159392,0,130.62
TXN000741,CUST01361,2024-06-29 11:03:40,POS Purchase,Groceries,44.8,2536.0,2491.2,Yes,POS Terminal,United Kingdom,0.4,78,Female,102,1,0,66+,11,1,0,0.017665615141955908,0.017665615141955835,15,130.62
TXN000742,CUST01649,2024-06-29 18:26:28,ATM Withdrawal,Fuel,140.53,12216.37,12075.84,Yes,ATM Machine,Canada,8.1,72,Female,175,0,0,66+,18,1,0,0.011503417136186989,0.011503417136186935,0,147.4
TXN000743,CUST01615,2024-06-30 06:01:11,Bill Payment,Restaurants,148.76,1326.51,1177.75,,Mobile App,United States,14.0,34,Female,33,0,0,26-35,6,1,0,0.11214389638977466,0.11214389638977466,0,139.48
TXN000744,CUST01237,2024-06-30 06:06:22,Bank Transfer,Fashion & Apparel,80.69,9636.14,9555.45,,POS Terminal,India,16.0,60,Female,94,1,0,56-65,6,1,0,0.008373684898724873,0.008373684898725009,15,144.15
TXN000745,CUST00930,2024-06-30 14:30:28,Online Purchase,Travel,110.25,5993.94,5883.69,Yes,POS Terminal,UAE,14.9,48,Male,104,0,0,46-55,14,1,0,0.018393577513288423,0.018393577513288423,0,483.02
TXN000746,CUST00798,2024-07-01 06:41:01,Online Purchase,Travel,106.15,3864.94,3758.79,Yes,Web Browser,Australia,7.4,63,Male,159,0,0,56-65,6,0,0,0.027464850683322405,0.02746485068332238,0,483.02
TXN000747,CUST00342,2024-07-01 07:38:47,POS Purchase,Electronics,41.63,18840.51,18798.88,No,ATM Machine,United States,3.1,80,Male,159,0,0,66+,7,0,0,0.0022096004832139566,0.002209600483214096,30,132.66
TXN000748,CUST00373,2024-07-01 11:06:01,Bank Transfer,Online Services,439.73,8548.13,8108.4,,Mobile App,Canada,15.6,29,Male,75,0,0,26-35,11,0,0,0.05144166033974677,0.05144166033974683,0,146.23
TXN000749,CUST00723,2024-07-01 13:29:43,Online Purchase,Fuel,426.0,9851.8,10237.8,Yes,Mobile App,United Kingdom,2.9,81,Female,169,0,0,66+,13,0,0,-0.039180657341805564,0.04324082908707039,0,147.4
TXN000750,CUST01530,2024-07-01 20:55:06,ATM Withdrawal,Electronics,40.6,2026.72,1986.12,No,Web Browser,Pakistan,8.5,36,Female,179,0,0,36-45,20,0,0,0.02003236756927456,0.020032367569274494,30,132.66
TXN000751,CUST00716,2024-07-02 12:53:47,POS Purchase,Online Services,101.69,1572.88,1471.19,No,Web Browser,Australia,3.1,55,Female,154,0,0,46-55,12,0,0,0.06465210314836481,0.06465210314836478,30,146.23
TXN000752,CUST01108,2024-07-02 19:11:17,ATM Withdrawal,Groceries,97.81,2547.88,2450.07,Yes,Web Browser,United States,5.6,34,Female,150,0,0,26-35,19,0,0,0.03838877812141857,0.03838877812141859,0,130.62
TXN000753,CUST00177,2024-07-03 17:04:58,Online Purchase,Online Services,250.48,1770.69,1520.21,No,Mobile App,United Kingdom,2.5,76,Male,179,0,0,66+,17,0,0,0.141458979267969,0.14145897926796897,0,146.23
TXN000754,CUST00843,2024-07-03 23:58:41,Online Purchase,Utilities,86.18,1610.16,1523.98,Yes,Web Browser,United States,7.7,76,Male,85,0,0,66+,23,0,0,0.053522631291300284,0.05352263129130024,0,128.47
TXN000755,CUST01386,2024-07-04 14:34:02,ATM Withdrawal,Electronics,50.28,1053.5,1003.22,No,Mobile App,United Kingdom,3.0,58,Female,99,0,0,56-65,14,0,0,0.047726625533934475,0.0477266255339345,30,132.66
TXN000756,CUST00898,2024-07-04 14:52:12,POS Purchase,Online Services,442.38,2204.79,1762.41,No,Web Browser,Pakistan,6.4,61,Male,6,0,0,56-65,14,0,0,0.20064495938388685,0.2006449593838869,30,146.23
TXN000757,CUST00740,2024-07-04 18:01:25,POS Purchase,Jewelry & Luxury,91.91,2173.43,2081.52,Yes,Web Browser,UAE,24.8,44,Male,62,0,0,36-45,18,0,0,0.04228799639279841,0.04228799639279848,0,145.81
TXN000758,CUST00925,2024-07-04 18:21:26,Online Purchase,Groceries,34.73,2695.36,2660.63,Yes,Web Browser,Pakistan,3.4,78,Female,51,0,0,66+,18,0,0,0.01288510625667815,0.012885106256678141,0,130.62
TXN000759,CUST00759,2024-07-04 19:23:04,Bank Transfer,Restaurants,66.61,5067.81,5001.2,,Mobile App,UAE,0.9,42,Male,24,0,0,36-45,19,0,0,0.013143744536594816,0.013143744536594702,0,139.48
TXN000760,CUST01704,2024-07-05 17:08:09,Bill Payment,Entertainment,1319.37,9409.63,8090.26,,POS Terminal,Canada,0.4,82,Female,93,0,0,66+,17,0,0,0.1402148649840641,0.14021486498406419,0,166.95
TXN000761,CUST00362,2024-07-05 17:22:54,Online Purchase,Restaurants,241.09,772.88,531.79,No,POS Terminal,Australia,11.3,75,Female,85,0,0,66+,17,0,0,0.31193717006521066,0.31193717006521066,0,139.48
TXN000762,CUST01563,2024-07-05 22:01:00,POS Purchase,Utilities,126.47,24381.43,24254.96,No,Mobile App,Pakistan,1.1,36,Female,38,0,0,36-45,22,0,0,0.005187144478400207,0.005187144478400159,30,128.47
TXN000763,CUST00833,2024-07-06 03:55:50,ATM Withdrawal,Online Services,65.48,4769.12,4703.64,Yes,POS Terminal,United Kingdom,22.4,40,Male,69,0,0,36-45,3,1,1,0.013729996309591616,0.013729996309591708,25,146.23
TXN000764,CUST00045,2024-07-07 05:58:36,Online Purchase,Travel,205.65,8993.83,9454.83,Yes,Web Browser,United Kingdom,115.4,78,Female,45,0,1,66+,5,1,1,-0.051257361991498614,0.022865675691001498,45,483.02
TXN000765,CUST00806,2024-07-07 09:35:42,POS Purchase,Electronics,46.15,5632.59,5586.44,No,Web Browser,United States,29.9,40,Male,124,1,0,36-45,9,1,0,0.008193388831780859,0.008193388831780762,45,132.66
TXN000766,CUST00212,2024-07-07 14:45:52,POS Purchase,Entertainment,276.82,2114.67,1837.85,No,POS Terminal,United Kingdom,0.6,80,Male,162,0,0,66+,14,1,0,0.13090458558545784,0.13090458558545778,30,166.95
TXN000767,CUST00393,2024-07-07 15:59:43,POS Purchase,Restaurants,159.0,1022.91,863.91,No,ATM Machine,Germany,42.3,26,Male,171,0,0,26-35,15,1,0,0.15543889491744142,0.15543889491744142,30,139.48
TXN000768,CUST01619,2024-07-07 16:18:24,Online Purchase,Groceries,31.43,4962.0,4930.57,No,Mobile App,United Kingdom,2.3,55,Female,95,0,0,46-55,16,1,0,0.006334139459895262,0.006334139459895203,0,130.62
TXN000769,CUST00248,2024-07-07 17:36:14,Bill Payment,Restaurants,275.36,7741.02,7465.66,,Web Browser,Pakistan,10.5,47,Male,99,0,0,46-55,17,1,0,0.03557153966789914,0.03557153966789906,0,139.48
TXN000770,CUST01302,2024-07-07 17:58:22,POS Purchase,Entertainment,348.85,5988.45,5639.6,Yes,ATM Machine,Pakistan,26.2,59,Male,80,0,0,56-65,17,1,0,0.05825380524175696,0.05825380524175706,0,166.95
TXN000771,CUST01546,2024-07-07 18:50:28,POS Purchase,Entertainment,87.19,1567.11,1479.92,No,ATM Machine,Australia,8.4,64,Female,137,0,0,56-65,18,1,0,0.05563744727555809,0.055637447275558194,30,166.95
TXN000772,CUST01247,2024-07-07 20:51:13,Online Purchase,Electronics,178.36,2433.56,2255.2,Yes,Mobile App,Pakistan,13.4,80,Male,87,0,0,66+,20,1,0,0.0732918029553412,0.07329180295534116,0,132.66
TXN000773,CUST00119,2024-07-07 20:55:59,POS Purchase,Groceries,95.12,1477.93,1382.81,Yes,Mobile App,Canada,0.2,72,Male,51,0,0,66+,20,1,0,0.06436028769968816,0.06436028769968807,0,130.62
TXN000774,CUST00253,2024-07-08 14:53:08,ATM Withdrawal,Fuel,44.48,33653.34,33608.86,Yes,POS Terminal,Germany,4.6,34,Male,38,0,0,26-35,14,0,0,0.0013217113071093665,0.0013217113071094875,0,147.4
TXN000775,CUST01532,2024-07-08 21:22:49,POS Purchase,Fashion & Apparel,13.86,2424.99,2411.13,Yes,ATM Machine,United States,38.1,71,Male,18,0,0,66+,21,0,0,0.005715487486546202,0.005715487486546336,0,144.15
TXN000776,CUST01344,2024-07-09 09:24:30,Wire Transfer,Healthcare,167.22,6390.84,6223.62,,Mobile App,UAE,5.8,48,Male,91,0,0,46-55,9,0,0,0.026165574478472352,0.026165574478472314,0,103.71
TXN000777,CUST01152,2024-07-09 13:04:52,Online Purchase,Groceries,396.63,2007.88,1611.25,Yes,Web Browser,India,22.7,39,Other,48,0,0,36-45,13,0,0,0.1975367053807997,0.19753670538079965,0,130.62
TXN000778,CUST00050,2024-07-10 02:47:48,Bank Transfer,Entertainment,1124.33,12144.58,11020.25,,Mobile App,United States,409.6,84,Female,40,2,1,66+,2,0,1,0.0925787470624756,0.0925787470624756,75,166.95
TXN000779,CUST01636,2024-07-10 10:08:48,Bill Payment,Entertainment,119.71,2773.22,2653.51,,Web Browser,Australia,14.3,46,Male,110,0,0,46-55,10,0,0,0.04316642747419952,0.043166427474199666,0,166.95
TXN000780,CUST00996,2024-07-10 12:17:46,Online Purchase,Electronics,183.86,3558.29,3374.43,Yes,POS Terminal,UAE,3.1,72,Male,120,0,0,66+,12,0,0,0.05167088685857536,0.05167088685857533,0,132.66
TXN000781,CUST01414,2024-07-10 15:15:19,POS Purchase,Fashion & Apparel,143.25,1740.88,1597.63,Yes,POS Terminal,Germany,16.4,23,Male,83,0,0,18-25,15,0,0,0.08228597031386425,0.08228597031386425,0,144.15
TXN000782,CUST01442,2024-07-10 19:09:46,Bank Transfer,Utilities,318.85,6305.11,5986.26,,ATM Machine,United States,15.4,70,Female,99,0,0,66+,19,0,0,0.05057009314666984,0.05057009314666993,0,128.47
TXN000783,CUST01720,2024-07-10 19:40:07,Online Purchase,Healthcare,69.61,19143.82,19074.21,No,Mobile App,Germany,1.4,57,Female,144,0,0,56-65,19,0,0,0.003636160390141601,0.0036361603901415704,0,103.71
TXN000784,CUST01356,2024-07-11 11:45:02,Bill Payment,Travel,99.44,6021.39,5921.95,,Web Browser,Germany,7.6,46,Male,153,0,0,46-55,11,0,0,0.016514459285978902,0.01651445928597882,0,483.02
TXN000785,CUST00295,2024-07-12 12:09:34,Wire Transfer,Electronics,94.85,6417.62,6322.77,,Web Browser,United Kingdom,45.3,79,Male,155,1,0,66+,12,0,0,0.014779622352211483,0.014779622352211566,15,132.66
TXN000786,CUST00072,2024-07-12 14:22:38,POS Purchase,Travel,633.1,6898.95,6265.85,Yes,POS Terminal,United States,5.4,58,Female,124,0,0,56-65,14,0,0,0.09176758782133505,0.09176758782133514,0,483.02
TXN000787,CUST01675,2024-07-12 15:43:53,POS Purchase,Electronics,32.65,2906.74,2874.09,Yes,Mobile App,United Kingdom,23.9,65,Female,127,0,0,56-65,15,0,0,0.011232514776003233,0.011232514776003358,0,132.66
TXN000788,CUST00245,2024-07-12 17:31:27,ATM Withdrawal,Entertainment,29.91,2921.38,2891.47,No,Web Browser,Pakistan,3.1,84,Male,18,0,0,66+,17,0,0,0.010238312030615773,0.010238312030615667,30,166.95
TXN000789,CUST01691,2024-07-12 23:50:38,Bill Payment,Online Services,75.46,3712.29,3636.83,,Mobile App,Pakistan,10.1,65,Female,88,0,0,56-65,23,0,0,0.020327075740311246,0.020327075740311236,0,146.23
TXN000790,CUST01376,2024-07-13 14:16:38,Online Purchase,Groceries,223.76,2189.11,1965.35,No,Web Browser,United States,7.3,55,Female,176,0,0,46-55,14,1,0,0.10221505543348676,0.10221505543348666,0,130.62
TXN000791,CUST01487,2024-07-13 21:05:43,Bill Payment,Travel,74.9,1173.78,1098.88,,POS Terminal,Pakistan,32.6,84,Male,155,0,0,66+,21,1,0,0.06381093560973936,0.06381093560973948,0,483.02
TXN000792,CUST00164,2024-07-14 06:09:50,POS Purchase,Electronics,53.49,3254.61,3201.12,Yes,Mobile App,UAE,14.1,78,Female,18,0,0,66+,6,1,0,0.01643514891185126,0.01643514891185119,0,132.66
TXN000793,CUST00280,2024-07-14 15:57:31,Online Purchase,Groceries,59.49,9597.68,9538.19,No,ATM Machine,United Kingdom,2.2,49,Male,124,0,0,46-55,15,1,0,0.006198372940127175,0.006198372940127197,0,130.62
TXN000794,CUST01447,2024-07-14 17:30:31,Bill Payment,Groceries,143.08,4346.92,4203.84,,Mobile App,United Kingdom,11.2,45,Male,6,0,0,36-45,17,1,0,0.032915259540088136,0.03291525954008816,0,130.62
TXN000795,CUST01650,2024-07-14 17:32:48,POS Purchase,Fuel,234.45,12589.2,12354.75,Yes,Web Browser,Germany,5.7,31,Male,83,0,0,26-35,17,1,0,0.018623105519016355,0.018623105519016296,0,147.4
TXN000796,CUST01387,2024-07-14 21:17:47,POS Purchase,Restaurants,76.3,2997.49,3375.49,Yes,Mobile App,United Kingdom,26.3,18,Female,99,0,0,18-25,21,1,0,-0.12610550827525696,0.025454630374079648,0,139.48
TXN000797,CUST01089,2024-07-14 23:02:07,Online Purchase,Travel,44.12,996.29,952.17,No,Mobile App,Pakistan,0.2,44,Female,158,0,0,36-45,23,1,0,0.04428429473346115,0.04428429473346114,0,483.02
TXN000798,CUST01150,2024-07-15 09:58:41,Online Purchase,Electronics,292.44,2072.67,1780.23,Yes,Mobile App,Canada,1.5,47,Male,175,0,0,46-55,9,0,0,0.14109337231686667,0.14109337231686664,0,132.66
TXN000799,CUST00026,2024-07-15 19:05:16,Bill Payment,Groceries,92.69,1732.77,1640.08,,Web Browser,United Kingdom,8.4,57,Female,173,0,0,56-65,19,0,0,0.0534923850251332,0.05349238502513317,0,130.62
TXN000800,CUST00108,2024-07-16 07:43:13,Bank Transfer,Fuel,24.19,3124.08,3099.89,,Mobile App,Pakistan,13.1,73,Female,89,0,0,66+,7,0,0,0.007743079562623254,0.007743079562623237,0,147.4
TXN000801,CUST01359,2024-07-16 08:33:24,Bank Transfer,Restaurants,128.06,1260.75,1132.69,,Mobile App,United States,10.0,53,Female,96,0,0,46-55,8,0,0,0.10157445964703544,0.1015744596470355,0,139.48
TXN000802,CUST00465,2024-07-16 09:07:02,Bill Payment,Healthcare,53.16,1893.46,1840.3,,Mobile App,United Kingdom,7.0,24,Male,144,0,0,18-25,9,0,0,0.028075586492453012,0.028075586492452967,0,103.71
TXN000803,CUST00019,2024-07-16 10:05:55,Wire Transfer,Groceries,284.91,5036.51,4751.6,,Web Browser,Australia,45.7,66,Male,70,0,1,66+,10,0,0,0.05656893364651313,0.056568933646513164,0,130.62
TXN000804,CUST01511,2024-07-16 10:37:55,Bill Payment,Groceries,129.06,4016.33,3887.27,,POS Terminal,United States,9.7,53,Male,145,0,0,46-55,10,0,0,0.03213381370554709,0.032133813705547104,0,130.62
TXN000805,CUST00567,2024-07-16 10:41:13,Online Purchase,Groceries,1244.81,1640.32,1702.32,Yes,POS Terminal,United Kingdom,5.0,24,Female,94,0,0,18-25,10,0,0,-0.037797502926258296,0.7588824131876707,10,130.62
TXN000806,CUST01194,2024-07-16 11:18:38,Online Purchase,Utilities,174.72,2714.68,2539.96,Yes,Mobile App,United Kingdom,10.8,80,Female,163,0,0,66+,11,0,0,0.0643611770079714,0.06436117700797148,0,128.47
TXN000807,CUST01227,2024-07-16 15:22:30,ATM Withdrawal,Travel,238.09,2516.38,2278.29,No,ATM Machine,United States,2.1,65,Male,154,0,0,56-65,15,0,0,0.0946160754734977,0.09461607547349764,30,483.02
TXN000808,CUST01610,2024-07-17 15:19:25,POS Purchase,Fashion & Apparel,82.96,6160.69,6077.73,Yes,Web Browser,United Kingdom,64.5,77,Male,158,0,0,66+,15,0,0,0.013466024097950073,0.013466024097950067,0,144.15
TXN000809,CUST00148,2024-07-17 17:49:08,Online Purchase,Jewelry & Luxury,449.17,2325.42,1876.25,No,Web Browser,United Kingdom,7.2,71,Male,167,0,0,66+,17,0,0,0.1931565050614513,0.19315650506145127,0,145.81
TXN000810,CUST00848,2024-07-18 13:56:55,Online Purchase,Restaurants,294.14,38041.22,37747.08,No,POS Terminal,Germany,1.8,78,Female,64,0,0,66+,13,0,0,0.007732138979769824,0.0077321389797698386,0,139.48
TXN000811,CUST00329,2024-07-18 20:21:47,POS Purchase,Healthcare,100.08,9724.4,9624.32,No,ATM Machine,UAE,13.3,45,Male,87,0,0,36-45,20,0,0,0.010291637530336056,0.010291637530336063,30,103.71
TXN000812,CUST00526,2024-07-19 08:54:51,POS Purchase,Electronics,34.04,9752.17,9718.13,No,Web Browser,United Kingdom,2.1,38,Female,173,0,0,36-45,8,0,0,0.003490505190127005,0.003490505190126915,30,132.66
TXN000813,CUST00600,2024-07-19 10:25:38,Online Purchase,Fuel,678.9,18403.46,17724.56,No,Web Browser,United Kingdom,47.3,57,Male,154,0,0,56-65,10,0,0,0.0368898022437084,0.03688980224370852,0,147.4
TXN000814,CUST01529,2024-07-20 09:12:41,Wire Transfer,Restaurants,80.49,7695.19,7614.7,,POS Terminal,Australia,27.7,73,Male,113,0,0,66+,9,1,0,0.010459780720164126,0.010459780720164154,0,139.48
TXN000815,CUST00274,2024-07-20 11:19:25,Bill Payment,Groceries,248.83,3909.06,3660.23,,POS Terminal,United Kingdom,76.9,25,Female,70,0,0,18-25,11,1,0,0.06365468936266006,0.06365468936266008,0,130.62
TXN000816,CUST00095,2024-07-20 12:47:25,Online Purchase,Fashion & Apparel,165.94,2679.62,2693.62,No,Mobile App,United Kingdom,1.6,73,Female,127,0,0,66+,12,1,0,-0.00522462140154201,0.06192669109799151,0,144.15
TXN000817,CUST01668,2024-07-20 13:48:40,Online Purchase,Electronics,104.07,3291.62,3187.55,Yes,POS Terminal,United Kingdom,6.4,22,Male,44,0,0,18-25,13,1,0,0.031616650767707,0.03161665076770709,0,132.66
TXN000818,CUST01531,2024-07-20 14:36:29,Bank Transfer,Online Services,118.31,5006.23,4887.92,,POS Terminal,United States,14.9,46,Female,142,0,0,46-55,14,1,0,0.023632553837917854,0.023632553837917958,0,146.23
TXN000819,CUST00852,2024-07-20 15:52:45,POS Purchase,Groceries,104.88,5227.62,5122.74,No,Web Browser,United Kingdom,12.8,37,Male,140,0,0,36-45,15,1,0,0.020062667141069954,0.020062667141069933,30,130.62
TXN000820,CUST00935,2024-07-20 16:28:44,Online Purchase,Fashion & Apparel,80.01,4181.56,4101.55,Yes,POS Terminal,Germany,15.5,85,Male,97,0,0,66+,16,1,0,0.019134007403935425,0.019134007403935373,0,144.15
TXN000821,CUST00864,2024-07-20 18:47:04,Online Purchase,Healthcare,101.5,1234.93,1133.43,No,ATM Machine,United States,2.1,69,Male,77,0,0,66+,18,1,0,0.08219089341096256,0.08219089341096256,0,103.71
TXN000822,CUST00168,2024-07-20 22:10:47,ATM Withdrawal,Groceries,126.72,2144.84,2018.12,No,Mobile App,Canada,15.1,21,Female,69,0,0,18-25,22,1,0,0.059081330075903216,0.05908133007590309,30,130.62
TXN000823,CUST00592,2024-07-21 07:26:16,POS Purchase,Fuel,55.37,6555.52,6500.15,No,POS Terminal,United States,6.2,38,Male,43,0,0,36-45,7,1,0,0.008446316996973664,0.008446316996973543,30,147.4
TXN000824,CUST00149,2024-07-21 09:40:56,POS Purchase,Online Services,74.49,8208.91,8134.42,Yes,Mobile App,Pakistan,14.6,30,Female,64,0,0,26-35,9,1,0,0.009074286354704801,0.009074286354704827,0,146.23
TXN000825,CUST01573,2024-07-21 13:40:34,Bill Payment,Fuel,14.75,5765.4,5750.65,,Mobile App,Pakistan,8.6,29,Male,123,0,0,26-35,13,1,0,0.002558365421306414,0.002558365421306414,0,147.4
TXN000826,CUST00429,2024-07-21 19:39:43,Online Purchase,Travel,52.16,25687.01,25634.85,No,POS Terminal,Pakistan,3.5,25,Female,156,0,0,18-25,19,1,0,0.0020305983452336357,0.0020305983452336414,0,483.02
TXN000827,CUST01107,2024-07-22 00:24:19,Online Purchase,Groceries,82.31,5498.75,5416.44,No,POS Terminal,United Kingdom,18.3,67,Female,164,0,0,66+,0,0,1,0.014968856558308779,0.014968856558308707,25,130.62
TXN000828,CUST01224,2024-07-22 09:50:26,POS Purchase,Fuel,115.24,2767.56,2948.56,No,ATM Machine,Pakistan,40.4,55,Female,151,0,0,46-55,9,0,0,-0.0654005694546821,0.04163956698319097,30,147.4
TXN000829,CUST00783,2024-07-22 14:56:38,Online Purchase,Healthcare,263.12,19409.28,19146.16,Yes,POS Terminal,United States,14.4,68,Female,151,1,0,66+,14,0,0,0.013556401886108037,0.013556401886108089,15,103.71
TXN000830,CUST00104,2024-07-22 16:41:06,ATM Withdrawal,Restaurants,72.41,1481.23,1408.82,Yes,Mobile App,Australia,3.9,61,Male,7,0,0,56-65,16,0,0,0.048885048236938275,0.04888504823693822,0,139.48
TXN000831,CUST01480,2024-07-22 20:27:28,POS Purchase,Fashion & Apparel,65.68,7442.22,7718.22,No,Web Browser,Canada,2.5,83,Male,63,0,0,66+,20,0,0,-0.037085708296717916,0.008825323626552292,30,144.15
TXN000832,CUST00115,2024-07-22 20:48:44,POS Purchase,Utilities,136.71,4765.31,4628.6,No,Mobile App,Australia,26.7,34,Female,46,0,0,26-35,20,0,0,0.02868858479301452,0.028688584793014515,30,128.47
TXN000833,CUST00109,2024-07-23 10:24:22,Online Purchase,Fuel,51.48,4664.97,4613.49,No,Mobile App,Pakistan,14.8,77,Female,176,0,0,66+,10,0,0,0.011035440742384297,0.011035440742384195,0,147.4
TXN000834,CUST00457,2024-07-23 10:25:03,Wire Transfer,Fashion & Apparel,186.94,3063.58,2876.64,,Mobile App,Australia,37.0,61,Female,149,0,0,56-65,10,0,0,0.061020113723160505,0.061020113723160484,0,144.15
TXN000835,CUST01594,2024-07-23 15:38:04,POS Purchase,Jewelry & Luxury,202.41,501.56,622.56,No,Mobile App,United States,5.6,21,Male,77,0,0,18-25,15,0,0,-0.24124730839779876,0.40356089002312784,30,145.81
TXN000836,CUST01197,2024-07-24 00:26:26,Online Purchase,Entertainment,75.6,4115.3,4039.7,Yes,ATM Machine,UAE,2.3,75,Male,40,0,0,66+,0,0,1,0.01837047116856617,0.01837047116856608,25,166.95
TXN000837,CUST01326,2024-07-24 06:44:17,Online Purchase,Restaurants,115.24,1722.26,1607.02,Yes,Web Browser,United Kingdom,16.5,68,Male,43,0,0,66+,6,0,0,0.06691208063823116,0.06691208063823116,0,139.48
TXN000838,CUST01174,2024-07-24 10:14:13,POS Purchase,Travel,99.87,4529.34,4429.47,Yes,Web Browser,United Kingdom,1.1,68,Female,112,0,0,66+,10,0,0,0.022049570136046286,0.02204957013604631,0,483.02
TXN000839,CUST00359,2024-07-24 11:37:55,POS Purchase,Groceries,196.86,4398.2,4201.34,Yes,POS Terminal,Canada,17.8,51,Female,30,0,0,46-55,11,0,0,0.04475921968077843,0.044759219680778506,0,130.62
TXN000840,CUST00464,2024-07-24 12:04:02,POS Purchase,Electronics,353.58,21185.5,21414.5,Yes,Web Browser,Canada,6.0,61,Male,75,0,0,56-65,12,0,0,-0.010809279932028982,0.01668971702343584,0,132.66
TXN000841,CUST01593,2024-07-24 12:41:57,ATM Withdrawal,Utilities,64.13,4007.11,3942.98,No,Mobile App,United Kingdom,12.7,51,Female,180,0,0,46-55,12,0,0,0.016004052796154862,0.016004052796154834,30,128.47
TXN000842,CUST01507,2024-07-24 13:31:40,POS Purchase,Home Improvement,86.58,9038.04,8951.46,Yes,Mobile App,United Kingdom,1.4,63,Female,135,0,0,56-65,13,0,0,0.009579510601856347,0.009579510601856153,0,202.64
TXN000843,CUST00539,2024-07-24 18:50:27,Bill Payment,Healthcare,29.54,4022.47,3992.93,,POS Terminal,UAE,11.9,59,Male,42,0,0,56-65,18,0,0,0.0073437465040136944,0.007343746504013703,0,103.71
TXN000844,CUST00709,2024-07-25 00:05:45,ATM Withdrawal,Fuel,101.18,2514.41,2413.23,No,POS Terminal,Pakistan,8.7,84,Female,25,0,0,66+,0,0,1,0.04024005631539798,0.04024005631539805,55,147.4
TXN000845,CUST00189,2024-07-25 09:30:26,Bank Transfer,Entertainment,80.67,3675.51,3594.84,,Web Browser,Germany,0.3,40,Male,68,0,0,36-45,9,0,0,0.021947974566794832,0.02194797456679481,0,166.95
TXN000846,CUST00694,2024-07-25 10:30:06,Online Purchase,Electronics,24.47,30273.13,30248.66,Yes,Web Browser,United Kingdom,5.6,38,Female,68,0,0,36-45,10,0,0,0.0008083075651576551,0.0008083075651576166,0,132.66
TXN000847,CUST00025,2024-07-25 13:59:59,Bank Transfer,Fashion & Apparel,109.68,1073.1,963.42,,ATM Machine,India,15.5,38,Male,79,0,0,36-45,13,0,0,0.10220855465473858,0.10220855465473862,0,144.15
TXN000848,CUST01329,2024-07-25 15:51:23,Bank Transfer,Healthcare,49.6,667.27,617.67,,POS Terminal,UAE,0.7,53,Male,16,0,0,46-55,15,0,0,0.07433272888036331,0.07433272888036327,0,103.71
TXN000849,CUST00278,2024-07-26 09:46:43,Online Purchase,Entertainment,173.7,3299.57,3125.87,Yes,Mobile App,Germany,11.2,40,Female,18,1,0,36-45,9,0,0,0.05264322320787262,0.052643223207872535,15,166.95
TXN000850,CUST00692,2024-07-26 09:48:00,Bank Transfer,Groceries,59.39,4485.69,4426.3,,Web Browser,India,5.0,28,Female,153,0,0,26-35,9,0,0,0.013239880598079543,0.013239880598079672,0,130.62
TXN000851,CUST01592,2024-07-26 12:20:07,Online Purchase,Restaurants,61.21,4349.6,4288.39,Yes,POS Terminal,United States,8.2,77,Male,4,0,0,66+,12,0,0,0.014072558396174368,0.01407255839617436,0,139.48
TXN000852,CUST00631,2024-07-26 20:42:36,ATM Withdrawal,Electronics,81.16,4328.79,4247.63,No,POS Terminal,United States,8.7,39,Male,138,0,0,36-45,20,0,0,0.01874888825745759,0.018748888257457626,30,132.66
TXN000853,CUST00096,2024-07-27 08:13:18,POS Purchase,Healthcare,118.19,6179.69,6061.5,Yes,POS Terminal,Germany,10.0,45,Male,60,0,0,36-45,8,1,0,0.01912555484174766,0.019125554841747727,0,103.71
TXN000854,CUST00093,2024-07-27 09:16:09,POS Purchase,Electronics,111.15,2974.41,2863.26,No,POS Terminal,United Kingdom,14.7,71,Female,38,0,0,66+,9,1,0,0.03736875548428079,0.03736875548428092,30,132.66
TXN000855,CUST00975,2024-07-27 09:45:26,Bill Payment,Groceries,194.11,6201.92,6007.81,,POS Terminal,United Kingdom,24.9,82,Female,120,0,0,66+,9,1,0,0.03129837211702177,0.03129837211702183,0,130.62
TXN000856,CUST01225,2024-07-27 12:04:07,POS Purchase,Utilities,21.01,1842.65,1821.64,Yes,Mobile App,Pakistan,29.2,32,Female,93,0,0,26-35,12,1,0,0.011402056820340265,0.01140205682034027,0,128.47
TXN000857,CUST00147,2024-07-27 16:17:09,POS Purchase,Online Services,62.66,14970.92,15218.92,No,POS Terminal,Germany,3.8,68,Female,149,0,0,66+,16,1,0,-0.016565448215607324,0.004185447520927237,30,146.23
TXN000858,CUST00806,2024-07-27 17:11:53,ATM Withdrawal,Utilities,24.31,717.48,693.17,Yes,Web Browser,Australia,37.3,58,Male,152,0,0,56-65,17,1,0,0.0338824775603502,0.033882477560350115,0,128.47
TXN000859,CUST00726,2024-07-27 17:36:16,POS Purchase,Entertainment,96.8,11545.22,11448.42,Yes,Mobile App,United States,34.6,76,Female,107,0,0,66+,17,1,0,0.008384422297712758,0.00838442229771282,0,166.95
TXN000860,CUST01601,2024-07-27 17:45:52,Online Purchase,Healthcare,188.25,1612.7,1424.45,Yes,POS Terminal,Germany,20.2,45,Female,52,0,0,36-45,17,1,0,0.11672970794320084,0.11672970794320084,0,103.71
TXN000861,CUST00006,2024-07-28 14:34:16,Online Purchase,Travel,1968.63,3209.68,1241.05,No,Web Browser,Australia,74.4,66,Male,61,3,1,66+,14,1,0,0.6133415169113432,0.6133415169113432,55,483.02
TXN000862,CUST00874,2024-07-28 15:13:38,Bank Transfer,Fashion & Apparel,95.06,925.65,830.59,,POS Terminal,Canada,15.9,41,Female,91,0,0,36-45,15,1,0,0.10269540323016253,0.10269540323016259,0,144.15
TXN000863,CUST00450,2024-07-28 23:13:56,Online Purchase,Electronics,57.69,4319.84,4262.15,Yes,ATM Machine,United States,23.2,19,Male,87,0,0,18-25,23,1,0,0.013354661283751368,0.013354661283751249,0,132.66
TXN000864,CUST01077,2024-07-29 09:50:29,Bank Transfer,Online Services,221.89,2910.87,2688.98,,ATM Machine,Pakistan,5.8,32,Male,163,0,0,26-35,9,0,0,0.07622806927138617,0.07622806927138621,0,146.23
TXN000865,CUST01334,2024-07-29 13:25:13,Online Purchase,Fuel,481.14,2996.4,2515.26,Yes,ATM Machine,Pakistan,4.6,81,Female,146,0,0,66+,13,0,0,0.16057268722466955,0.1605726872246696,0,147.4
TXN000866,CUST00986,2024-07-30 10:05:26,Online Purchase,Groceries,146.97,1603.64,1456.67,No,POS Terminal,United States,1.2,67,Female,82,0,0,66+,10,0,0,0.09164775136564317,0.09164775136564315,0,130.62
TXN000867,CUST01535,2024-07-30 13:48:29,Wire Transfer,Groceries,400.96,1133.91,732.95,,POS Terminal,Canada,3.4,27,Male,4,0,0,26-35,13,0,0,0.3536083110652521,0.35360831106525203,0,130.62
TXN000868,CUST01163,2024-07-30 13:51:53,Online Purchase,Utilities,57.95,19371.47,19313.52,Yes,POS Terminal,India,3.0,60,Male,135,0,0,56-65,13,0,0,0.002991512776263274,0.0029915127762632364,0,128.47
TXN000869,CUST00054,2024-07-31 04:01:00,Bank Transfer,Online Services,488.32,4123.06,3634.74,,ATM Machine,Canada,207.5,83,Male,20,3,1,66+,4,0,1,0.11843630701469311,0.11843630701469296,90,146.23
TXN000870,CUST00660,2024-07-31 10:05:36,Bank Transfer,Restaurants,114.5,2577.17,2462.67,,ATM Machine,United States,8.1,60,Female,16,0,0,56-65,10,0,0,0.04442857863470396,0.04442857863470396,0,139.48
TXN000871,CUST01692,2024-07-31 18:09:59,Online Purchase,Fashion & Apparel,25.48,3717.11,3738.11,Yes,POS Terminal,United Kingdom,18.5,48,Female,7,0,0,46-55,18,0,0,-0.005649550322696934,0.00685478772487228,0,144.15
TXN000872,CUST01688,2024-07-31 18:50:17,Wire Transfer,Utilities,223.68,20924.1,20700.42,,Mobile App,Canada,22.4,44,Male,30,0,0,36-45,18,0,0,0.010690065522531449,0.010690065522531437,0,128.47
TXN000873,CUST00134,2024-08-01 00:33:28,POS Purchase,Groceries,109.82,367.29,257.47,Yes,ATM Machine,United Kingdom,13.8,83,Male,96,0,0,66+,0,0,1,0.29900078956682724,0.29900078956682724,25,130.62
TXN000874,CUST00751,2024-08-01 05:39:01,Online Purchase,Healthcare,118.61,2603.11,2484.5,Yes,Web Browser,Pakistan,6.0,47,Male,86,0,0,46-55,5,0,1,0.04556472834417298,0.04556472834417293,25,103.71
TXN000875,CUST00623,2024-08-01 12:32:54,Online Purchase,Groceries,119.37,1542.0,1422.63,No,Mobile App,Canada,4.7,66,Female,21,0,0,66+,12,0,0,0.07741245136186764,0.07741245136186771,0,130.62
TXN000876,CUST00987,2024-08-01 19:59:27,ATM Withdrawal,Utilities,136.46,19936.97,19800.51,Yes,Web Browser,United States,14.4,53,Other,47,0,0,46-55,19,0,0,0.00684457066444915,0.006844570664449011,0,128.47
TXN000877,CUST00981,2024-08-01 20:33:40,POS Purchase,Online Services,142.87,1178.92,1036.05,No,POS Terminal,Pakistan,37.2,78,Female,63,0,0,66+,20,0,0,0.12118718827401359,0.1211871882740135,30,146.23
TXN000878,CUST01222,2024-08-02 18:16:37,Online Purchase,Restaurants,153.78,1701.25,1547.47,No,Mobile App,Canada,9.1,67,Female,47,0,0,66+,18,0,0,0.09039235855988242,0.09039235855988244,0,139.48
TXN000879,CUST01110,2024-08-02 21:45:44,ATM Withdrawal,Groceries,16.31,1737.17,1720.86,No,POS Terminal,Germany,3.0,65,Male,66,0,0,56-65,21,0,0,0.009388833562633578,0.009388833562633477,30,130.62
TXN000880,CUST00495,2024-08-03 06:41:07,Wire Transfer,Restaurants,105.77,2405.8,2300.03,,ATM Machine,Pakistan,23.9,24,Male,82,0,0,18-25,6,1,0,0.04396458558483663,0.04396458558483664,0,139.48
TXN000881,CUST01062,2024-08-03 13:38:25,POS Purchase,Fashion & Apparel,29.05,7683.98,7654.93,Yes,Web Browser,United Kingdom,19.3,63,Male,133,0,0,56-65,13,1,0,0.0037805928698407955,0.00378059286984089,0,144.15
TXN000882,CUST00065,2024-08-03 15:53:17,ATM Withdrawal,Utilities,52.22,1807.14,1754.92,Yes,Mobile App,Pakistan,39.2,77,Female,180,0,0,66+,15,1,0,0.028896488373894677,0.02889648837389466,0,128.47
TXN000883,CUST00463,2024-08-03 18:14:53,Wire Transfer,Travel,758.15,2392.57,1634.42,,Web Browser,Australia,8.0,67,Male,25,0,0,66+,18,1,0,0.31687683118989207,0.316876831189892,0,483.02
TXN000884,CUST00705,2024-08-03 20:12:46,Online Purchase,Groceries,168.98,1615.51,1835.51,No,POS Terminal,United Kingdom,6.1,84,Female,116,0,0,66+,20,1,0,-0.13617990603586483,0.104598547827002,0,130.62
TXN000885,CUST00681,2024-08-04 09:33:44,POS Purchase,Entertainment,93.26,1577.64,1484.38,Yes,Mobile App,United Kingdom,5.0,45,Female,135,0,0,36-45,9,1,0,0.05911361273801373,0.05911361273801374,0,166.95
TXN000886,CUST01215,2024-08-04 11:50:27,Online Purchase,Healthcare,248.9,4867.47,5198.47,No,ATM Machine,Pakistan,0.4,71,Male,3,0,0,66+,11,1,0,-0.0680024735642952,0.051135394773876366,0,103.71
TXN000887,CUST00770,2024-08-04 15:07:03,Bank Transfer,Groceries,34.81,641.46,606.65,,ATM Machine,Germany,24.1,64,Male,21,0,0,56-65,15,1,0,0.05426682879680737,0.05426682879680728,0,130.62
TXN000888,CUST01608,2024-08-04 20:26:13,Online Purchase,Restaurants,19.25,1421.22,1401.97,No,ATM Machine,United Kingdom,10.9,81,Female,94,0,0,66+,20,1,0,0.01354470103150814,0.01354470103150814,0,139.48
TXN000889,CUST01052,2024-08-04 22:09:20,Online Purchase,Fashion & Apparel,1044.41,1440.84,396.43,Yes,Web Browser,United States,9.5,59,Male,123,0,0,56-65,22,1,0,0.7248618861219843,0.7248618861219845,10,144.15
TXN000890,CUST00044,2024-08-04 22:22:36,Online Purchase,Online Services,222.71,4893.79,4671.08,No,ATM Machine,Canada,185.4,40,Female,44,1,1,36-45,22,1,0,0.04550869571436454,0.045508695714364535,35,146.23
TXN000891,CUST00530,2024-08-05 16:53:43,Online Purchase,Fuel,324.3,1353.8,1029.5,Yes,Web Browser,United States,7.3,55,Female,64,0,0,46-55,16,0,0,0.23954793913428865,0.23954793913428868,0,147.4
TXN000892,CUST00733,2024-08-05 17:35:56,Wire Transfer,Online Services,44.02,4179.9,4135.88,,Web Browser,United Kingdom,6.0,60,Male,127,0,0,56-65,17,0,0,0.010531352424699044,0.010531352424699157,0,146.23
TXN000893,CUST00085,2024-08-05 19:47:25,Bill Payment,Travel,37.39,4485.1,4447.71,,Web Browser,United States,76.7,33,Female,2,0,0,26-35,19,0,0,0.008336491939979113,0.00833649193997904,0,483.02
TXN000894,CUST00127,2024-08-05 19:50:36,ATM Withdrawal,Fuel,333.63,2118.72,1785.09,No,Mobile App,Pakistan,0.7,56,Female,16,0,0,56-65,19,0,0,0.15746771635704573,0.1574677163570458,30,147.4
TXN000895,CUST00020,2024-08-05 22:23:11,POS Purchase,Home Improvement,394.5,214.12,-180.38,No,Mobile App,United States,89.0,64,Male,30,2,1,56-65,22,0,0,1.0,1.8424248085185877,70,202.64
TXN000896,CUST00468,2024-08-06 05:48:08,POS Purchase,Restaurants,82.16,6799.33,6717.17,No,Web Browser,Pakistan,0.3,36,Female,66,0,0,36-45,5,0,1,0.012083543525612061,0.012083543525612082,55,139.48
TXN000897,CUST00965,2024-08-06 14:23:15,Bank Transfer,Jewelry & Luxury,46.22,6076.15,6029.93,,Web Browser,United Kingdom,12.9,79,Male,127,0,0,66+,14,0,0,0.007606790484105782,0.0076067904841058895,0,145.81
TXN000898,CUST01536,2024-08-06 15:29:03,Bank Transfer,Utilities,20.32,2752.01,2731.69,,Mobile App,Canada,8.1,33,Male,172,0,0,26-35,15,0,0,0.007383694099948823,0.007383694099948764,0,128.47
TXN000899,CUST00924,2024-08-07 04:21:13,Bank Transfer,Restaurants,29.27,20346.22,20316.95,,Web Browser,Australia,17.0,70,Male,108,0,0,66+,4,0,1,0.0014385964567374399,0.0014385964567374184,25,139.48
TXN000900,CUST01160,2024-08-07 08:07:48,POS Purchase,Fashion & Apparel,30.24,3789.28,3759.04,Yes,Mobile App,Canada,10.8,77,Male,102,0,0,66+,8,0,0,0.007980407887514312,0.00798040788751425,0,144.15
TXN000901,CUST00948,2024-08-07 13:36:36,POS Purchase,Restaurants,636.65,4287.88,3651.23,Yes,Mobile App,United Kingdom,0.8,61,Female,81,0,0,56-65,13,0,0,0.14847663647303563,0.1484766364730356,0,139.48
TXN000902,CUST00323,2024-08-07 18:28:14,Online Purchase,Groceries,70.97,10129.33,10058.36,No,Mobile App,United Kingdom,4.2,74,Male,63,0,0,66+,18,0,0,0.007006386404628869,0.0070063864046289335,0,130.62
TXN000903,CUST00153,2024-08-07 23:42:28,ATM Withdrawal,Entertainment,75.63,1169.59,1093.96,No,POS Terminal,United Kingdom,10.4,81,Female,92,0,0,66+,23,0,0,0.06466368556502697,0.06466368556502707,30,166.95
TXN000904,CUST00592,2024-08-08 10:27:05,POS Purchase,Utilities,1225.67,3393.19,2167.52,No,POS Terminal,United Kingdom,29.4,53,Male,100,0,0,46-55,10,0,0,0.36121466820307735,0.36121466820307735,30,128.47
TXN000905,CUST01496,2024-08-08 10:57:38,Online Purchase,Groceries,77.83,1444.47,1839.47,No,POS Terminal,Pakistan,13.4,61,Female,31,0,0,56-65,10,0,0,-0.2734567003814548,0.05388135440680664,0,130.62
TXN000906,CUST00683,2024-08-09 14:00:45,Bill Payment,Restaurants,618.2,2394.48,1776.28,,Web Browser,United States,13.8,77,Female,122,0,0,66+,14,0,0,0.2581771407570746,0.2581771407570746,0,139.48
TXN000907,CUST00586,2024-08-09 14:10:46,Bill Payment,Groceries,122.69,5087.16,4964.47,,POS Terminal,Canada,0.1,40,Male,42,0,0,36-45,14,0,0,0.02411758230525472,0.0241175823052548,0,130.62
TXN000908,CUST00947,2024-08-09 15:59:16,Online Purchase,Entertainment,82.13,8074.6,7992.47,No,Mobile App,United States,4.1,27,Female,59,0,0,26-35,15,0,0,0.010171401679340166,0.010171401679340152,0,166.95
TXN000909,CUST01243,2024-08-09 17:13:48,Online Purchase,Electronics,152.37,4804.76,4652.39,No,Web Browser,UAE,7.2,70,Female,99,0,0,66+,17,0,0,0.03171230196721582,0.03171230196721584,0,132.66
TXN000910,CUST01357,2024-08-10 08:45:07,Online Purchase,Groceries,37.22,7492.72,7455.5,Yes,POS Terminal,UAE,13.9,52,Female,104,0,0,46-55,8,1,0,0.004967488442114513,0.004967488442114479,0,130.62
TXN000911,CUST00260,2024-08-10 18:55:34,Bank Transfer,Home Improvement,646.78,1363.56,716.78,,Web Browser,United Kingdom,1.9,80,Female,11,1,0,66+,18,1,0,0.4743318959195048,0.4743318959195048,15,202.64
TXN000912,CUST00306,2024-08-11 11:18:51,POS Purchase,Restaurants,44.07,1621.84,1577.77,No,Mobile App,United Kingdom,4.1,44,Male,148,0,0,36-45,11,1,0,0.02717284072411578,0.02717284072411582,30,139.48
TXN000913,CUST00916,2024-08-11 14:30:59,Online Purchase,Travel,89.14,2486.26,2397.12,Yes,Web Browser,United Kingdom,6.9,51,Female,149,0,0,46-55,14,1,0,0.03585304835375235,0.03585304835375222,0,483.02
TXN000914,CUST01571,2024-08-11 17:17:54,Bill Payment,Fashion & Apparel,31.0,10396.34,10365.34,,Mobile App,Pakistan,0.8,58,Male,18,0,0,56-65,17,1,0,0.0029818186015463134,0.0029818186015463134,0,144.15
TXN000915,CUST01264,2024-08-12 09:01:31,Bank Transfer,Healthcare,33.82,7989.16,7955.34,,POS Terminal,Canada,11.9,72,Male,81,0,0,66+,9,0,0,0.004233236034827155,0.004233236034827191,0,103.71
TXN000916,CUST01224,2024-08-12 10:27:58,Bank Transfer,Fuel,159.08,4492.94,4333.86,,Mobile App,Germany,9.1,78,Male,158,0,0,66+,10,0,0,0.0354066602269338,0.03540666022693382,0,147.4
TXN000917,CUST01462,2024-08-12 12:38:01,POS Purchase,Utilities,175.17,9761.56,9586.39,Yes,Mobile App,United Kingdom,5.4,42,Male,100,0,0,36-45,12,0,0,0.017944877662996496,0.01794487766299649,0,128.47
TXN000918,CUST00026,2024-08-12 18:45:44,POS Purchase,Electronics,62.68,5599.26,5536.58,Yes,Mobile App,United States,5.0,40,Male,14,0,0,36-45,18,0,0,0.011194336394452175,0.011194336394452123,0,132.66
TXN000919,CUST01053,2024-08-12 23:39:10,Bill Payment,Online Services,39.62,876.78,837.16,,Mobile App,Pakistan,38.5,18,Male,14,0,0,18-25,23,0,0,0.045188074545496025,0.04518807454549602,0,146.23
TXN000920,CUST00349,2024-08-13 06:56:22,Wire Transfer,Utilities,169.63,5249.69,5080.06,,Mobile App,United States,0.6,40,Female,65,0,0,36-45,6,0,0,0.03231238415982643,0.03231238415982658,0,128.47
TXN000921,CUST00207,2024-08-13 19:31:54,Online Purchase,Groceries,59.21,1261.05,1201.84,Yes,Web Browser,Pakistan,7.5,82,Female,27,0,0,66+,19,0,0,0.04695293604535906,0.04695293604535903,0,130.62
TXN000922,CUST00316,2024-08-14 08:03:31,Online Purchase,Restaurants,184.31,5439.65,5819.65,No,Mobile App,UAE,22.8,41,Female,4,0,0,36-45,8,0,0,-0.06985743568060446,0.033882694658663705,0,139.48
TXN000923,CUST00220,2024-08-14 09:15:38,ATM Withdrawal,Fashion & Apparel,236.45,19483.54,19247.09,Yes,ATM Machine,Pakistan,1.7,30,Male,130,0,0,26-35,9,0,0,0.012135884957251132,0.012135884957251094,0,144.15
TXN000924,CUST01226,2024-08-14 10:03:34,Online Purchase,Jewelry & Luxury,136.72,3568.94,3432.22,Yes,ATM Machine,United Kingdom,18.2,47,Male,163,0,0,46-55,10,0,0,0.03830829321871487,0.038308293218714796,0,145.81
TXN000925,CUST00035,2024-08-14 11:23:45,POS Purchase,Fuel,3926.16,5077.06,5319.06,No,Mobile App,United States,240.0,41,Male,106,0,1,36-45,11,0,0,-0.04766538114578121,0.7733136894186792,60,147.4
TXN000926,CUST01605,2024-08-14 14:51:00,Online Purchase,Utilities,105.69,4996.19,4890.5,No,Mobile App,United Kingdom,32.7,76,Female,44,0,0,66+,14,0,0,0.02115411943901245,0.02115411943901253,0,128.47
TXN000927,CUST00460,2024-08-14 20:32:06,POS Purchase,Restaurants,79.2,5665.25,5586.05,Yes,Web Browser,Australia,6.1,76,Female,24,0,0,66+,20,0,0,0.013979965579630169,0.013979965579630202,0,139.48
TXN000928,CUST01232,2024-08-15 19:14:55,Online Purchase,Healthcare,393.94,194.41,647.41,Yes,Web Browser,Australia,12.0,56,Male,119,0,0,56-65,19,0,0,-1.0,2.0263360938223345,10,103.71
TXN000929,CUST00830,2024-08-16 00:49:15,Online Purchase,Fashion & Apparel,314.83,548.56,233.73,No,POS Terminal,UAE,22.0,22,Female,127,0,0,18-25,0,0,1,0.573920810850226,0.5739208108502261,35,144.15
TXN000930,CUST00494,2024-08-16 07:15:39,Bank Transfer,Fuel,107.82,5210.92,5103.1,,POS Terminal,United Kingdom,15.4,18,Female,90,0,0,18-25,7,0,0,0.020691163940340613,0.02069116394034067,0,147.4
TXN000931,CUST01394,2024-08-16 09:09:02,Bank Transfer,Fuel,65.03,2382.56,2317.53,,POS Terminal,Canada,27.0,22,Male,42,0,0,18-25,9,0,0,0.02729417097575706,0.02729417097575717,0,147.4
TXN000932,CUST01670,2024-08-16 09:51:07,Wire Transfer,Healthcare,40.2,6101.24,6061.04,,Mobile App,United Kingdom,51.8,69,Female,89,0,0,66+,9,0,0,0.00658882456680934,0.00658882456680937,0,103.71
TXN000933,CUST00724,2024-08-16 11:30:50,Online Purchase,Fashion & Apparel,104.25,5982.48,5878.23,Yes,POS Terminal,Pakistan,8.7,66,Male,126,0,0,66+,11,0,0,0.017425883580053758,0.017425883580053758,0,144.15
TXN000934,CUST00970,2024-08-16 12:23:52,Bank Transfer,Electronics,606.43,5398.85,4792.42,,Web Browser,Canada,10.1,70,Female,159,0,0,66+,12,0,0,0.1123257730813044,0.11232577308130433,0,132.66
TXN000935,CUST01668,2024-08-16 19:38:14,Online Purchase,Restaurants,145.32,13824.87,13679.55,No,POS Terminal,Pakistan,2.0,60,Female,73,0,0,56-65,19,0,0,0.010511491247295744,0.010511491247295633,0,139.48
TXN000936,CUST01470,2024-08-16 19:50:37,Online Purchase,Groceries,202.33,8954.71,8752.38,No,ATM Machine,UAE,14.5,36,Male,111,0,0,36-45,19,0,0,0.02259481323236598,0.022594813232365986,0,130.62
TXN000937,CUST01341,2024-08-17 08:19:48,ATM Withdrawal,Online Services,22.62,1721.7,1699.08,Yes,POS Terminal,Pakistan,0.2,41,Female,180,0,0,36-45,8,1,0,0.013138177382819374,0.013138177382819307,0,146.23
TXN000938,CUST01687,2024-08-17 15:20:46,Bank Transfer,Groceries,69.07,1936.8,1867.73,,Web Browser,United Kingdom,0.6,24,Other,114,0,0,18-25,15,1,0,0.03566191656340352,0.03566191656340355,0,130.62
TXN000939,CUST00393,2024-08-17 15:30:48,POS Purchase,Electronics,480.45,6977.71,7256.71,Yes,POS Terminal,UAE,7.6,77,Female,144,0,0,66+,15,1,0,-0.0399844648172538,0.06885496817723866,0,132.66
TXN000940,CUST01010,2024-08-17 19:46:03,Bank Transfer,Fashion & Apparel,103.41,1601.92,1498.51,,POS Terminal,United Kingdom,11.7,41,Female,59,0,0,36-45,19,1,0,0.06455378545745111,0.06455378545745105,0,144.15
TXN000941,CUST01466,2024-08-18 23:41:44,Online Purchase,Healthcare,292.81,1245.96,953.15,No,Mobile App,Australia,2.9,67,Male,122,0,0,66+,23,1,0,0.23500754438344734,0.2350075443834473,0,103.71
TXN000942,CUST00859,2024-08-19 17:23:03,ATM Withdrawal,Online Services,57.86,1063.75,1005.89,No,Mobile App,United Kingdom,15.2,35,Female,58,0,0,26-35,17,0,0,0.05439247943595771,0.054392479435957694,30,146.23
TXN000943,CUST00362,2024-08-19 18:16:55,Bill Payment,Fashion & Apparel,118.27,2777.13,2658.86,,Mobile App,Australia,4.2,77,Male,154,0,0,66+,18,0,0,0.042587131319023586,0.04258713131902359,0,144.15
TXN000944,CUST01010,2024-08-19 20:50:46,Online Purchase,Entertainment,223.21,1904.71,1681.5,No,POS Terminal,United Kingdom,11.0,20,Male,72,0,0,18-25,20,0,0,0.11718844338508226,0.11718844338508225,0,166.95
TXN000945,CUST00639,2024-08-20 08:26:17,Online Purchase,Restaurants,150.0,3079.42,2929.42,Yes,Web Browser,United Kingdom,0.4,66,Female,5,0,0,66+,8,0,0,0.04871047145241636,0.04871047145241636,0,139.48
TXN000946,CUST00347,2024-08-20 08:27:49,Bank Transfer,Home Improvement,333.31,4664.73,4331.42,,POS Terminal,United Kingdom,24.2,35,Female,81,0,0,26-35,8,0,0,0.07145322451674578,0.07145322451674589,0,202.64
TXN000947,CUST00736,2024-08-20 10:40:54,POS Purchase,Healthcare,47.34,8872.81,8825.47,Yes,Web Browser,United States,30.0,49,Male,165,0,0,46-55,10,0,0,0.005335401073617056,0.00533540107361704,0,103.71
TXN000948,CUST00120,2024-08-20 11:39:29,Online Purchase,Healthcare,37.47,1787.08,1749.61,Yes,Mobile App,Australia,10.1,50,Female,172,0,0,46-55,11,0,0,0.020967164312733638,0.02096716431273362,0,103.71
TXN000949,CUST00755,2024-08-20 14:42:00,Wire Transfer,Entertainment,144.6,3647.19,3502.59,,Mobile App,Australia,19.3,18,Female,125,0,0,18-25,14,0,0,0.03964696108510933,0.03964696108510936,0,166.95
TXN000950,CUST00107,2024-08-20 15:30:19,POS Purchase,Utilities,68.47,3324.64,3256.17,Yes,Mobile App,Pakistan,34.3,58,Male,178,0,0,56-65,15,0,0,0.020594711006304382,0.02059471100630444,0,128.47
TXN000951,CUST00100,2024-08-20 15:53:05,ATM Withdrawal,Entertainment,79.42,1327.31,1247.89,Yes,POS Terminal,Australia,0.9,49,Male,35,0,0,46-55,15,0,0,0.059835305994831535,0.05983530599483165,0,166.95
TXN000952,CUST01233,2024-08-20 17:09:13,Bill Payment,Electronics,46.98,3268.6,3221.62,,ATM Machine,United Kingdom,2.7,50,Female,85,0,0,46-55,17,0,0,0.014373126109037515,0.014373126109037508,0,132.66
TXN000953,CUST01350,2024-08-20 17:28:07,ATM Withdrawal,Online Services,525.56,7898.44,7372.88,No,Web Browser,Canada,1.2,25,Male,155,0,0,18-25,17,0,0,0.0665397217678427,0.06653972176784276,30,146.23
TXN000954,CUST00569,2024-08-20 17:36:05,POS Purchase,Electronics,22.18,234.88,212.7,Yes,Mobile App,United Kingdom,6.0,55,Male,144,0,0,46-55,17,0,0,0.09443119891008177,0.09443119891008174,0,132.66
TXN000955,CUST01008,2024-08-21 00:27:36,Bank Transfer,Healthcare,327.2,2321.32,1994.12,,Mobile App,Pakistan,6.6,22,Male,170,0,0,18-25,0,0,1,0.14095428463115825,0.1409542846311581,25,103.71
TXN000956,CUST00003,2024-08-21 07:58:08,Online Purchase,Groceries,109.35,1612.52,1503.17,Yes,POS Terminal,United States,16.0,72,Female,113,0,0,66+,7,0,0,0.06781311239550511,0.06781311239550517,0,130.62
TXN000957,CUST01327,2024-08-21 14:36:11,POS Purchase,Groceries,106.59,4727.1,4620.51,No,POS Terminal,Australia,1.4,73,Female,13,0,0,66+,14,0,0,0.022548708510503297,0.02254870851050327,30,130.62
TXN000958,CUST01072,2024-08-21 17:38:51,Wire Transfer,Online Services,106.62,16053.02,15946.4,,Web Browser,United Kingdom,16.9,25,Female,145,1,0,18-25,17,0,0,0.006641740930989981,0.006641740930989932,15,146.23
TXN000959,CUST01271,2024-08-21 18:40:25,Bank Transfer,Restaurants,226.92,8183.85,7956.93,,POS Terminal,United Kingdom,30.6,66,Female,47,0,0,66+,18,0,0,0.027727780934401296,0.027727780934401286,0,139.48
TXN000960,CUST01274,2024-08-21 20:52:56,Online Purchase,Fashion & Apparel,19.79,2662.71,2642.92,Yes,Web Browser,United Kingdom,7.4,51,Female,8,0,0,46-55,20,0,0,0.007432277641951231,0.007432277641951245,0,144.15
TXN000961,CUST00349,2024-08-22 15:23:24,POS Purchase,Home Improvement,131.84,1578.44,1446.6,No,POS Terminal,Canada,34.8,22,Male,170,0,0,18-25,15,0,0,0.08352550619599107,0.08352550619599097,30,202.64
TXN000962,CUST01313,2024-08-23 16:44:43,Online Purchase,Groceries,97.48,1650.26,1552.78,No,POS Terminal,United Kingdom,9.0,49,Male,93,1,0,46-55,16,0,0,0.05906947996073347,0.059069479960733466,15,130.62
TXN000963,CUST00689,2024-08-23 17:00:18,Online Purchase,Groceries,36.51,4973.78,4937.27,Yes,POS Terminal,Canada,6.0,71,Female,115,0,0,66+,17,0,0,0.007340493548166447,0.007340493548166586,0,130.62
TXN000964,CUST01139,2024-08-23 18:53:08,Online Purchase,Fashion & Apparel,81.52,4334.4,4252.88,No,Web Browser,Germany,1.2,56,Male,144,0,0,56-65,18,0,0,0.018807678110003584,0.01880767811000369,0,144.15
TXN000965,CUST00980,2024-08-23 20:34:21,POS Purchase,Online Services,244.18,6965.01,6720.83,No,POS Terminal,United Kingdom,8.4,81,Female,31,0,0,66+,20,0,0,0.03505809754759868,0.035058097547598636,30,146.23
TXN000966,CUST00173,2024-08-24 01:15:27,Bill Payment,Restaurants,84.25,8382.44,8298.19,,ATM Machine,Canada,12.0,27,Male,81,0,0,26-35,1,1,1,0.01005077280600875,0.01005077280600875,25,139.48
TXN000967,CUST00241,2024-08-24 11:17:24,POS Purchase,Healthcare,198.73,4636.33,4437.6,Yes,Mobile App,Germany,1.6,31,Male,88,0,0,26-35,11,1,0,0.04286364430487035,0.04286364430487045,0,103.71
TXN000968,CUST01586,2024-08-24 11:27:28,Bank Transfer,Entertainment,44.16,2760.7,2716.54,,Mobile App,Pakistan,10.1,36,Male,39,0,0,36-45,11,1,0,0.015995943057920042,0.01599594305792009,0,166.95
TXN000969,CUST00123,2024-08-24 20:40:11,ATM Withdrawal,Fuel,53.79,1384.17,1330.38,Yes,POS Terminal,Germany,17.3,80,Male,129,0,0,66+,20,1,0,0.038860833568131053,0.03886083356813108,0,147.4
TXN000970,CUST01150,2024-08-25 07:31:40,POS Purchase,Healthcare,161.37,8655.39,8494.02,Yes,Web Browser,United States,1.7,38,Female,112,0,0,36-45,7,1,0,0.018643873932890256,0.018643873932890374,0,103.71
TXN000971,CUST00378,2024-08-25 14:40:30,POS Purchase,Utilities,169.34,6495.8,6326.46,No,Mobile App,Canada,32.7,76,Female,151,0,0,66+,14,1,0,0.026069152375381037,0.026069152375381016,30,128.47
TXN000972,CUST01043,2024-08-25 16:01:38,Bank Transfer,Groceries,1205.82,5701.85,4496.03,,POS Terminal,United Kingdom,26.7,40,Male,172,0,0,36-45,16,1,0,0.21147873058744102,0.2114787305874409,0,130.62
TXN000973,CUST00039,2024-08-25 19:04:18,Bank Transfer,Utilities,101.23,5810.32,5709.09,,Web Browser,Germany,3.8,42,Male,169,0,0,36-45,19,1,0,0.01742244833331031,0.017422448333310386,0,128.47
TXN000974,CUST01123,2024-08-26 06:53:24,ATM Withdrawal,Fashion & Apparel,239.3,8801.08,8561.78,No,Mobile App,United States,29.1,67,Female,156,1,0,66+,6,0,0,0.027189844882673408,0.02718984488267349,45,144.15
TXN000975,CUST01175,2024-08-26 08:16:24,ATM Withdrawal,Fuel,138.73,4387.35,4248.62,Yes,Mobile App,United Kingdom,3.0,50,Female,100,0,0,46-55,8,0,0,0.03162045426054463,0.031620454260544516,0,147.4
TXN000976,CUST00238,2024-08-26 15:54:23,Online Purchase,Fashion & Apparel,96.66,1647.23,1550.57,Yes,Web Browser,Pakistan,20.9,83,Male,143,0,0,66+,15,0,0,0.05868033000855987,0.05868033000855982,0,144.15
TXN000977,CUST00725,2024-08-26 15:56:30,POS Purchase,Groceries,64.08,2492.47,2935.47,Yes,Mobile App,United States,13.7,54,Female,116,0,0,46-55,15,0,0,-0.17773533884058787,0.025709436823713024,0,130.62
TXN000978,CUST01463,2024-08-27 06:09:28,POS Purchase,Restaurants,193.76,3584.64,3390.88,Yes,Mobile App,United Kingdom,5.8,85,Male,62,0,0,66+,6,0,0,0.054052847705766766,0.05405284770576683,0,139.48
TXN000979,CUST01200,2024-08-28 07:28:27,POS Purchase,Fashion & Apparel,95.96,2096.38,2000.42,No,Mobile App,UAE,4.0,30,Male,17,0,0,26-35,7,0,0,0.04577414400061059,0.04577414400061057,30,144.15
TXN000980,CUST00484,2024-08-28 09:24:35,Bill Payment,Entertainment,279.84,3424.07,3144.23,,Mobile App,India,52.6,53,Male,46,0,0,46-55,9,0,0,0.08172730113578289,0.08172730113578285,0,166.95
TXN000981,CUST01590,2024-08-28 12:30:24,POS Purchase,Entertainment,80.91,1188.34,1107.43,Yes,POS Terminal,India,6.8,53,Female,75,0,0,46-55,12,0,0,0.06808657454937127,0.06808657454937139,0,166.95
TXN000982,CUST01509,2024-08-28 14:07:44,POS Purchase,Jewelry & Luxury,49.51,33522.71,33473.2,No,Mobile App,Pakistan,5.4,33,Female,1,0,0,26-35,14,0,0,0.0014769092355600736,0.001476909235560013,30,145.81
TXN000983,CUST01262,2024-08-28 21:53:24,Online Purchase,Fuel,295.18,3656.51,3361.33,Yes,POS Terminal,United States,3.7,84,Female,151,0,0,66+,21,0,0,0.08072725084848674,0.08072725084848667,0,147.4
TXN000984,CUST01241,2024-08-29 08:15:02,POS Purchase,Online Services,52.31,7398.36,7346.05,Yes,Web Browser,Pakistan,11.7,71,Female,94,0,0,66+,8,0,0,0.00707048589146777,0.007070485891467839,0,146.23
TXN000985,CUST00201,2024-08-29 17:48:34,ATM Withdrawal,Healthcare,329.95,5005.87,4675.92,No,ATM Machine,United States,17.0,45,Male,110,0,0,36-45,17,0,0,0.06591261858578026,0.06591261858578029,30,103.71
TXN000986,CUST01181,2024-08-29 18:41:13,ATM Withdrawal,Jewelry & Luxury,112.67,5063.93,4951.26,Yes,Mobile App,UAE,5.0,85,Female,179,0,0,66+,18,0,0,0.022249517667108365,0.02224951766710835,0,145.81
TXN000987,CUST01669,2024-08-29 19:04:19,POS Purchase,Restaurants,66.77,2499.79,2433.02,Yes,Web Browser,India,0.1,54,Male,43,0,0,46-55,19,0,0,0.026710243660467474,0.026710243660467477,0,139.48
TXN000988,CUST01132,2024-08-29 19:04:33,ATM Withdrawal,Groceries,129.21,1222.04,1092.83,No,POS Terminal,United Kingdom,11.8,51,Male,155,0,0,46-55,19,0,0,0.10573303656181471,0.10573303656181468,30,130.62
TXN000989,CUST01639,2024-08-29 19:39:23,Bill Payment,Fashion & Apparel,46.98,2462.96,2415.98,,Mobile App,United Kingdom,10.7,72,Male,31,0,0,66+,19,0,0,0.019074609413063964,0.019074609413063954,0,144.15
TXN000990,CUST00983,2024-08-30 08:40:06,Bank Transfer,Groceries,222.59,12480.23,12257.64,,Web Browser,Germany,5.6,82,Other,34,0,0,66+,8,0,0,0.01783540848205523,0.01783540848205522,0,130.62
TXN000991,CUST01679,2024-08-30 09:08:00,Online Purchase,Entertainment,155.75,4044.55,3888.8,No,Mobile App,Germany,21.7,56,Female,178,0,0,56-65,9,0,0,0.03850861035220234,0.03850861035220234,0,166.95
TXN000992,CUST01438,2024-08-30 10:03:33,Bill Payment,Jewelry & Luxury,73.09,3749.94,3676.85,,POS Terminal,United Kingdom,1.4,40,Female,124,0,0,36-45,10,0,0,0.019490978522323062,0.019490978522323024,0,145.81
TXN000993,CUST01491,2024-08-30 11:00:38,Bill Payment,Healthcare,21.07,16468.11,16447.04,,Web Browser,Canada,11.7,66,Female,74,0,0,66+,11,0,0,0.0012794425104034226,0.0012794425104034404,0,103.71
TXN000994,CUST01110,2024-08-30 15:02:12,Online Purchase,Entertainment,488.2,9479.03,8990.83,No,POS Terminal,Pakistan,30.3,57,Female,88,0,0,56-65,15,0,0,0.05150316013347365,0.051503160133473565,0,166.95
TXN000995,CUST00392,2024-08-30 22:21:39,POS Purchase,Online Services,173.73,2025.38,1851.65,Yes,Web Browser,United Kingdom,5.8,27,Female,58,0,0,26-35,22,0,0,0.08577649626242977,0.08577649626242975,0,146.23
TXN000996,CUST01289,2024-08-31 16:34:22,Bank Transfer,Healthcare,34.36,9876.92,9842.56,,POS Terminal,United Kingdom,6.1,31,Male,23,0,0,26-35,16,1,0,0.003478817283120708,0.003478817283120649,0,103.71
TXN000997,CUST00645,2024-08-31 17:51:17,Bank Transfer,Healthcare,214.03,5232.55,5018.52,,ATM Machine,United States,7.3,25,Male,2,0,0,18-25,17,1,0,0.040903574738893986,0.040903574738894034,0,103.71
TXN000998,CUST01658,2024-09-01 20:42:42,Wire Transfer,Restaurants,120.46,1603.52,1483.06,,Mobile App,Pakistan,7.6,25,Female,1,0,0,18-25,20,1,0,0.0751222310915985,0.07512223109159848,0,139.48
TXN000999,CUST00861,2024-09-02 19:30:06,Bill Payment,Utilities,163.2,1434.29,1271.09,,Mobile App,Canada,12.0,46,Female,124,0,0,46-55,19,0,0,0.11378452056418162,0.11378452056418158,0,128.47
TXN001000,CUST00520,2024-09-02 20:07:11,Online Purchase,Entertainment,257.53,795.14,537.61,No,Mobile App,United States,14.9,21,Male,115,0,0,18-25,20,0,0,0.3238800714339613,0.3238800714339613,0,166.95
TXN001001,CUST00947,2024-09-03 09:24:07,POS Purchase,Groceries,18.5,14601.8,14583.3,No,Mobile App,Pakistan,21.6,82,Male,89,0,0,66+,9,0,0,0.0012669670862496406,0.0012669670862496406,30,130.62
TXN001002,CUST00173,2024-09-03 13:04:06,Bill Payment,Fashion & Apparel,246.71,1332.04,1085.33,,Web Browser,United States,5.0,47,Female,87,0,0,46-55,13,0,0,0.1852121557911174,0.18521215579111738,0,144.15
TXN001003,CUST01465,2024-09-03 15:13:27,Online Purchase,Entertainment,70.02,5637.24,5567.22,Yes,POS Terminal,India,15.5,57,Female,96,0,0,56-65,15,0,0,0.012420971965004067,0.01242097196500415,0,166.95
TXN001004,CUST01172,2024-09-03 17:11:07,ATM Withdrawal,Restaurants,163.6,15630.53,15466.93,Yes,Mobile App,Pakistan,2.0,59,Male,68,0,0,56-65,17,0,0,0.010466695627083685,0.010466695627083663,0,139.48
TXN001005,CUST01571,2024-09-03 19:02:29,ATM Withdrawal,Groceries,319.2,3765.65,3446.45,No,Mobile App,United States,10.3,71,Female,69,0,0,66+,19,0,0,0.08476624221581938,0.08476624221581931,30,130.62
TXN001006,CUST01299,2024-09-04 12:04:07,Bank Transfer,Entertainment,47.83,7925.43,7877.6,,POS Terminal,Canada,7.0,76,Male,27,0,0,66+,12,0,0,0.006035003778974759,0.006035003778974768,0,166.95
TXN001007,CUST00070,2024-09-04 18:06:57,ATM Withdrawal,Groceries,71.56,1851.98,1780.42,Yes,POS Terminal,United Kingdom,24.2,75,Male,130,0,0,66+,18,0,0,0.03863972613095171,0.03863972613095174,0,130.62
TXN001008,CUST01361,2024-09-04 19:28:08,Wire Transfer,Fuel,204.01,7183.12,6979.11,,Mobile App,United Kingdom,1.5,38,Female,109,0,0,36-45,19,0,0,0.028401307509828628,0.028401307509828597,0,147.4
TXN001009,CUST01156,2024-09-05 01:01:24,Online Purchase,Groceries,126.36,9693.21,9566.85,Yes,Mobile App,Pakistan,19.1,29,Female,53,0,0,26-35,1,0,1,0.013035929274203157,0.013035929274203283,25,130.62
TXN001010,CUST01720,2024-09-05 02:35:29,POS Purchase,Fashion & Apparel,156.7,1639.64,1482.94,Yes,Web Browser,United Kingdom,0.5,78,Female,165,0,0,66+,2,0,1,0.09556975921543756,0.09556975921543752,25,144.15
TXN001011,CUST00858,2024-09-05 17:18:04,Online Purchase,Electronics,309.45,4768.53,5107.53,No,Web Browser,Germany,8.6,59,Male,6,0,0,56-65,17,0,0,-0.0710910909651402,0.06489421268189569,0,132.66
TXN001012,CUST01339,2024-09-06 08:24:27,POS Purchase,Electronics,110.79,1749.74,1638.95,Yes,Mobile App,United States,1.0,46,Male,52,0,0,46-55,8,0,0,0.06331797867111683,0.06331797867111685,0,132.66
TXN001013,CUST00973,2024-09-06 09:50:17,POS Purchase,Travel,67.17,1425.88,1358.71,Yes,Mobile App,Canada,35.1,27,Female,81,0,0,26-35,9,0,0,0.04710775100288949,0.04710775100288944,0,483.02
TXN001014,CUST01498,2024-09-06 17:17:07,POS Purchase,Entertainment,94.89,2961.29,2866.4,Yes,Web Browser,Pakistan,12.8,59,Female,21,0,0,56-65,17,0,0,0.032043467542861345,0.03204346754286139,0,166.95
TXN001015,CUST00873,2024-09-06 18:55:46,Online Purchase,Restaurants,50.15,11076.53,11026.38,Yes,Mobile App,United States,57.8,59,Female,59,0,0,56-65,18,0,0,0.004527591222160862,0.004527591222160731,0,139.48
TXN001016,CUST00013,2024-09-07 00:39:04,Online Purchase,Entertainment,87.94,13151.71,13063.77,No,Mobile App,United Kingdom,49.6,73,Male,23,2,1,66+,0,1,1,0.006686582961455103,0.006686582961455203,55,166.95
TXN001017,CUST00480,2024-09-07 02:16:25,POS Purchase,Travel,440.81,3916.52,3475.71,No,Mobile App,United States,4.1,84,Male,134,0,0,66+,2,1,1,0.11255144873510156,0.11255144873510158,55,483.02
TXN001018,CUST01206,2024-09-07 08:31:35,POS Purchase,Restaurants,108.74,4783.4,4674.66,Yes,Mobile App,Australia,31.2,53,Female,94,0,0,46-55,8,1,0,0.022732784212066686,0.02273278421206673,0,139.48
TXN001019,CUST00779,2024-09-07 14:15:45,Bank Transfer,Entertainment,969.93,3832.0,2862.07,,Mobile App,Germany,9.4,74,Female,111,0,0,66+,14,1,0,0.25311325678496865,0.25311325678496865,0,166.95
TXN001020,CUST00692,2024-09-07 15:31:52,POS Purchase,Electronics,219.1,5847.4,5628.3,No,POS Terminal,Pakistan,38.7,31,Male,171,0,0,26-35,15,1,0,0.03746964462838175,0.03746964462838184,30,132.66
TXN001021,CUST01555,2024-09-07 16:15:32,Bank Transfer,Fuel,130.29,5433.03,5302.74,,Web Browser,UAE,6.4,30,Male,162,0,0,26-35,16,1,0,0.023981093423007045,0.02398109342300705,0,147.4
TXN001022,CUST00237,2024-09-07 17:31:03,POS Purchase,Restaurants,13.06,10406.72,10393.66,No,POS Terminal,United Kingdom,6.3,84,Male,22,0,0,66+,17,1,0,0.0012549583346145078,0.0012549583346145568,30,139.48
TXN001023,CUST00799,2024-09-08 16:18:05,POS Purchase,Healthcare,165.16,5331.57,5166.41,Yes,Mobile App,Canada,2.0,50,Female,28,0,0,46-55,16,1,0,0.030977742015953998,0.030977742015954025,0,103.71
TXN001024,CUST01329,2024-09-08 17:04:16,POS Purchase,Healthcare,47.99,5738.41,5690.42,No,POS Terminal,Germany,3.0,60,Female,27,0,0,56-65,17,1,0,0.008362943742256093,0.008362943742256131,30,103.71
TXN001025,CUST00166,2024-09-09 12:53:00,POS Purchase,Electronics,262.39,8036.21,7773.82,Yes,Mobile App,United States,2.4,55,Male,73,0,0,46-55,12,0,0,0.032650963576113655,0.03265096357611361,0,132.66
TXN001026,CUST01662,2024-09-09 16:31:02,ATM Withdrawal,Utilities,33.79,10637.29,10603.5,No,Mobile App,Pakistan,20.1,37,Male,81,1,0,36-45,16,0,0,0.003176560947384237,0.0031765609473841548,45,128.47
TXN001027,CUST00041,2024-09-10 14:32:44,Bill Payment,Utilities,112.55,14615.62,14503.07,,Mobile App,United Kingdom,3.9,27,Female,3,0,0,26-35,14,0,0,0.007700665452440682,0.007700665452440607,0,128.47
TXN001028,CUST00970,2024-09-10 16:50:08,Bank Transfer,Electronics,93.29,1875.34,1782.05,,Web Browser,United Kingdom,0.2,29,Male,103,0,0,26-35,16,0,0,0.04974564612283638,0.0497456461228364,0,132.66
TXN001029,CUST00090,2024-09-10 21:31:08,Bill Payment,Fuel,22.13,1362.31,1340.18,,Mobile App,Pakistan,7.95,32,Male,129,0,0,26-35,21,0,0,0.016244467118350363,0.01624446711835045,0,147.4
TXN001030,CUST01633,2024-09-10 23:43:52,POS Purchase,Entertainment,142.54,8128.22,7985.68,Yes,Web Browser,United Kingdom,7.2,68,Male,176,0,0,66+,23,0,0,0.017536434791381134,0.017536434791381138,0,166.95
TXN001031,CUST01342,2024-09-11 08:04:21,POS Purchase,Groceries,90.29,31553.04,31889.04,No,Mobile App,United Kingdom,2.2,64,Male,27,0,0,56-65,8,0,0,-0.010648736223197511,0.002861530933311022,30,130.62
TXN001032,CUST00080,2024-09-11 09:02:37,Online Purchase,Healthcare,182.42,3407.93,3225.51,No,Web Browser,United States,40.3,55,Male,71,0,0,46-55,9,0,0,0.05352809476720462,0.05352809476720472,0,103.71
TXN001033,CUST01707,2024-09-11 12:04:05,Online Purchase,Groceries,144.61,2981.56,2836.95,Yes,Mobile App,United Kingdom,10.3,40,Female,103,0,0,36-45,12,0,0,0.048501455613839776,0.04850145561383974,0,130.62
TXN001034,CUST01624,2024-09-11 12:27:09,Online Purchase,Restaurants,151.83,2580.55,2428.72,No,Mobile App,Canada,2.3,75,Male,113,0,0,66+,12,0,0,0.05883629458836309,0.058836294588362946,0,139.48
TXN001035,CUST00461,2024-09-11 15:08:28,POS Purchase,Entertainment,249.07,8729.29,8480.22,No,POS Terminal,United States,19.6,60,Female,108,0,0,56-65,15,0,0,0.028532675624249108,0.028532675624248934,30,166.95
TXN001036,CUST00289,2024-09-12 09:15:35,POS Purchase,Electronics,29.03,4448.25,4419.22,No,Mobile App,Pakistan,2.5,68,Female,50,0,0,66+,9,0,0,0.006526161973809868,0.006526161973809926,30,132.66
TXN001037,CUST01555,2024-09-12 10:46:40,POS Purchase,Electronics,423.33,808.78,385.45,Yes,Mobile App,Canada,9.2,79,Male,141,0,0,66+,10,0,0,0.523417987586241,0.523417987586241,10,132.66
TXN001038,CUST00149,2024-09-12 13:27:35,Bill Payment,Groceries,240.61,3738.12,3497.51,,Mobile App,Germany,13.3,83,Male,100,0,0,66+,13,0,0,0.0643665799920815,0.06436657999208159,0,130.62
TXN001039,CUST00257,2024-09-12 16:35:45,Bill Payment,Restaurants,69.75,2571.74,2501.99,,Web Browser,Pakistan,13.2,46,Female,164,0,0,46-55,16,0,0,0.027121715258929754,0.027121715258929754,0,139.48
TXN001040,CUST00377,2024-09-12 17:59:55,ATM Withdrawal,Entertainment,231.06,2040.31,1809.25,Yes,Mobile App,UAE,0.0,72,Female,41,0,0,66+,17,0,0,0.11324749670393222,0.11324749670393225,0,166.95
TXN001041,CUST01274,2024-09-12 18:37:47,Bank Transfer,Online Services,106.72,10688.0,10581.28,,POS Terminal,United States,6.6,31,Male,84,0,0,26-35,18,0,0,0.009985029940119699,0.009985029940119761,0,146.23
TXN001042,CUST00039,2024-09-12 19:48:28,Wire Transfer,Online Services,1584.27,5722.61,4138.34,,Mobile App,United Kingdom,121.9,57,Male,19,2,1,56-65,19,0,0,0.2768439575648174,0.27684395756481744,50,146.23
TXN001043,CUST00568,2024-09-13 15:15:18,Bank Transfer,Groceries,105.3,7383.25,7277.95,,POS Terminal,Pakistan,0.2,56,Female,4,0,0,56-65,15,0,0,0.014262011986591295,0.01426201198659127,0,130.62
TXN001044,CUST01581,2024-09-14 09:53:32,Online Purchase,Entertainment,74.69,1650.66,1575.97,Yes,ATM Machine,Canada,24.2,53,Female,46,1,0,46-55,9,1,0,0.04524856723977079,0.045248567239770755,15,166.95
TXN001045,CUST01359,2024-09-14 16:43:10,Bill Payment,Electronics,241.4,2113.87,1872.47,,Web Browser,Pakistan,15.1,52,Male,85,0,0,46-55,16,1,0,0.1141981294970835,0.11419812949708355,0,132.66
TXN001046,CUST00605,2024-09-14 19:37:50,ATM Withdrawal,Travel,52.09,2510.73,2458.64,Yes,Mobile App,Canada,10.7,62,Male,61,0,0,56-65,19,1,0,0.020746954073118235,0.02074695407311818,0,483.02
TXN001047,CUST00903,2024-09-14 23:46:17,Bank Transfer,Electronics,90.68,37907.3,37816.62,,Web Browser,United States,11.0,61,Male,167,0,0,56-65,23,1,0,0.002392151379813394,0.002392151379813387,0,132.66
TXN001048,CUST01659,2024-09-15 16:03:38,POS Purchase,Entertainment,49.63,3988.51,3938.88,No,Mobile App,United States,0.5,58,Female,94,0,0,56-65,16,1,0,0.012443243216138385,0.012443243216138357,30,166.95
TXN001049,CUST01612,2024-09-15 16:07:11,Online Purchase,Groceries,75.04,5548.27,5979.27,Yes,POS Terminal,Pakistan,1.9,33,Female,39,0,0,26-35,16,1,0,-0.07768187200694991,0.01352493660185968,0,130.62
TXN001050,CUST00609,2024-09-16 08:51:31,POS Purchase,Groceries,85.34,3993.05,4150.05,Yes,POS Terminal,United States,10.5,60,Female,76,0,0,56-65,8,0,0,-0.03931831557330862,0.02137213408296916,0,130.62
TXN001051,CUST00790,2024-09-16 09:12:16,Bill Payment,Fuel,283.54,5231.22,4947.68,,Mobile App,United Kingdom,3.8,33,Female,2,0,0,26-35,9,0,0,0.05420150557613711,0.054201505576137114,0,147.4
TXN001052,CUST00028,2024-09-16 11:03:49,Wire Transfer,Home Improvement,167.08,3012.68,2845.6,,POS Terminal,United Kingdom,3.0,57,Male,10,2,1,56-65,11,0,0,0.05545892693548599,0.05545892693548602,30,202.64
TXN001053,CUST01270,2024-09-16 16:08:55,ATM Withdrawal,Online Services,32.56,3745.81,3713.25,Yes,POS Terminal,Pakistan,2.1,55,Female,35,0,0,46-55,16,0,0,0.008692378951415034,0.008692378951415048,0,146.23
TXN001054,CUST00001,2024-09-17 09:16:08,Bank Transfer,Restaurants,49.27,3412.82,3363.55,,Web Browser,United States,21.3,50,Male,14,0,0,46-55,9,0,0,0.01443674146307159,0.014436741463071594,0,139.48
TXN001055,CUST00380,2024-09-17 10:09:39,Bank Transfer,Fashion & Apparel,163.24,2418.63,2255.39,,Mobile App,Canada,8.9,28,Female,70,0,0,26-35,10,0,0,0.0674927541624805,0.06749275416248042,0,144.15
TXN001056,CUST00760,2024-09-17 13:59:51,Bill Payment,Restaurants,339.71,1513.98,1174.27,,Mobile App,United Kingdom,3.3,24,Female,69,0,0,18-25,13,0,0,0.22438209223371514,0.22438209223371508,0,139.48
TXN001057,CUST00237,2024-09-17 20:35:58,POS Purchase,Utilities,75.54,13759.75,13684.21,Yes,Web Browser,Pakistan,0.5,39,Male,77,0,0,36-45,20,0,0,0.005489925325678219,0.005489925325678156,0,128.47
TXN001058,CUST00082,2024-09-18 08:28:38,POS Purchase,Utilities,51.83,1245.99,1194.16,No,Mobile App,United Kingdom,13.3,85,Female,59,0,0,66+,8,0,0,0.04159744460228407,0.04159744460228412,30,128.47
TXN001059,CUST01025,2024-09-18 11:03:44,Bill Payment,Online Services,93.85,5390.05,5296.2,,Mobile App,United Kingdom,33.9,63,Female,132,0,0,56-65,11,0,0,0.01741171232177816,0.01741171232177809,0,146.23
TXN001060,CUST00813,2024-09-18 13:02:24,Online Purchase,Restaurants,151.43,4419.02,4267.59,Yes,Mobile App,Pakistan,4.8,52,Female,63,0,0,46-55,13,0,0,0.03426777882879015,0.03426777882879009,0,139.48
TXN001061,CUST00753,2024-09-18 15:03:26,Online Purchase,Restaurants,41.41,2538.78,2497.37,No,POS Terminal,India,12.3,27,Male,146,0,0,26-35,15,0,0,0.016310984015944788,0.016310984015944663,0,139.48
TXN001062,CUST00963,2024-09-18 16:29:54,Bill Payment,Groceries,146.45,6123.38,5976.93,,Mobile App,Pakistan,7.7,22,Male,46,0,0,18-25,16,0,0,0.023916529759707844,0.023916529759707872,0,130.62
TXN001063,CUST00194,2024-09-18 20:49:37,POS Purchase,Jewelry & Luxury,45.61,798.28,752.67,No,Web Browser,Germany,16.4,59,Male,71,0,0,56-65,20,0,0,0.057135340983113715,0.057135340983113694,30,145.81
TXN001064,CUST01626,2024-09-19 08:11:42,ATM Withdrawal,Fashion & Apparel,48.2,5455.6,5407.4,No,Mobile App,UAE,9.5,82,Male,55,0,0,66+,8,0,0,0.008834958574675696,0.008834958574675563,30,144.15
TXN001065,CUST00039,2024-09-19 08:27:22,POS Purchase,Utilities,43.86,8495.58,8451.72,Yes,ATM Machine,Pakistan,19.6,33,Female,172,0,0,26-35,8,0,0,0.005162684595989983,0.005162684595989914,0,128.47
TXN001066,CUST01481,2024-09-19 09:08:13,Online Purchase,Electronics,210.75,3471.19,3727.19,Yes,Mobile App,Pakistan,0.2,40,Female,92,0,0,36-45,9,0,0,-0.07374992437751894,0.060714049072508276,0,132.66
TXN001067,CUST01466,2024-09-19 10:44:56,Bank Transfer,Restaurants,83.62,1877.53,1793.91,,Mobile App,India,10.4,63,Male,11,0,0,56-65,10,0,0,0.04453723775385741,0.04453723775385746,0,139.48
TXN001068,CUST01000,2024-09-19 12:57:35,ATM Withdrawal,Fuel,125.94,5388.81,5262.87,Yes,ATM Machine,Pakistan,0.3,46,Male,77,0,0,46-55,12,0,0,0.023370651405412418,0.023370651405412324,0,147.4
TXN001069,CUST00827,2024-09-19 15:38:16,Bill Payment,Fashion & Apparel,51.08,6549.14,6498.06,,Mobile App,Germany,18.0,65,Other,162,0,0,56-65,15,0,0,0.007799497338581848,0.007799497338581859,0,144.15
TXN001070,CUST00782,2024-09-19 15:56:02,Online Purchase,Fuel,234.67,5826.6,5591.93,No,Mobile App,United States,13.0,23,Female,3,0,0,18-25,15,0,0,0.04027563244430715,0.04027563244430714,0,147.4
TXN001071,CUST00124,2024-09-20 10:39:56,POS Purchase,Online Services,61.59,4971.15,4909.56,No,Mobile App,UAE,3.0,66,Male,33,0,0,66+,10,0,0,0.012389487341962975,0.012389487341963129,30,146.23
TXN001072,CUST01304,2024-09-20 14:48:28,Online Purchase,Groceries,101.65,8670.23,9052.23,Yes,POS Terminal,UAE,30.0,64,Other,77,0,0,56-65,14,0,0,-0.04405880812850409,0.011724025775556129,0,130.62
TXN001073,CUST01444,2024-09-21 04:40:08,Bill Payment,Travel,201.64,1539.66,1338.02,,Web Browser,United Kingdom,15.3,83,Female,78,0,0,66+,4,1,1,0.13096397906031207,0.130963979060312,25,483.02
TXN001074,CUST01560,2024-09-21 08:55:41,POS Purchase,Utilities,44.37,1456.6,1412.23,Yes,Mobile App,Pakistan,4.2,36,Male,161,0,0,36-45,8,1,0,0.03046134834546196,0.030461348345462037,0,128.47
TXN001075,CUST01035,2024-09-21 10:43:03,Online Purchase,Utilities,66.2,1194.73,1128.53,Yes,Mobile App,United States,28.6,47,Male,108,0,0,46-55,10,1,0,0.055410008955998465,0.05541000895599843,0,128.47
TXN001076,CUST01318,2024-09-21 14:05:25,Bank Transfer,Utilities,107.43,528.36,420.93,,Web Browser,United Kingdom,0.4,81,Male,176,0,0,66+,14,1,0,0.20332727685668864,0.20332727685668864,0,128.47
TXN001077,CUST00904,2024-09-21 14:56:02,ATM Withdrawal,Online Services,127.86,9835.99,9708.13,No,POS Terminal,Pakistan,11.9,34,Male,161,0,0,26-35,14,1,0,0.012999199877185782,0.012999199877185723,30,146.23
TXN001078,CUST00127,2024-09-21 17:34:05,Bank Transfer,Travel,150.04,6935.95,6785.91,,Mobile App,United Kingdom,5.7,68,Female,127,0,0,66+,17,1,0,0.02163222053215493,0.021632220532154932,0,483.02
TXN001079,CUST01622,2024-09-21 23:40:43,Bank Transfer,Travel,171.14,1531.1,1359.96,,Web Browser,Pakistan,15.5,61,Female,32,0,0,56-65,23,1,0,0.11177584742995225,0.11177584742995232,0,483.02
TXN001080,CUST01325,2024-09-23 08:43:14,POS Purchase,Healthcare,176.17,4802.75,4626.58,No,Mobile App,United Kingdom,26.6,36,Female,143,0,0,36-45,8,0,0,0.036681068138045926,0.036681068138045905,30,103.71
TXN001081,CUST00759,2024-09-23 12:30:26,Bank Transfer,Restaurants,192.62,16778.48,16585.86,,Mobile App,India,9.7,20,Female,21,0,0,18-25,12,0,0,0.011480181756631052,0.011480181756631114,0,139.48
TXN001082,CUST00942,2024-09-23 22:35:06,POS Purchase,Restaurants,138.66,21329.33,21672.33,Yes,ATM Machine,UAE,30.4,75,Female,82,0,0,66+,22,0,0,-0.01608114272693985,0.006500907435911019,0,139.48
TXN001083,CUST00038,2024-09-23 23:15:23,Bank Transfer,Electronics,169.83,8411.89,8242.06,,Mobile App,Germany,3.0,56,Male,100,0,0,56-65,23,0,0,0.020189279698141552,0.020189279698141563,0,132.66
TXN001084,CUST01350,2024-09-24 08:57:16,Online Purchase,Fuel,65.79,742.52,676.73,No,Web Browser,United Kingdom,2.2,30,Male,45,0,0,26-35,8,0,0,0.08860367397511174,0.08860367397511179,0,147.4
TXN001085,CUST00108,2024-09-24 12:34:32,Online Purchase,Electronics,103.43,5457.36,5353.93,No,POS Terminal,Germany,7.0,60,Male,57,0,0,56-65,12,0,0,0.01895238723485337,0.018952387234853485,0,132.66
TXN001086,CUST00803,2024-09-24 15:55:50,Bank Transfer,Entertainment,741.99,4893.11,4151.12,,POS Terminal,Canada,1.1,31,Female,162,0,0,26-35,15,0,0,0.15163975467545177,0.15163975467545182,0,166.95
TXN001087,CUST01086,2024-09-24 20:22:49,Bank Transfer,Electronics,238.41,16830.97,16592.56,,POS Terminal,United Kingdom,4.0,41,Male,174,0,0,36-45,20,0,0,0.01416495900117461,0.014164959001174619,0,132.66
TXN001088,CUST00771,2024-09-25 13:32:16,ATM Withdrawal,Fuel,73.62,4545.68,4472.06,Yes,POS Terminal,Germany,11.4,31,Male,151,0,0,26-35,13,0,0,0.016195596698403734,0.016195596698403758,0,147.4
TXN001089,CUST00324,2024-09-25 18:10:31,POS Purchase,Groceries,29.24,703.87,674.63,Yes,Web Browser,United Kingdom,16.3,38,Male,120,0,0,36-45,18,0,0,0.04154176197309163,0.04154176197309162,0,130.62
TXN001090,CUST01362,2024-09-25 23:08:20,POS Purchase,Home Improvement,227.12,11130.99,10903.87,No,Web Browser,United Kingdom,2.3,33,Female,125,0,0,26-35,23,0,0,0.02040429467639437,0.020404294676394465,30,202.64
TXN001091,CUST00074,2024-09-26 06:58:42,Online Purchase,Groceries,69.17,5540.82,5471.65,No,Mobile App,Pakistan,12.4,59,Male,64,0,0,56-65,6,0,0,0.012483711797170829,0.012483711797170817,0,130.62
TXN001092,CUST00717,2024-09-26 10:12:37,POS Purchase,Groceries,42.11,2516.17,2474.06,Yes,POS Terminal,United Kingdom,10.8,36,Male,176,0,0,36-45,10,0,0,0.01673575314863468,0.01673575314863463,0,130.62
TXN001093,CUST00250,2024-09-26 12:50:50,POS Purchase,Healthcare,43.4,5782.4,5739.0,Yes,POS Terminal,Pakistan,3.9,63,Male,170,0,0,56-65,12,0,0,0.00750553403431095,0.007505534034311013,0,103.71
TXN001094,CUST00520,2024-09-26 16:03:00,POS Purchase,Entertainment,79.74,1453.71,1373.97,Yes,POS Terminal,United Kingdom,1.6,75,Male,153,0,0,66+,16,0,0,0.05485275605175723,0.054852756051757226,0,166.95
TXN001095,CUST00326,2024-09-26 18:02:37,Bank Transfer,Healthcare,112.71,1653.1,1540.39,,Mobile App,Germany,6.5,53,Female,52,0,0,46-55,18,0,0,0.06818099328534258,0.06818099328534269,0,103.71
TXN001096,CUST00390,2024-09-26 20:33:28,Online Purchase,Utilities,123.59,599.0,475.41,No,Mobile App,Pakistan,0.6,26,Female,104,0,0,26-35,20,0,0,0.20632721202003335,0.2063272120200334,0,128.47
TXN001097,CUST00028,2024-09-26 22:39:46,Bank Transfer,Restaurants,330.54,2362.73,2032.19,,Web Browser,United Kingdom,327.7,54,Male,50,0,1,46-55,22,0,0,0.13989749146114874,0.13989749146114877,20,139.48
TXN001098,CUST01317,2024-09-27 11:04:47,POS Purchase,Travel,673.72,4302.13,3628.41,No,Mobile App,United States,0.1,41,Male,45,0,0,36-45,11,0,0,0.1566014973978007,0.15660149739780063,30,483.02
TXN001099,CUST00464,2024-09-27 11:26:37,POS Purchase,Entertainment,14.66,5286.51,5271.85,No,Mobile App,Germany,1.7,29,Female,155,0,0,26-35,11,0,0,0.002773096050135128,0.002773096050135155,30,166.95
TXN001100,CUST00061,2024-09-27 13:52:24,Online Purchase,Groceries,172.72,21459.17,21286.45,Yes,Mobile App,Canada,10.4,59,Female,45,0,0,56-65,13,0,0,0.008048773554615465,0.00804877355461558,0,130.62
TXN001101,CUST00187,2024-09-27 15:07:40,Bank Transfer,Groceries,168.17,1345.32,1177.15,,Web Browser,United Kingdom,2.5,45,Male,92,0,0,36-45,15,0,0,0.1250037165878749,0.125003716587875,0,130.62
TXN001102,CUST01603,2024-09-28 12:15:42,POS Purchase,Utilities,117.72,2121.32,2003.6,No,Web Browser,United Kingdom,1.9,38,Female,24,0,0,36-45,12,1,0,0.05549374917504207,0.05549374917504195,30,128.47
TXN001103,CUST00577,2024-09-28 15:32:27,Bill Payment,Groceries,58.27,2353.73,2295.46,,Web Browser,Pakistan,7.1,81,Female,33,0,0,66+,15,1,0,0.02475645040000339,0.0247564504000034,0,130.62
TXN001104,CUST00707,2024-09-28 16:13:56,Bill Payment,Utilities,203.14,7253.48,7050.34,,POS Terminal,Canada,1.0,62,Female,169,0,0,56-65,16,1,0,0.02800586752841387,0.02800586752841395,0,128.47
TXN001105,CUST01243,2024-09-28 17:16:52,Online Purchase,Groceries,98.33,3003.52,3068.52,No,Mobile App,Australia,3.1,47,Female,79,0,0,46-55,17,1,0,-0.02164127423822715,0.03273825378222885,0,130.62
TXN001106,CUST01531,2024-09-28 18:12:22,Online Purchase,Fashion & Apparel,37.97,576.61,538.64,Yes,Web Browser,United Kingdom,3.4,29,Female,86,0,0,26-35,18,1,0,0.065850401484539,0.06585040148453894,0,144.15
TXN001107,CUST01675,2024-09-29 04:47:38,POS Purchase,Electronics,298.95,5507.96,5982.96,Yes,ATM Machine,United States,17.4,20,Female,44,0,0,18-25,4,1,1,-0.08623882526380003,0.05427599328971162,25,132.66
TXN001108,CUST00441,2024-09-29 08:03:20,Bank Transfer,Entertainment,63.78,1173.95,1110.17,,Web Browser,India,11.7,60,Female,135,0,0,56-65,8,1,0,0.054329400741087754,0.05432940074108778,0,166.95
TXN001109,CUST01408,2024-09-29 11:52:33,POS Purchase,Utilities,76.93,3314.14,3237.21,No,POS Terminal,Germany,5.5,85,Male,86,0,0,66+,11,1,0,0.023212658487571387,0.02321265848757144,30,128.47
TXN001110,CUST00458,2024-09-29 12:24:00,Bank Transfer,Entertainment,106.79,1626.87,1520.08,,Mobile App,United States,4.8,72,Female,161,0,0,66+,12,1,0,0.06564138499081056,0.06564138499081058,0,166.95
TXN001111,CUST01239,2024-09-29 14:04:43,Bank Transfer,Home Improvement,75.67,19711.04,19635.37,,Mobile App,UAE,8.5,77,Male,70,0,0,66+,14,1,0,0.0038389653716902755,0.0038389653716901797,0,202.64
TXN001112,CUST01276,2024-09-29 17:26:32,POS Purchase,Entertainment,61.35,2537.68,2476.33,Yes,ATM Machine,Canada,0.1,56,Male,135,0,0,56-65,17,1,0,0.02417562498029693,0.024175624980296965,0,166.95
TXN001113,CUST00328,2024-09-29 17:58:40,Online Purchase,Online Services,188.18,6368.53,6765.53,No,POS Terminal,United Kingdom,0.3,77,Male,10,0,0,66+,17,1,0,-0.06233777653555844,0.02954842012206899,0,146.23
TXN001114,CUST00430,2024-09-30 09:08:11,Bank Transfer,Healthcare,27.85,6426.58,6398.73,,Mobile App,United States,5.1,53,Male,117,0,0,46-55,9,0,0,0.004333564664253828,0.004333564664253772,0,103.71
TXN001115,CUST01272,2024-09-30 15:45:16,Bill Payment,Fashion & Apparel,85.2,4657.47,4572.27,,Web Browser,United States,11.9,82,Female,62,0,0,66+,15,0,0,0.018293193514934032,0.018293193514934074,0,144.15
TXN001116,CUST01109,2024-09-30 18:59:27,POS Purchase,Online Services,40.46,5465.92,5425.46,Yes,Web Browser,Pakistan,9.6,20,Male,25,0,0,18-25,18,0,0,0.007402230548562737,0.007402230548562731,0,146.23
TXN001117,CUST00015,2024-09-30 22:25:23,Wire Transfer,Fuel,267.53,2340.93,2073.4,,Mobile App,United Kingdom,9.8,50,Female,150,0,0,46-55,22,0,0,0.11428363940826926,0.11428363940826936,0,147.4
TXN001118,CUST00828,2024-10-01 03:37:56,POS Purchase,Restaurants,49.94,6347.51,6297.57,No,Mobile App,UAE,19.4,35,Male,21,0,0,26-35,3,0,1,0.007867652039933849,0.007867652039933769,55,139.48
TXN001119,CUST01206,2024-10-01 04:29:24,ATM Withdrawal,Utilities,364.52,3812.62,3448.1,No,Web Browser,Pakistan,2.0,57,Male,34,0,0,56-65,4,0,1,0.09560879395271493,0.09560879395271493,55,128.47
TXN001120,CUST00573,2024-10-01 08:31:54,POS Purchase,Healthcare,140.49,4747.63,4607.14,Yes,Web Browser,Canada,38.1,52,Female,22,0,0,46-55,8,0,0,0.029591606759583156,0.029591606759583205,0,103.71
TXN001121,CUST01092,2024-10-01 10:48:53,POS Purchase,Groceries,73.99,11366.63,11292.64,Yes,Web Browser,Canada,1.0,69,Female,109,0,0,66+,10,0,0,0.006509405162304024,0.006509405162304043,0,130.62
TXN001122,CUST01656,2024-10-01 17:11:20,Online Purchase,Online Services,342.81,5940.72,5597.91,Yes,Mobile App,India,21.8,59,Female,177,0,0,56-65,17,0,0,0.05770512665131506,0.05770512665131499,0,146.23
TXN001123,CUST01211,2024-10-02 11:12:45,POS Purchase,Restaurants,24.52,932.86,908.34,Yes,ATM Machine,Germany,18.5,41,Other,5,0,0,36-45,11,0,0,0.0262847586990545,0.02628475869905452,0,139.48
TXN001124,CUST00431,2024-10-02 13:17:49,Bill Payment,Online Services,63.16,3331.13,3267.97,,Mobile App,United Kingdom,10.0,27,Female,155,0,0,26-35,13,0,0,0.018960532912255093,0.018960532912255,0,146.23
TXN001125,CUST01454,2024-10-02 17:25:38,POS Purchase,Groceries,37.37,575.43,538.06,No,Web Browser,UAE,14.3,58,Male,142,0,0,56-65,17,0,0,0.06494273847383697,0.06494273847383696,30,130.62
TXN001126,CUST00485,2024-10-03 09:35:20,POS Purchase,Groceries,35.93,3233.72,3197.79,No,Mobile App,United Kingdom,2.8,81,Male,101,0,0,66+,9,0,0,0.011111042390806822,0.011111042390806873,30,130.62
TXN001127,CUST01483,2024-10-03 10:19:50,POS Purchase,Groceries,70.39,2046.21,1975.82,Yes,Mobile App,UAE,21.8,40,Female,13,0,0,36-45,10,0,0,0.03440018375435566,0.034400183754355614,0,130.62
TXN001128,CUST00176,2024-10-03 12:05:53,Bank Transfer,Utilities,19.67,2335.87,2316.2,,POS Terminal,United Kingdom,6.4,22,Male,52,0,0,18-25,12,0,0,0.008420845338139568,0.008420845338139539,0,128.47
TXN001129,CUST01584,2024-10-03 13:15:01,Online Purchase,Electronics,213.93,3280.19,3066.26,Yes,Mobile App,Germany,2.5,50,Male,117,0,0,46-55,13,0,0,0.0652187830582984,0.06521878305829845,0,132.66
TXN001130,CUST01083,2024-10-03 14:46:20,Online Purchase,Healthcare,60.77,8400.04,8339.27,Yes,Mobile App,Pakistan,0.6,70,Male,173,0,0,66+,14,0,0,0.007234489359574529,0.007234489359574478,0,103.71
TXN001131,CUST01729,2024-10-03 14:53:59,Online Purchase,Restaurants,164.47,1675.62,1511.15,No,Web Browser,United Kingdom,38.6,20,Male,126,0,0,18-25,14,0,0,0.09815471288239566,0.09815471288239577,0,139.48
TXN001132,CUST00272,2024-10-03 15:58:21,Bank Transfer,Electronics,57.58,4723.71,4666.13,,Mobile App,United Kingdom,6.1,20,Female,116,0,0,18-25,15,0,0,0.012189571332702457,0.012189571332702473,0,132.66
TXN001133,CUST00817,2024-10-03 17:01:38,Online Purchase,Fuel,686.39,540.93,-145.46,No,POS Terminal,Canada,7.5,67,Female,179,0,0,66+,17,0,0,1.0,1.2689072523247003,10,147.4
TXN001134,CUST01273,2024-10-03 17:08:22,POS Purchase,Restaurants,201.78,11778.79,11874.79,No,Mobile App,United Kingdom,22.3,46,Male,136,0,0,46-55,17,0,0,-0.008150242936668366,0.017130791872509824,30,139.48
TXN001135,CUST00338,2024-10-03 20:59:34,Wire Transfer,Fashion & Apparel,131.63,2130.61,1998.98,,ATM Machine,Germany,23.9,66,Male,141,0,0,66+,20,0,0,0.0617804290789962,0.06178042907899615,0,144.15
TXN001136,CUST00362,2024-10-04 11:50:10,Online Purchase,Electronics,588.12,5170.01,4581.89,Yes,Mobile App,United Kingdom,3.2,36,Other,23,0,0,36-45,11,0,0,0.11375606623584865,0.11375606623584866,0,132.66
TXN001137,CUST00375,2024-10-04 14:11:45,Online Purchase,Fashion & Apparel,129.94,7304.03,7453.03,Yes,Mobile App,Germany,9.2,18,Male,45,0,0,18-25,14,0,0,-0.02039969715348924,0.017790178846472427,0,144.15
TXN001138,CUST00526,2024-10-04 17:11:22,Bank Transfer,Restaurants,118.2,8808.16,8689.96,,Mobile App,United States,88.1,36,Male,148,0,0,36-45,17,0,0,0.013419374761584795,0.013419374761584713,0,139.48
TXN001139,CUST00058,2024-10-05 05:25:23,Online Purchase,Electronics,508.17,1816.7,1992.7,No,Mobile App,United States,135.0,54,Female,79,0,1,46-55,5,1,1,-0.09687895634942478,0.2797214730004954,45,132.66
TXN001140,CUST01645,2024-10-05 15:57:56,ATM Withdrawal,Groceries,130.61,5676.45,5545.84,Yes,Mobile App,United States,0.5,46,Male,167,0,0,46-55,15,1,0,0.023009098996732057,0.023009098996732116,0,130.62
TXN001141,CUST01659,2024-10-05 17:55:17,ATM Withdrawal,Utilities,59.02,4942.59,4883.57,No,ATM Machine,United Kingdom,6.3,72,Female,47,0,0,66+,17,1,0,0.011941107799756896,0.011941107799756809,30,128.47
TXN001142,CUST01372,2024-10-05 20:17:00,Online Purchase,Restaurants,48.19,5662.46,5614.27,Yes,Web Browser,Pakistan,8.2,57,Female,80,0,0,56-65,20,1,0,0.008510435393804036,0.008510435393804106,0,139.48
TXN001143,CUST00046,2024-10-06 01:40:44,Online Purchase,Home Improvement,553.52,4810.2,4256.68,Yes,Web Browser,United Kingdom,145.5,46,Female,7,2,1,46-55,1,1,1,0.11507213837262474,0.11507213837262484,75,202.64
TXN001144,CUST00002,2024-10-06 04:12:17,Bank Transfer,Travel,1571.55,1056.15,-515.4,,Mobile App,Pakistan,180.3,32,Male,36,0,1,26-35,4,1,1,1.0,1.487998863797756,55,483.02
TXN001145,CUST01373,2024-10-06 08:35:54,Bank Transfer,Travel,169.14,5364.05,5194.91,,Mobile App,India,7.9,42,Male,131,1,0,36-45,8,1,0,0.03153214455495387,0.03153214455495381,15,483.02
TXN001146,CUST01709,2024-10-06 15:14:15,POS Purchase,Groceries,461.37,2716.89,3041.89,No,POS Terminal,Germany,41.9,21,Female,48,0,0,18-25,15,1,0,-0.11962206787908233,0.16981548756114528,30,130.62
TXN001147,CUST00134,2024-10-06 17:59:55,ATM Withdrawal,Groceries,94.85,3096.76,3001.91,No,Web Browser,Canada,14.0,36,Male,56,0,0,36-45,17,1,0,0.03062878621527027,0.03062878621527015,30,130.62
TXN001148,CUST00456,2024-10-06 19:32:56,Online Purchase,Travel,200.54,2574.7,2374.16,Yes,POS Terminal,United Kingdom,3.3,64,Male,58,0,0,56-65,19,1,0,0.0778886860605119,0.07788868606051191,0,483.02
TXN001149,CUST01619,2024-10-07 12:52:47,Bill Payment,Utilities,129.39,297.14,167.75,,Mobile App,Pakistan,32.0,55,Female,9,0,0,46-55,12,0,0,0.43545130241636937,0.43545130241636937,0,128.47
TXN001150,CUST00910,2024-10-07 14:50:36,POS Purchase,Healthcare,227.52,3680.0,3452.48,No,Web Browser,India,49.4,63,Female,74,0,0,56-65,14,0,0,0.06182608695652173,0.06182608695652174,30,103.71
TXN001151,CUST00051,2024-10-08 03:48:13,Online Purchase,Online Services,996.83,3505.93,2509.1,No,Web Browser,United States,27.7,43,Female,8,0,1,36-45,3,0,1,0.2843268405244828,0.2843268405244828,25,146.23
TXN001152,CUST01001,2024-10-08 11:11:28,Online Purchase,Entertainment,146.42,1044.93,898.51,No,Mobile App,United Kingdom,13.2,19,Female,178,0,0,18-25,11,0,0,0.14012421884719556,0.14012421884719548,0,166.95
TXN001153,CUST01182,2024-10-08 19:24:26,Bank Transfer,Fuel,28.48,8580.15,8551.67,,POS Terminal,Pakistan,3.1,60,Female,179,0,0,56-65,19,0,0,0.00331928928981423,0.0033192892898142807,0,147.4
TXN001154,CUST00787,2024-10-09 19:52:15,Online Purchase,Entertainment,138.32,7130.11,6991.79,Yes,Mobile App,Pakistan,18.7,35,Male,37,0,0,26-35,19,0,0,0.019399420205298334,0.019399420205298376,0,166.95
TXN001155,CUST00540,2024-10-10 12:10:27,Online Purchase,Travel,150.87,1891.49,1740.62,Yes,Web Browser,Germany,8.1,21,Male,97,1,0,18-25,12,0,0,0.07976251526574295,0.07976251526574288,15,483.02
TXN001156,CUST00523,2024-10-10 12:38:38,Bill Payment,Utilities,150.0,21231.7,21081.7,,Web Browser,United Kingdom,5.3,81,Female,52,0,0,66+,12,0,0,0.007064907661656862,0.007064907661656862,0,128.47
TXN001157,CUST01167,2024-10-10 14:06:47,Bank Transfer,Online Services,121.24,1602.23,1480.99,,Mobile App,Canada,16.4,22,Male,82,0,0,18-25,14,0,0,0.07566953558477872,0.07566953558477871,0,146.23
TXN001158,CUST01107,2024-10-10 17:57:16,Bank Transfer,Fuel,178.24,4106.36,3928.12,,POS Terminal,Pakistan,16.5,75,Male,92,0,0,66+,17,0,0,0.04340583874769864,0.0434058387476987,0,147.4
TXN001159,CUST00904,2024-10-10 20:01:04,Bank Transfer,Online Services,214.37,8417.47,8203.1,,Web Browser,United States,4.6,44,Female,25,0,0,36-45,20,0,0,0.02546727223263035,0.025467272232630473,0,146.23
TXN001160,CUST00999,2024-10-11 10:38:29,Online Purchase,Fuel,105.04,1132.11,1027.07,No,POS Terminal,Canada,3.8,45,Male,88,0,0,36-45,10,0,0,0.09278250346697757,0.0927825034669776,0,147.4
TXN001161,CUST00667,2024-10-11 12:42:26,ATM Withdrawal,Travel,101.51,1589.66,1488.15,No,Web Browser,UAE,5.0,78,Male,65,0,0,66+,12,0,0,0.0638564221280022,0.06385642212800222,30,483.02
TXN001162,CUST00316,2024-10-11 23:30:04,ATM Withdrawal,Fashion & Apparel,234.87,2898.89,2664.02,Yes,Mobile App,United States,13.8,72,Female,117,0,0,66+,23,0,0,0.08102066653098251,0.08102066653098255,0,144.15
TXN001163,CUST01576,2024-10-12 12:54:59,POS Purchase,Entertainment,76.93,11128.91,11051.98,Yes,Mobile App,United Kingdom,32.5,40,Female,131,0,0,36-45,12,1,0,0.006912626663348009,0.006912626663347983,0,166.95
TXN001164,CUST00691,2024-10-12 13:50:42,ATM Withdrawal,Online Services,78.31,2407.71,2329.4,Yes,Web Browser,India,4.7,66,Female,139,0,0,66+,13,1,0,0.032524681128541205,0.032524681128541226,0,146.23
TXN001165,CUST01265,2024-10-12 18:24:57,Online Purchase,Electronics,28.96,2921.08,2892.12,Yes,Web Browser,United Kingdom,4.1,56,Male,91,0,0,56-65,18,1,0,0.009914141344982006,0.009914141344981994,0,132.66
TXN001166,CUST00389,2024-10-12 19:24:38,Bill Payment,Utilities,294.57,5320.26,5025.69,,Web Browser,Australia,4.6,66,Male,49,0,0,66+,19,1,0,0.055367594816794784,0.055367594816794666,0,128.47
TXN001167,CUST01193,2024-10-13 10:34:43,Wire Transfer,Groceries,250.57,3276.76,3026.19,,Web Browser,Canada,15.0,63,Female,175,0,0,56-65,10,1,0,0.07646882896519737,0.07646882896519733,0,130.62
TXN001168,CUST01524,2024-10-13 11:00:45,POS Purchase,Fashion & Apparel,103.38,36540.49,36437.11,Yes,Mobile App,United States,15.9,31,Male,145,0,0,26-35,11,1,0,0.0028291903036877005,0.002829190303687772,0,144.15
TXN001169,CUST00465,2024-10-13 13:59:08,Bill Payment,Fuel,118.53,1984.13,1865.6,,POS Terminal,United Kingdom,5.4,46,Male,128,0,0,46-55,13,1,0,0.059739029196675716,0.05973902919667562,0,147.4
TXN001170,CUST00288,2024-10-13 15:24:09,ATM Withdrawal,Travel,171.32,13161.01,12989.69,No,POS Terminal,United Kingdom,4.3,22,Female,100,0,0,18-25,15,1,0,0.01301723803872193,0.013017238038721951,30,483.02
TXN001171,CUST01343,2024-10-13 17:35:53,ATM Withdrawal,Groceries,115.58,3588.03,3472.45,No,Mobile App,Germany,13.7,37,Female,62,0,0,36-45,17,1,0,0.03221266265889649,0.032212662658896385,30,130.62
TXN001172,CUST01616,2024-10-14 06:19:05,POS Purchase,Travel,87.58,3588.63,3621.63,No,Mobile App,Pakistan,13.3,54,Female,43,0,0,46-55,6,0,0,-0.009195709783399236,0.024404856449397123,30,483.02
TXN001173,CUST00102,2024-10-14 09:23:01,Online Purchase,Travel,170.01,7188.44,7018.43,Yes,Web Browser,United States,2.2,74,Male,7,0,0,66+,9,0,0,0.023650472146946946,0.023650472146947044,0,483.02
TXN001174,CUST00310,2024-10-14 15:54:14,Online Purchase,Fashion & Apparel,173.32,2780.5,2607.18,Yes,POS Terminal,Pakistan,9.4,82,Male,97,0,0,66+,15,0,0,0.06233411256968177,0.06233411256968171,0,144.15
TXN001175,CUST00295,2024-10-14 19:07:22,POS Purchase,Fashion & Apparel,45.06,2002.54,1957.48,Yes,POS Terminal,United States,8.9,69,Male,156,0,0,66+,19,0,0,0.02250142319254544,0.02250142319254547,0,144.15
TXN001176,CUST01580,2024-10-14 20:16:05,Online Purchase,Travel,37.43,986.97,949.54,No,Mobile App,United States,6.0,72,Male,118,0,0,66+,20,0,0,0.03792415169660685,0.03792415169660678,0,483.02
TXN001177,CUST00198,2024-10-14 20:32:33,Bill Payment,Groceries,84.91,2278.38,2193.47,,Mobile App,United Kingdom,30.2,46,Female,121,0,0,46-55,20,0,0,0.03726770775726626,0.03726770775726612,0,130.62
TXN001178,CUST01666,2024-10-14 20:47:39,Online Purchase,Entertainment,37.27,2008.23,1970.96,No,POS Terminal,Pakistan,4.5,31,Female,179,0,0,26-35,20,0,0,0.01855863123247834,0.01855863123247835,0,166.95
TXN001179,CUST00535,2024-10-14 20:52:41,POS Purchase,Utilities,142.21,2354.93,2212.72,Yes,POS Terminal,Canada,7.6,25,Male,48,0,0,18-25,20,0,0,0.06038820686814472,0.06038820686814471,0,128.47
TXN001180,CUST00054,2024-10-15 22:31:13,Online Purchase,Restaurants,1671.26,584.66,-1086.6,No,Web Browser,United Kingdom,230.1,37,Male,1,0,1,36-45,22,0,0,1.0,2.858516060616427,30,139.48
TXN001181,CUST01270,2024-10-16 13:22:55,Bill Payment,Online Services,229.07,17792.03,17562.96,,Web Browser,United States,4.9,21,Female,175,0,0,18-25,13,0,0,0.012874865880959043,0.012874865880959058,0,146.23
TXN001182,CUST00527,2024-10-17 17:46:57,POS Purchase,Travel,38.21,1305.25,1267.04,No,Mobile App,United States,9.5,72,Female,105,0,0,66+,17,0,0,0.029274085424248256,0.02927408542424823,30,483.02
TXN001183,CUST01259,2024-10-18 10:13:17,Online Purchase,Home Improvement,66.09,961.83,895.74,Yes,Mobile App,India,10.6,72,Female,32,0,0,66+,10,0,0,0.06871276628926112,0.0687127662892611,0,202.64
TXN001184,CUST00295,2024-10-18 20:49:51,POS Purchase,Healthcare,143.18,4237.4,4094.22,No,Web Browser,Germany,1.5,57,Male,79,0,0,56-65,20,0,0,0.03378958795487796,0.033789587954878,30,103.71
TXN001185,CUST01145,2024-10-18 20:51:59,POS Purchase,Utilities,152.1,1612.18,1460.08,No,Web Browser,Canada,7.4,84,Male,12,0,0,66+,20,0,0,0.09434430398590736,0.09434430398590728,30,128.47
TXN001186,CUST01442,2024-10-19 06:58:36,Online Purchase,Entertainment,56.73,940.66,940.66,Yes,Web Browser,United States,1.6,34,Female,128,0,0,26-35,6,1,0,0.0,0.06030871940977611,0,166.95
TXN001187,CUST01101,2024-10-19 16:56:44,POS Purchase,Groceries,722.75,5889.99,5167.24,Yes,POS Terminal,UAE,19.2,22,Male,27,0,0,18-25,16,1,0,0.1227081879595721,0.1227081879595721,0,130.62
TXN001188,CUST01448,2024-10-20 10:49:48,POS Purchase,Groceries,64.05,1814.63,1750.58,Yes,Web Browser,United States,20.3,57,Female,123,0,0,56-65,10,1,0,0.03529645161823632,0.03529645161823622,0,130.62
TXN001189,CUST01361,2024-10-20 15:09:26,Online Purchase,Electronics,187.45,5664.72,5477.27,Yes,ATM Machine,United States,7.0,76,Male,131,0,0,66+,15,1,0,0.03309077942069508,0.033090779420695104,0,132.66
TXN001190,CUST00828,2024-10-21 06:13:53,POS Purchase,Groceries,67.92,519.32,451.4,No,POS Terminal,United Kingdom,4.1,42,Female,77,0,0,36-45,6,0,0,0.13078641300161764,0.1307864130016175,30,130.62
TXN001191,CUST01252,2024-10-21 11:08:00,POS Purchase,Electronics,77.32,1251.75,1174.43,No,POS Terminal,UAE,9.6,20,Female,109,0,0,18-25,11,0,0,0.06176952266826438,0.06176952266826442,30,132.66
TXN001192,CUST00288,2024-10-21 15:09:30,POS Purchase,Entertainment,173.77,749.48,1221.48,No,Mobile App,Pakistan,6.1,81,Male,66,0,0,66+,15,0,0,-0.629769973848535,0.23185408549927952,30,166.95
TXN001193,CUST01524,2024-10-21 17:53:44,Bank Transfer,Utilities,124.53,3481.65,3357.12,,POS Terminal,United Kingdom,15.9,59,Male,88,0,0,56-65,17,0,0,0.035767524018784254,0.0357675240187842,0,128.47
TXN001194,CUST01427,2024-10-21 20:08:00,POS Purchase,Fuel,113.84,3318.31,3204.47,No,Mobile App,United States,24.6,73,Female,129,0,0,66+,20,0,0,0.03430661993605183,0.03430661993605179,30,147.4
TXN001195,CUST00770,2024-10-22 09:07:53,ATM Withdrawal,Travel,57.12,3586.1,3528.98,Yes,Mobile App,United States,25.1,61,Female,113,0,0,56-65,9,0,0,0.01592816708959591,0.01592816708959594,0,483.02
TXN001196,CUST01017,2024-10-22 11:18:37,Wire Transfer,Entertainment,69.88,5228.7,5158.82,,Web Browser,United Kingdom,9.8,34,Male,150,0,0,26-35,11,0,0,0.013364698682272861,0.01336469868227284,0,166.95
TXN001197,CUST00594,2024-10-22 18:56:06,Bank Transfer,Groceries,271.18,6040.5,5769.32,,Mobile App,Canada,11.6,35,Female,20,0,0,26-35,18,0,0,0.044893634632894676,0.04489363463289463,0,130.62
TXN001198,CUST00717,2024-10-22 19:06:17,Online Purchase,Fuel,1390.24,2753.79,1363.55,Yes,Mobile App,Germany,13.1,33,Male,131,0,0,26-35,19,0,0,0.5048460485367439,0.5048460485367439,10,147.4
TXN001199,CUST01669,2024-10-23 06:02:34,ATM Withdrawal,Electronics,289.19,15048.95,14759.76,No,Web Browser,Pakistan,17.1,72,Male,17,0,0,66+,6,0,0,0.019216623086660563,0.01921662308666053,30,132.66
TXN001200,CUST01217,2024-10-23 09:36:30,ATM Withdrawal,Restaurants,482.41,1784.54,1302.13,Yes,ATM Machine,United Kingdom,18.3,44,Female,122,0,0,36-45,9,0,0,0.2703273672767211,0.2703273672767212,0,139.48
TXN001201,CUST01518,2024-10-23 18:16:48,POS Purchase,Groceries,47.61,8029.68,7982.07,Yes,Web Browser,United Kingdom,2.7,62,Male,128,0,0,56-65,18,0,0,0.00592925247332404,0.005929252473323968,0,130.62
TXN001202,CUST01549,2024-10-23 19:17:48,Bill Payment,Utilities,61.46,1994.5,1933.04,,POS Terminal,Pakistan,0.0,76,Male,1,0,0,66+,19,0,0,0.030814740536475326,0.03081474053647531,0,128.47
TXN001203,CUST01467,2024-10-23 19:36:32,Wire Transfer,Electronics,41.42,10093.88,10052.46,,Mobile App,United Kingdom,13.6,34,Female,90,0,0,26-35,19,0,0,0.004103476562035617,0.00410347656203561,0,132.66
TXN001204,CUST00164,2024-10-24 08:32:11,Wire Transfer,Fashion & Apparel,32.11,1536.07,1503.96,,Mobile App,United States,0.5,55,Male,132,0,0,46-55,8,0,0,0.02090399526063259,0.020903995260632652,0,144.15
TXN001205,CUST01114,2024-10-24 10:41:02,Online Purchase,Groceries,198.18,492.19,294.01,No,Web Browser,India,44.7,62,Female,128,0,0,56-65,10,0,0,0.4026493833682115,0.4026493833682115,0,130.62
TXN001206,CUST00204,2024-10-24 10:59:17,Bill Payment,Healthcare,278.71,2776.7,2497.99,,Web Browser,United Kingdom,6.3,43,Male,178,0,0,36-45,10,0,0,0.10037454532358557,0.10037454532358556,0,103.71
TXN001207,CUST00889,2024-10-24 13:01:15,Bank Transfer,Online Services,219.8,12327.71,12107.91,,ATM Machine,Canada,7.5,53,Female,150,0,0,46-55,13,0,0,0.017829751024318326,0.01782975102431839,0,146.23
TXN001208,CUST00136,2024-10-24 15:43:07,POS Purchase,Restaurants,26.2,4306.94,4280.74,Yes,POS Terminal,UAE,0.4,20,Male,82,0,0,18-25,15,0,0,0.006083205245487474,0.006083205245487516,0,139.48
TXN001209,CUST00570,2024-10-24 19:52:19,Bank Transfer,Groceries,65.4,26431.9,26366.5,,Web Browser,United States,2.6,34,Female,75,0,0,26-35,19,0,0,0.0024742829686856204,0.0024742829686855657,0,130.62
TXN001210,CUST01161,2024-10-24 21:29:56,POS Purchase,Entertainment,204.73,4442.66,4237.93,No,POS Terminal,United States,3.7,25,Male,141,0,0,18-25,21,0,0,0.046082752225018245,0.04608275222501834,30,166.95
TXN001211,CUST01096,2024-10-25 09:31:08,ATM Withdrawal,Entertainment,324.91,3326.97,3002.06,Yes,Web Browser,United States,14.6,61,Female,78,0,0,56-65,9,0,0,0.09765943185541194,0.097659431855412,0,166.95
TXN001212,CUST01111,2024-10-25 12:03:08,Online Purchase,Utilities,48.49,987.79,939.3,Yes,Mobile App,United Kingdom,2.3,77,Female,59,0,0,66+,12,0,0,0.049089381346237575,0.04908938134623757,0,128.47
TXN001213,CUST00047,2024-10-25 16:28:24,POS Purchase,Restaurants,96.22,8834.12,8737.9,Yes,ATM Machine,United States,2.3,40,Female,29,0,0,36-45,16,0,0,0.01089186019660149,0.010891860196601358,0,139.48
TXN001214,CUST00032,2024-10-25 23:40:15,Online Purchase,Entertainment,4326.48,7988.75,3662.27,No,Web Browser,United Kingdom,729.0,64,Male,24,1,1,56-65,23,0,0,0.5415715850414645,0.5415715850414645,45,166.95
TXN001215,CUST00728,2024-10-26 13:17:08,Wire Transfer,Groceries,342.07,11631.88,11289.81,,ATM Machine,Canada,22.7,37,Female,27,0,0,36-45,13,1,0,0.029407971884166596,0.02940797188416662,0,130.62
TXN001216,CUST00918,2024-10-26 15:12:49,ATM Withdrawal,Travel,179.59,1286.0,1106.41,No,Web Browser,United Kingdom,3.0,61,Male,179,0,0,56-65,15,1,0,0.1396500777604976,0.13965007776049768,30,483.02
TXN001217,CUST01639,2024-10-26 18:32:00,Wire Transfer,Travel,240.17,4578.35,4338.18,,POS Terminal,Canada,20.5,41,Female,141,0,0,36-45,18,1,0,0.05245776316795353,0.05245776316795352,0,483.02
TXN001218,CUST00546,2024-10-27 15:15:48,Bill Payment,Entertainment,18.14,11953.87,11935.73,,Mobile App,United Kingdom,4.6,32,Female,72,0,0,26-35,15,1,0,0.001517500190315039,0.0015175001903149357,0,166.95
TXN001219,CUST00973,2024-10-27 18:42:35,POS Purchase,Entertainment,144.28,1195.13,1050.85,Yes,Mobile App,United States,0.3,85,Female,56,0,0,66+,18,1,0,0.12072326859839531,0.12072326859839515,0,166.95
TXN001220,CUST00091,2024-10-27 19:21:38,Online Purchase,Groceries,62.66,5536.12,5473.46,No,ATM Machine,Germany,3.7,62,Male,81,0,0,56-65,19,1,0,0.01131839627753731,0.011318396277537337,0,130.62
TXN001221,CUST00919,2024-10-27 20:06:11,Bank Transfer,Healthcare,443.0,6479.17,6036.17,,Web Browser,United Kingdom,7.8,49,Female,128,0,0,46-55,20,1,0,0.06837295517790087,0.06837295517790087,0,103.71
TXN001222,CUST00952,2024-10-27 20:48:46,POS Purchase,Travel,253.18,14917.88,14664.7,Yes,Web Browser,United Kingdom,22.2,49,Male,105,0,0,46-55,20,1,0,0.016971580412230056,0.016971580412230156,0,483.02
TXN001223,CUST00012,2024-10-28 09:26:21,POS Purchase,Entertainment,341.49,2636.47,2294.98,Yes,POS Terminal,Canada,5.4,28,Female,157,0,0,26-35,9,0,0,0.12952546397266035,0.12952546397266043,0,166.95
TXN001224,CUST01520,2024-10-28 10:59:18,Bank Transfer,Groceries,291.01,2201.0,1909.99,,Web Browser,Germany,0.2,70,Female,3,0,0,66+,10,0,0,0.13221717401181282,0.13221717401181282,0,130.62
TXN001225,CUST01533,2024-10-28 13:30:21,Bill Payment,Entertainment,72.17,6262.89,6190.72,,POS Terminal,Pakistan,11.0,56,Male,88,0,0,56-65,13,0,0,0.01152343406957492,0.01152343406957491,0,166.95
TXN001226,CUST00804,2024-10-28 15:38:55,ATM Withdrawal,Fashion & Apparel,370.18,19593.87,19223.69,No,Web Browser,Pakistan,11.6,57,Male,130,0,0,56-65,15,0,0,0.01889264346451213,0.018892643464512117,30,144.15
TXN001227,CUST01164,2024-10-28 16:49:56,Online Purchase,Fuel,137.57,42464.14,42736.14,Yes,Mobile App,Pakistan,6.7,69,Male,44,0,0,66+,16,0,0,-0.006405404654374255,0.003239674699640685,0,147.4
TXN001228,CUST01149,2024-10-28 17:09:18,Online Purchase,Fashion & Apparel,136.56,9199.56,9063.0,No,Web Browser,United Kingdom,29.8,34,Female,9,0,0,26-35,17,0,0,0.014844188200305178,0.014844188200305234,0,144.15
TXN001229,CUST01661,2024-10-29 09:49:41,Wire Transfer,Fuel,114.53,1195.33,1080.8,,Mobile App,United Kingdom,4.5,49,Male,129,0,0,46-55,9,0,0,0.09581454493738129,0.09581454493738131,0,147.4
TXN001230,CUST01556,2024-10-29 11:39:50,Online Purchase,Home Improvement,67.92,7839.8,7771.88,Yes,Mobile App,India,0.7,51,Female,27,0,0,46-55,11,0,0,0.008663486313426371,0.008663486313426363,0,202.64
TXN001231,CUST01361,2024-10-29 19:47:17,Online Purchase,Fuel,18.14,8687.6,8714.6,No,POS Terminal,United Kingdom,32.7,32,Female,44,0,0,26-35,19,0,0,-0.0031078778949307057,0.0020880335190386298,0,147.4
TXN001232,CUST00419,2024-10-30 08:24:37,ATM Withdrawal,Electronics,87.72,10000.54,9912.82,Yes,POS Terminal,Pakistan,3.4,46,Female,34,0,0,46-55,8,0,0,0.008771526337577886,0.00877152633757777,0,132.66
TXN001233,CUST00012,2024-10-31 04:57:20,Wire Transfer,Jewelry & Luxury,1547.59,4879.84,3332.25,,Mobile App,Canada,56.4,29,Male,35,0,1,26-35,4,0,1,0.3171394963769304,0.31713949637693034,25,145.81
TXN001234,CUST01715,2024-10-31 11:28:17,Bank Transfer,Travel,52.23,648.88,596.65,,Mobile App,United Kingdom,5.4,39,Other,126,0,0,36-45,11,0,0,0.08049254099371227,0.08049254099371224,0,483.02
TXN001235,CUST01246,2024-10-31 13:59:06,Online Purchase,Electronics,75.59,3255.54,3179.95,Yes,POS Terminal,United States,2.2,58,Male,81,0,0,56-65,13,0,0,0.02321888227452286,0.023218882274522814,0,132.66
TXN001236,CUST00744,2024-10-31 15:17:48,POS Purchase,Fuel,110.68,5520.61,5409.93,No,Web Browser,United Kingdom,1.8,65,Female,45,0,0,56-65,15,0,0,0.020048509132142896,0.020048509132143007,30,147.4
TXN001237,CUST00055,2024-10-31 22:52:10,Online Purchase,Online Services,238.94,5550.03,5311.09,No,Mobile App,United Kingdom,52.0,65,Female,2,0,1,56-65,22,0,0,0.04305201953863305,0.04305201953863313,0,146.23
TXN001238,CUST01701,2024-11-01 12:43:05,Wire Transfer,Fuel,104.8,1893.05,1788.25,,Mobile App,Germany,0.3,31,Male,74,0,0,26-35,12,0,0,0.05536039724254508,0.0553603972425451,0,147.4
TXN001239,CUST00579,2024-11-01 12:58:48,Online Purchase,Utilities,13.89,6878.41,6864.52,Yes,Mobile App,United Kingdom,12.7,70,Female,86,0,0,66+,12,0,0,0.0020193620327952854,0.00201936203279537,0,128.47
TXN001240,CUST01624,2024-11-02 10:05:18,Online Purchase,Groceries,53.42,7300.81,7247.39,No,Web Browser,India,0.7,22,Male,178,1,0,18-25,10,1,0,0.007316996333283577,0.007316996333283567,15,130.62
TXN001241,CUST00996,2024-11-02 17:24:28,POS Purchase,Fashion & Apparel,18.92,4717.22,4698.3,Yes,Mobile App,India,3.2,53,Female,6,0,0,46-55,17,1,0,0.004010836891219844,0.004010836891219829,0,144.15
TXN001242,CUST01153,2024-11-02 18:53:46,ATM Withdrawal,Utilities,104.35,26809.07,26704.72,No,POS Terminal,United Kingdom,2.8,19,Female,177,0,0,18-25,18,1,0,0.0038923394209496465,0.0038923394209497007,30,128.47
TXN001243,CUST01105,2024-11-02 19:03:59,Online Purchase,Fashion & Apparel,254.36,4266.22,4011.86,Yes,POS Terminal,United Kingdom,0.3,34,Male,175,0,0,26-35,19,1,0,0.05962186666416643,0.059621866664166405,0,144.15
TXN001244,CUST00229,2024-11-03 09:30:30,Bill Payment,Groceries,85.15,6267.1,6181.95,,Web Browser,Germany,13.0,38,Male,53,0,0,36-45,9,1,0,0.013586826442852442,0.013586826442852355,0,130.62
TXN001245,CUST00204,2024-11-03 14:20:44,Bill Payment,Groceries,235.87,858.26,622.39,,POS Terminal,Canada,27.8,26,Male,97,0,0,26-35,14,1,0,0.2748234800643162,0.2748234800643162,0,130.62
TXN001246,CUST01716,2024-11-03 17:15:17,Wire Transfer,Fashion & Apparel,97.44,3654.34,3556.9,,Web Browser,United States,6.9,23,Female,61,0,0,18-25,17,1,0,0.02666418559849386,0.026664185598493845,0,144.15
TXN001247,CUST00189,2024-11-03 17:57:16,POS Purchase,Electronics,76.85,986.87,910.02,Yes,Mobile App,United Kingdom,11.0,33,Male,10,0,0,26-35,17,1,0,0.07787246547164269,0.07787246547164266,0,132.66
TXN001248,CUST00939,2024-11-04 10:47:51,POS Purchase,Electronics,49.88,1362.27,1312.39,Yes,POS Terminal,Australia,1.1,34,Male,21,0,0,26-35,10,0,0,0.03661535525262972,0.0366153552526298,0,132.66
TXN001249,CUST00044,2024-11-04 15:52:36,ATM Withdrawal,Fuel,225.17,3206.37,2981.2,Yes,ATM Machine,Australia,2.2,51,Male,148,0,0,46-55,15,0,0,0.07022583170376472,0.07022583170376469,0,147.4
TXN001250,CUST00109,2024-11-05 02:00:06,Wire Transfer,Entertainment,78.54,2361.64,2283.1,,POS Terminal,United Kingdom,2.2,25,Male,176,0,0,18-25,2,0,1,0.033256550532680666,0.03325655053268069,25,166.95
TXN001251,CUST01456,2024-11-05 06:31:26,Bill Payment,Electronics,120.43,3029.73,2909.3,,Web Browser,United Kingdom,4.7,84,Female,161,0,0,66+,6,0,0,0.03974941661468178,0.039749416614681836,0,132.66
TXN001252,CUST01551,2024-11-05 16:56:58,POS Purchase,Entertainment,47.45,16788.12,16823.12,Yes,POS Terminal,Pakistan,3.4,73,Male,102,1,0,66+,16,0,0,-0.0020848075901292104,0.002826403432903744,15,166.95
TXN001253,CUST00217,2024-11-06 08:23:52,ATM Withdrawal,Fashion & Apparel,293.11,313.11,20.0,No,POS Terminal,United Kingdom,3.9,80,Male,97,0,0,66+,8,0,0,0.9361246846156303,0.9361246846156303,40,144.15
TXN001254,CUST01403,2024-11-06 12:39:12,Online Purchase,Utilities,113.28,1629.48,2045.48,Yes,POS Terminal,Germany,0.2,51,Male,159,0,0,46-55,12,0,0,-0.2552961681027076,0.069519110391045,0,128.47
TXN001255,CUST00031,2024-11-06 14:20:28,Online Purchase,Healthcare,48.69,2062.04,2013.35,Yes,Mobile App,Pakistan,2.3,58,Female,162,0,0,56-65,14,0,0,0.02361253903900994,0.02361253903900991,0,103.71
TXN001256,CUST00380,2024-11-06 15:10:52,Online Purchase,Fashion & Apparel,455.29,1970.55,1515.26,No,Mobile App,Germany,28.6,23,Male,23,0,0,18-25,15,0,0,0.2310471695719469,0.23104716957194693,0,144.15
TXN001257,CUST01384,2024-11-06 15:20:58,POS Purchase,Home Improvement,62.62,5099.0,5036.38,No,POS Terminal,UAE,12.4,29,Male,148,0,0,26-35,15,0,0,0.01228083938027062,0.012280839380270641,30,202.64
TXN001258,CUST00366,2024-11-06 18:00:57,Bill Payment,Healthcare,76.84,16857.91,16781.07,,POS Terminal,United Kingdom,1.7,62,Female,170,0,0,56-65,18,0,0,0.004558097652674628,0.00455809765267462,0,103.71
TXN001259,CUST00991,2024-11-07 08:59:29,POS Purchase,Restaurants,253.41,6700.57,6447.16,Yes,POS Terminal,United States,1.9,69,Male,118,0,0,66+,8,0,0,0.03781917060787364,0.03781917060787366,0,139.48
TXN001260,CUST01164,2024-11-07 09:32:13,Online Purchase,Fuel,157.63,1114.45,956.82,Yes,POS Terminal,United Kingdom,15.8,38,Female,110,0,0,36-45,9,0,0,0.14144196688949706,0.14144196688949706,0,147.4
TXN001261,CUST01072,2024-11-07 11:32:04,Online Purchase,Fuel,195.54,6091.58,5896.04,No,POS Terminal,Canada,0.4,63,Male,174,0,0,56-65,11,0,0,0.03210004629340827,0.03210004629340828,0,147.4
TXN001262,CUST01601,2024-11-07 15:47:26,Bill Payment,Entertainment,99.02,11277.35,11178.33,,POS Terminal,United Kingdom,39.2,20,Female,75,0,0,18-25,15,0,0,0.008780431573020296,0.008780431573020256,0,166.95
TXN001263,CUST01148,2024-11-08 06:08:19,Bill Payment,Fuel,328.5,2902.34,2573.84,,ATM Machine,United States,48.6,70,Male,5,0,0,66+,6,0,0,0.11318453385888627,0.11318453385888627,0,147.4
TXN001264,CUST00610,2024-11-08 10:43:28,ATM Withdrawal,Fashion & Apparel,69.83,2640.89,2571.06,No,Mobile App,Germany,10.3,70,Male,16,0,0,66+,10,0,0,0.026441843469436413,0.02644184346943644,30,144.15
TXN001265,CUST01609,2024-11-08 17:20:12,ATM Withdrawal,Healthcare,248.46,2195.67,1947.21,Yes,Mobile App,Pakistan,17.2,74,Male,89,0,0,66+,17,0,0,0.11315908128270644,0.11315908128270642,0,103.71
TXN001266,CUST01458,2024-11-08 23:10:25,POS Purchase,Travel,99.25,8158.89,8059.64,Yes,POS Terminal,United Kingdom,1.2,76,Female,176,0,0,66+,23,0,0,0.012164644945574704,0.012164644945574704,0,483.02
TXN001267,CUST00511,2024-11-09 10:18:01,Online Purchase,Groceries,84.9,6277.17,6192.27,Yes,Web Browser,India,0.6,65,Male,41,0,0,56-65,10,1,0,0.013525203236490271,0.01352520323649033,0,130.62
TXN001268,CUST00926,2024-11-09 11:56:43,ATM Withdrawal,Entertainment,163.22,7219.63,7056.41,No,Mobile App,India,21.9,27,Other,55,0,0,26-35,11,1,0,0.022607806771261167,0.02260780677126113,30,166.95
TXN001269,CUST01229,2024-11-09 15:35:43,Online Purchase,Travel,54.98,2371.29,2316.31,No,Web Browser,United Kingdom,9.6,69,Male,89,0,0,66+,15,1,0,0.023185692175988606,0.023185692175988596,0,483.02
TXN001270,CUST00327,2024-11-09 17:28:10,Bill Payment,Healthcare,88.84,4033.72,3944.88,,Mobile App,United States,3.7,70,Female,4,0,0,66+,17,1,0,0.022024334857154115,0.02202433485715419,0,103.71
TXN001271,CUST00086,2024-11-09 19:07:50,ATM Withdrawal,Restaurants,59.88,1372.97,1313.09,Yes,Mobile App,United Kingdom,6.3,35,Female,140,0,0,26-35,19,1,0,0.0436134802654101,0.04361348026541002,0,139.48
TXN001272,CUST01551,2024-11-09 19:36:00,Online Purchase,Utilities,43.61,3771.12,4121.12,Yes,Web Browser,Australia,1.7,68,Male,118,0,0,66+,19,1,0,-0.09281062389953118,0.011564203737881584,0,128.47
TXN001273,CUST01210,2024-11-10 04:41:06,POS Purchase,Fashion & Apparel,205.45,3860.57,3655.12,No,Web Browser,Australia,1.5,51,Female,108,0,0,46-55,4,1,1,0.05321753005385222,0.053217530053852144,55,144.15
TXN001274,CUST00837,2024-11-10 18:30:08,POS Purchase,Entertainment,402.62,1783.81,2248.81,No,POS Terminal,Australia,12.1,46,Female,9,0,0,46-55,18,1,0,-0.2606779870053425,0.22570789489912044,30,166.95
TXN001275,CUST00813,2024-11-10 18:47:36,Bank Transfer,Entertainment,166.94,3234.93,3067.99,,Web Browser,India,8.2,69,Female,114,0,0,66+,18,1,0,0.0516054443218246,0.05160544432182459,0,166.95
TXN001276,CUST00714,2024-11-11 13:44:04,Online Purchase,Groceries,665.17,2392.14,1726.97,Yes,POS Terminal,UAE,12.0,45,Male,144,0,0,36-45,13,0,0,0.2780648289815813,0.27806482898158136,0,130.62
TXN001277,CUST01271,2024-11-11 16:46:51,POS Purchase,Electronics,170.11,8906.45,8736.34,Yes,Mobile App,Germany,0.3,82,Male,124,0,0,66+,16,0,0,0.01909964127121362,0.01909964127121356,0,132.66
TXN001278,CUST00598,2024-11-11 19:13:29,Bank Transfer,Healthcare,115.68,4668.64,4552.96,,Web Browser,Pakistan,13.2,33,Male,167,0,0,26-35,19,0,0,0.02477809383460714,0.02477809383460708,0,103.71
TXN001279,CUST00036,2024-11-11 23:55:45,ATM Withdrawal,Fashion & Apparel,170.59,2791.32,2620.73,Yes,POS Terminal,Germany,3.4,72,Female,15,0,0,66+,23,0,0,0.06111445480991077,0.06111445480991072,0,144.15
TXN001280,CUST01200,2024-11-12 02:01:13,POS Purchase,Utilities,132.09,15038.6,15207.6,No,ATM Machine,Canada,15.2,57,Male,139,0,0,56-65,2,0,1,-0.011237748194645777,0.008783397390714561,55,128.47
TXN001281,CUST00325,2024-11-12 11:19:40,Online Purchase,Restaurants,209.5,6656.33,7070.33,No,Web Browser,Pakistan,31.7,18,Female,157,0,0,18-25,11,0,0,-0.06219643557335649,0.031473800127097065,0,139.48
TXN001282,CUST00082,2024-11-12 13:09:43,Bank Transfer,Electronics,112.88,27512.06,27399.18,,Mobile App,Pakistan,3.1,49,Male,14,0,0,46-55,13,0,0,0.004102927952323491,0.004102927952323454,0,132.66
TXN001283,CUST01470,2024-11-12 13:57:21,ATM Withdrawal,Fashion & Apparel,57.4,7665.77,7608.37,No,Mobile App,United Kingdom,19.1,19,Female,132,0,0,18-25,13,0,0,0.007487832272557166,0.007487832272557094,30,144.15
TXN001284,CUST01360,2024-11-12 15:36:05,Bank Transfer,Restaurants,89.35,31719.03,31629.68,,POS Terminal,United States,8.6,57,Male,65,0,0,56-65,15,0,0,0.0028169209461953453,0.0028169209461953912,0,139.48
TXN001285,CUST00341,2024-11-13 08:20:56,POS Purchase,Online Services,173.58,253.75,80.17,Yes,ATM Machine,United States,30.8,18,Female,125,0,0,18-25,8,0,0,0.6840591133004925,0.6840591133004926,10,146.23
TXN001286,CUST01635,2024-11-13 10:29:40,Online Purchase,Groceries,38.44,3086.33,3436.33,No,Mobile App,Germany,18.4,20,Male,56,0,0,18-25,10,0,0,-0.11340329776789909,0.01245492218913726,0,130.62
TXN001287,CUST00721,2024-11-13 11:12:19,Online Purchase,Online Services,286.05,4558.1,4272.05,Yes,Mobile App,United Kingdom,10.0,82,Female,74,0,0,66+,11,0,0,0.06275641166275425,0.06275641166275421,0,146.23
TXN001288,CUST01162,2024-11-13 17:41:24,POS Purchase,Travel,733.08,5995.58,5262.5,Yes,Mobile App,Australia,1.9,38,Male,61,0,0,36-45,17,0,0,0.12227007228658444,0.12227007228658446,0,483.02
TXN001289,CUST00569,2024-11-13 19:28:40,ATM Withdrawal,Restaurants,77.39,721.66,644.27,No,Web Browser,United Kingdom,0.6,32,Female,55,0,0,26-35,19,0,0,0.10723886594795332,0.10723886594795333,30,139.48
TXN001290,CUST00252,2024-11-14 08:22:24,POS Purchase,Fuel,399.73,4342.84,3943.11,Yes,POS Terminal,United States,1.4,36,Female,81,0,0,36-45,8,0,0,0.0920434554346925,0.0920434554346925,0,147.4
TXN001291,CUST00102,2024-11-14 11:06:49,Wire Transfer,Groceries,68.72,3646.65,3577.93,,Mobile App,United States,12.9,32,Male,125,0,0,26-35,11,0,0,0.018844693074465676,0.018844693074465603,0,130.62
TXN001292,CUST01508,2024-11-14 11:37:05,Bank Transfer,Healthcare,148.18,9583.73,9435.55,,Mobile App,UAE,4.7,75,Female,171,0,0,66+,11,0,0,0.015461620892909159,0.01546162089290913,0,103.71
TXN001293,CUST00921,2024-11-14 14:57:00,Online Purchase,Home Improvement,218.38,1150.28,931.9,No,POS Terminal,United States,12.9,25,Female,165,0,0,18-25,14,0,0,0.18984942796536494,0.18984942796536494,0,202.64
TXN001294,CUST01360,2024-11-14 18:59:37,Wire Transfer,Fuel,68.89,4387.93,4319.04,,Mobile App,India,1.9,55,Female,99,0,0,46-55,18,0,0,0.015699885823155867,0.015699885823155794,0,147.4
TXN001295,CUST00445,2024-11-14 20:19:49,ATM Withdrawal,Healthcare,49.79,2525.17,2475.38,Yes,Mobile App,United States,60.3,78,Male,154,0,0,66+,20,0,0,0.019717484367389113,0.019717484367389126,0,103.71
TXN001296,CUST00544,2024-11-14 20:54:34,POS Purchase,Groceries,60.17,1505.47,1944.47,Yes,POS Terminal,United Kingdom,18.1,33,Male,163,0,0,26-35,20,0,0,-0.29160328668123575,0.03996758487382678,0,130.62
TXN001297,CUST01704,2024-11-15 06:56:46,Bank Transfer,Groceries,140.44,8173.72,8033.28,,POS Terminal,United Kingdom,29.5,77,Male,148,0,0,66+,6,0,0,0.017181895146885447,0.01718189514688538,0,130.62
TXN001298,CUST00131,2024-11-15 11:30:28,Wire Transfer,Restaurants,44.61,4321.99,4277.38,,ATM Machine,United Kingdom,7.8,49,Female,146,0,0,46-55,11,0,0,0.010321634247186984,0.01032163424718706,0,139.48
TXN001299,CUST00335,2024-11-15 11:46:48,ATM Withdrawal,Online Services,88.51,5324.69,5236.18,No,POS Terminal,United States,7.3,61,Other,157,0,0,56-65,11,0,0,0.016622563942689492,0.016622563942689624,30,146.23
TXN001300,CUST01321,2024-11-16 08:32:37,POS Purchase,Groceries,174.32,3297.23,3122.91,Yes,Mobile App,Canada,2.0,83,Female,163,0,0,66+,8,1,0,0.0528686200234743,0.05286862002347425,0,130.62
TXN001301,CUST00404,2024-11-16 10:35:27,POS Purchase,Online Services,412.58,8410.1,7997.52,Yes,Mobile App,Pakistan,5.1,56,Female,180,0,0,56-65,10,1,0,0.04905768064589005,0.049057680645890056,0,146.23
TXN001302,CUST00683,2024-11-16 16:08:52,POS Purchase,Entertainment,157.43,1497.94,1340.51,Yes,POS Terminal,Germany,1.9,18,Female,116,0,0,18-25,16,1,0,0.10509766746331632,0.1050976674633163,0,166.95
TXN001303,CUST00324,2024-11-17 11:48:48,Online Purchase,Home Improvement,132.99,4380.42,4247.43,Yes,Mobile App,Pakistan,8.7,71,Female,100,0,0,66+,11,1,0,0.030360102455928833,0.030360102455928885,0,202.64
TXN001304,CUST01322,2024-11-17 14:29:39,Bank Transfer,Entertainment,33.33,74142.41,74109.08,,Web Browser,United States,15.3,20,Male,153,0,0,18-25,14,1,0,0.00044954028335471893,0.00044954028335469535,0,166.95
TXN001305,CUST01155,2024-11-17 15:11:46,ATM Withdrawal,Entertainment,153.78,3908.72,3754.94,Yes,Web Browser,United States,20.9,44,Female,94,0,0,36-45,15,1,0,0.03934280275895939,0.039342802758959454,0,166.95
TXN001306,CUST01154,2024-11-17 18:02:03,Online Purchase,Fuel,64.72,3108.84,3044.12,No,ATM Machine,Germany,7.3,64,Female,100,0,0,56-65,18,1,0,0.020818054322512658,0.020818054322512575,0,147.4
TXN001307,CUST00517,2024-11-17 18:36:29,ATM Withdrawal,Utilities,44.98,2196.66,2151.68,No,Mobile App,Canada,7.0,63,Male,82,0,0,56-65,18,1,0,0.020476541658700036,0.020476541658700026,30,128.47
TXN001308,CUST00092,2024-11-17 22:50:50,Online Purchase,Entertainment,631.27,6763.64,6132.37,No,Mobile App,Germany,25.2,29,Female,164,0,0,26-35,22,1,0,0.09333287992855924,0.09333287992855917,0,166.95
TXN001309,CUST00155,2024-11-18 15:11:29,POS Purchase,Electronics,248.52,14829.33,14580.81,No,Mobile App,United Kingdom,6.3,21,Male,23,0,0,18-25,15,0,0,0.016758680264044326,0.0167586802640443,30,132.66
TXN001310,CUST01485,2024-11-18 19:24:36,ATM Withdrawal,Entertainment,86.0,3638.58,3552.58,Yes,POS Terminal,Pakistan,13.0,56,Female,30,0,0,56-65,19,0,0,0.023635594105392763,0.023635594105392763,0,166.95
TXN001311,CUST00289,2024-11-21 18:57:21,POS Purchase,Fuel,10.0,2852.05,2842.05,No,ATM Machine,Germany,5.9,25,Female,87,0,0,18-25,18,0,0,0.003506249890429691,0.003506249890429691,30,147.4
TXN001312,CUST00045,2024-11-21 19:57:56,Online Purchase,Healthcare,87.01,13084.42,13424.42,Yes,POS Terminal,Pakistan,9.0,33,Male,31,0,0,26-35,19,0,0,-0.02598510289336478,0.006649893537504911,0,103.71
TXN001313,CUST01078,2024-11-22 09:06:26,Online Purchase,Groceries,77.04,2772.53,2835.53,Yes,Web Browser,Pakistan,1.6,59,Male,95,0,0,56-65,9,0,0,-0.022722928155872072,0.02778689500203785,0,130.62
TXN001314,CUST01315,2024-11-22 10:51:05,Online Purchase,Entertainment,384.89,4402.32,4709.32,Yes,Mobile App,United Kingdom,5.9,43,Female,125,0,0,36-45,10,0,0,-0.06973595740427775,0.08742890112486144,0,166.95
TXN001315,CUST00013,2024-11-22 11:23:19,Wire Transfer,Electronics,558.68,2842.87,2284.19,,Mobile App,Germany,47.9,84,Male,92,0,1,66+,11,0,0,0.19651971423244816,0.19651971423244818,0,132.66
TXN001316,CUST00750,2024-11-22 13:11:45,Bank Transfer,Fuel,469.98,322.5,-147.48,,POS Terminal,Canada,0.8,76,Male,140,0,0,66+,13,0,0,1.0,1.4573023255813955,10,147.4
TXN001317,CUST01145,2024-11-22 17:30:18,Online Purchase,Utilities,145.1,4671.3,4526.2,No,Mobile App,UAE,8.7,45,Male,19,0,0,36-45,17,0,0,0.03106201699740979,0.03106201699740971,0,128.47
TXN001318,CUST01608,2024-11-23 06:22:31,Online Purchase,Groceries,89.75,10155.78,10066.03,Yes,ATM Machine,Pakistan,8.1,59,Male,148,0,0,56-65,6,1,0,0.008837332041458165,0.008837332041458165,0,130.62
TXN001319,CUST01100,2024-11-23 09:36:44,POS Purchase,Restaurants,15.43,11596.57,11581.14,No,Web Browser,United States,4.2,40,Male,129,0,0,36-45,9,1,0,0.0013305658483500115,0.0013305658483499863,30,139.48
TXN001320,CUST01716,2024-11-24 05:52:32,Online Purchase,Restaurants,175.02,23681.08,23789.08,Yes,Mobile App,United Kingdom,19.6,76,Female,20,0,0,66+,5,1,1,-0.004560602810344798,0.007390710220986542,25,139.48
TXN001321,CUST00350,2024-11-24 16:49:32,POS Purchase,Online Services,78.56,11579.99,11501.43,No,Web Browser,Pakistan,14.7,60,Male,114,0,0,56-65,16,1,0,0.006784116393882852,0.0067841163938828965,30,146.23
TXN001322,CUST00352,2024-11-25 09:20:32,Bank Transfer,Groceries,309.69,8448.81,8139.12,,Web Browser,United States,0.7,61,Male,113,0,0,56-65,9,0,0,0.03665486618825605,0.0366548661882561,0,130.62
TXN001323,CUST00004,2024-11-25 15:34:10,Bank Transfer,Entertainment,241.92,6151.06,5909.14,,Web Browser,Germany,2.0,24,Female,7,0,0,18-25,15,0,0,0.03932980656992454,0.039329806569924526,0,166.95
TXN001324,CUST00284,2024-11-25 19:33:26,POS Purchase,Fashion & Apparel,266.09,3739.91,3473.82,Yes,Mobile App,United States,14.5,55,Male,1,0,0,46-55,19,0,0,0.0711487709597289,0.07114877095972898,0,144.15
TXN001325,CUST00772,2024-11-25 19:43:02,Online Purchase,Travel,29.63,4279.68,4250.05,No,Web Browser,UAE,9.2,43,Male,82,0,0,36-45,19,0,0,0.006923414834754026,0.0069234148347539996,0,483.02
TXN001326,CUST00468,2024-11-25 20:22:09,Online Purchase,Healthcare,59.1,5424.86,5365.76,Yes,Web Browser,United States,19.6,21,Female,138,0,0,18-25,20,0,0,0.010894290359566784,0.010894290359566884,0,103.71
TXN001327,CUST01335,2024-11-25 20:33:27,Bank Transfer,Healthcare,102.43,920.97,818.54,,Web Browser,United Kingdom,0.7,51,Female,11,0,0,46-55,20,0,0,0.1112196922809647,0.11121969228096464,0,103.71
TXN001328,CUST01102,2024-11-26 16:03:11,Online Purchase,Fashion & Apparel,73.09,5357.66,5579.66,Yes,Web Browser,Canada,2.7,18,Male,143,0,0,18-25,16,0,0,-0.041436000044795675,0.013642149744478001,0,144.15
TXN001329,CUST01482,2024-11-26 19:31:03,Online Purchase,Utilities,42.84,23969.22,23926.38,No,Mobile App,India,18.1,45,Female,135,0,0,36-45,19,0,0,0.0017872922022493908,0.001787292202249385,0,128.47
TXN001330,CUST01528,2024-11-27 16:48:31,Online Purchase,Groceries,117.84,6348.39,6775.39,Yes,Mobile App,United Kingdom,12.2,78,Male,170,0,0,66+,16,0,0,-0.06726114810211722,0.018562186633146356,0,130.62
TXN001331,CUST00721,2024-11-27 20:42:08,Online Purchase,Fuel,37.3,18123.04,18085.74,No,Web Browser,United Kingdom,0.9,55,Female,92,0,0,46-55,20,0,0,0.0020581535989546607,0.0020581535989547006,0,147.4
TXN001332,CUST01127,2024-11-27 22:38:18,ATM Withdrawal,Entertainment,230.57,1244.96,1014.39,Yes,Mobile App,Pakistan,20.0,20,Female,133,0,0,18-25,22,0,0,0.18520273743734741,0.1852027374373474,0,166.95
TXN001333,CUST01261,2024-11-28 17:34:11,Bank Transfer,Groceries,118.42,13956.28,13837.86,,POS Terminal,Australia,5.3,64,Male,39,0,0,56-65,17,0,0,0.008485069087177964,0.008485069087177959,0,130.62
TXN001334,CUST01260,2024-11-28 18:04:01,Online Purchase,Healthcare,43.6,2232.13,2482.13,No,Mobile App,United States,20.7,44,Female,1,0,0,36-45,18,0,0,-0.11200064512371591,0.019532912509576054,0,103.71
TXN001335,CUST00698,2024-11-28 18:54:02,ATM Withdrawal,Healthcare,187.76,5758.57,5570.81,Yes,ATM Machine,United States,13.7,32,Female,118,0,0,26-35,18,0,0,0.032605316945005326,0.032605316945005444,0,103.71
TXN001336,CUST01479,2024-11-29 19:31:54,Bill Payment,Electronics,73.75,1437.42,1363.67,,Mobile App,Canada,2.0,62,Male,10,0,0,56-65,19,0,0,0.05130720318348151,0.05130720318348151,0,132.66
TXN001337,CUST00665,2024-11-30 10:47:40,POS Purchase,Utilities,56.06,9057.25,9001.19,Yes,Web Browser,Germany,12.8,52,Male,161,0,0,46-55,10,1,0,0.006189516685528112,0.006189516685528168,0,128.47
TXN001338,CUST00054,2024-11-30 13:27:34,Online Purchase,Online Services,758.35,2274.57,1516.22,Yes,Web Browser,United Kingdom,12.3,82,Female,10,0,1,66+,13,1,0,0.3334036762992566,0.33340367629925655,0,146.23
TXN001339,CUST00161,2024-11-30 16:45:36,Wire Transfer,Travel,386.69,823.28,436.59,,Mobile App,United States,2.5,59,Male,119,0,0,56-65,16,1,0,0.469694393159071,0.469694393159071,0,483.02
TXN001340,CUST01231,2024-11-30 18:43:15,ATM Withdrawal,Entertainment,385.03,10450.43,10065.4,No,Mobile App,Canada,4.4,28,Female,75,0,0,26-35,18,1,0,0.03684346002987443,0.03684346002987437,30,166.95
TXN001341,CUST00274,2024-11-30 18:53:04,ATM Withdrawal,Restaurants,38.26,2334.59,2296.33,Yes,POS Terminal,Canada,1.1,65,Female,48,0,0,56-65,18,1,0,0.01638831657807162,0.01638831657807152,0,139.48
TXN001342,CUST00680,2024-12-01 01:00:17,POS Purchase,Utilities,405.64,17403.99,16998.35,Yes,Web Browser,United Kingdom,2.7,32,Female,109,0,0,26-35,1,1,1,0.023307299073373578,0.0233072990733734,25,128.47
TXN001343,CUST00274,2024-12-01 12:54:34,POS Purchase,Travel,216.55,1740.35,1523.8,No,Mobile App,Germany,15.2,22,Female,45,0,0,18-25,12,1,0,0.12442899416783978,0.12442899416783981,30,483.02
TXN001344,CUST01276,2024-12-01 15:36:23,ATM Withdrawal,Groceries,152.47,3090.59,2938.12,No,POS Terminal,United States,0.4,67,Male,83,0,0,66+,15,1,0,0.04933362238278136,0.04933362238278128,30,130.62
TXN001345,CUST00296,2024-12-01 20:18:47,Online Purchase,Fuel,108.14,2491.42,2383.28,No,POS Terminal,United Kingdom,0.1,42,Female,122,0,0,36-45,20,1,0,0.04340496584277234,0.0434049658427724,0,147.4
TXN001346,CUST00878,2024-12-02 09:32:46,Online Purchase,Fuel,88.0,14440.57,14352.57,No,Web Browser,UAE,0.4,25,Female,83,0,0,18-25,9,0,0,0.006093942275131799,0.006093942275131799,0,147.4
TXN001347,CUST00244,2024-12-02 09:35:52,POS Purchase,Electronics,181.17,2286.36,2105.19,No,Web Browser,United Kingdom,11.5,18,Male,17,0,0,18-25,9,0,0,0.07923948984411906,0.07923948984411902,30,132.66
TXN001348,CUST01089,2024-12-02 12:15:46,Bank Transfer,Groceries,61.72,1928.46,1866.74,,Mobile App,United States,41.0,27,Male,135,0,0,26-35,12,0,0,0.03200481212988604,0.03200481212988602,0,130.62
TXN001349,CUST00936,2024-12-02 17:14:31,POS Purchase,Fuel,382.78,1220.63,837.85,Yes,POS Terminal,United States,1.4,50,Male,141,0,0,46-55,17,0,0,0.31359216142483803,0.3135921614248379,0,147.4
TXN001350,CUST00250,2024-12-02 20:16:09,Online Purchase,Travel,65.96,4399.21,4564.21,No,Web Browser,United States,6.5,78,Male,79,0,0,66+,20,0,0,-0.037506734163633926,0.014993601123838142,0,483.02
TXN001351,CUST00096,2024-12-03 13:49:53,POS Purchase,Electronics,438.59,1792.07,2083.07,No,Web Browser,United Kingdom,34.9,23,Male,58,0,0,18-25,13,0,0,-0.16238204980832235,0.24473932379873553,30,132.66
TXN001352,CUST01642,2024-12-03 17:56:14,POS Purchase,Entertainment,51.97,2207.22,2155.25,Yes,Web Browser,UAE,5.6,73,Male,95,0,0,66+,17,0,0,0.023545455369197364,0.023545455369197454,0,166.95
TXN001353,CUST00590,2024-12-03 18:43:46,Wire Transfer,Fuel,51.21,7659.74,7608.53,,Web Browser,UAE,17.8,68,Female,23,0,0,66+,18,0,0,0.0066856055166363395,0.006685605516636335,0,147.4
TXN001354,CUST00506,2024-12-03 21:45:42,Online Purchase,Groceries,223.19,2932.98,2709.79,Yes,Web Browser,Pakistan,10.2,21,Female,98,0,0,18-25,21,0,0,0.07609666618933646,0.07609666618933644,0,130.62
TXN001355,CUST01199,2024-12-03 23:05:31,Bill Payment,Groceries,142.43,13391.19,13248.76,,Mobile App,United States,9.2,36,Male,36,0,0,36-45,23,0,0,0.010636097314727092,0.010636097314727071,0,130.62
TXN001356,CUST00405,2024-12-04 10:36:53,ATM Withdrawal,Entertainment,141.94,2539.64,2397.7,Yes,POS Terminal,India,26.3,46,Female,174,0,0,46-55,10,0,0,0.05588981115433686,0.05588981115433684,0,166.95
TXN001357,CUST00690,2024-12-04 12:59:59,Online Purchase,Restaurants,97.31,5868.34,5771.03,Yes,Mobile App,United States,5.3,50,Male,80,0,0,46-55,12,0,0,0.016582202121894846,0.016582202121894776,0,139.48
TXN001358,CUST01446,2024-12-05 07:17:16,ATM Withdrawal,Online Services,226.77,10107.94,9881.17,No,Mobile App,United Kingdom,21.3,58,Female,133,0,0,56-65,7,0,0,0.02243483835479835,0.022434838354798307,30,146.23
TXN001359,CUST00145,2024-12-05 11:41:40,Bill Payment,Travel,367.9,1470.84,1102.94,,POS Terminal,United States,0.8,67,Female,169,0,0,66+,11,0,0,0.25012917788474603,0.25012917788474615,0,483.02
TXN001360,CUST01543,2024-12-05 18:38:58,POS Purchase,Groceries,90.0,1937.81,2044.81,Yes,Mobile App,Germany,1.5,33,Female,19,0,0,26-35,18,0,0,-0.05521697173613512,0.04644418183413235,0,130.62
TXN001361,CUST01695,2024-12-05 20:43:03,Online Purchase,Fashion & Apparel,54.49,874.19,819.7,No,Mobile App,United Kingdom,25.4,77,Female,71,0,0,66+,20,0,0,0.062331987325409816,0.06233198732540981,0,144.15
TXN001362,CUST00246,2024-12-05 20:46:47,ATM Withdrawal,Restaurants,166.49,10739.03,10572.54,Yes,POS Terminal,United Kingdom,7.5,85,Male,23,0,0,66+,20,0,0,0.015503262398931726,0.015503262398931747,0,139.48
TXN001363,CUST00095,2024-12-05 22:47:14,Online Purchase,Utilities,142.64,2838.53,2695.89,No,ATM Machine,United Kingdom,19.1,52,Female,76,0,0,46-55,22,0,0,0.05025136250101296,0.05025136250101284,0,128.47
TXN001364,CUST00614,2024-12-05 22:52:35,Bank Transfer,Travel,50.0,936.21,886.21,,POS Terminal,United Kingdom,14.6,51,Male,26,0,0,46-55,22,0,0,0.05340682111919334,0.05340682111919334,0,483.02
TXN001365,CUST00106,2024-12-06 06:24:06,Bank Transfer,Fashion & Apparel,88.2,2523.53,2435.33,,Web Browser,Germany,10.2,62,Male,25,0,0,56-65,6,0,0,0.034951040803953295,0.03495104080395319,0,144.15
TXN001366,CUST00927,2024-12-06 14:50:39,Bank Transfer,Groceries,101.51,5613.13,5511.62,,Web Browser,India,12.0,57,Male,157,0,0,56-65,14,0,0,0.018084384291830086,0.018084384291830048,0,130.62
TXN001367,CUST00433,2024-12-06 16:29:32,POS Purchase,Groceries,815.34,1760.66,945.32,Yes,Web Browser,Pakistan,10.6,23,Male,33,0,0,18-25,16,0,0,0.4630877057467086,0.4630877057467086,0,130.62
TXN001368,CUST00217,2024-12-07 16:55:29,POS Purchase,Entertainment,48.41,2702.45,2654.04,Yes,POS Terminal,United Kingdom,0.2,21,Female,140,0,0,18-25,16,1,0,0.01791337490055315,0.0179133749005532,0,166.95
TXN001369,CUST00418,2024-12-08 02:37:06,POS Purchase,Restaurants,297.32,2441.93,2144.61,No,Mobile App,United Kingdom,24.1,38,Male,174,0,0,36-45,2,1,1,0.12175615189624589,0.121756151896246,55,139.48
TXN001370,CUST00983,2024-12-08 12:22:43,POS Purchase,Online Services,65.42,3160.42,3095.0,Yes,Mobile App,Australia,21.5,51,Male,95,0,0,46-55,12,1,0,0.020699780408933013,0.02069978040893299,0,146.23
TXN001371,CUST00925,2024-12-08 13:57:13,Online Purchase,Restaurants,197.89,4102.4,4300.4,No,Web Browser,Pakistan,12.4,52,Female,38,0,0,46-55,13,1,0,-0.04826443057722309,0.04823761700468019,0,139.48
TXN001372,CUST00414,2024-12-08 15:15:53,POS Purchase,Restaurants,84.99,1640.24,1555.25,Yes,Web Browser,Germany,3.4,24,Male,18,0,0,18-25,15,1,0,0.051815587962737164,0.05181558796273716,0,139.48
TXN001373,CUST00050,2024-12-08 20:27:37,Online Purchase,Groceries,132.58,8871.95,8739.37,No,Mobile App,United Kingdom,2.6,34,Male,37,0,0,26-35,20,1,0,0.014943727140031213,0.014943727140031221,0,130.62
TXN001374,CUST01543,2024-12-09 02:35:59,POS Purchase,Entertainment,131.57,2505.6,2374.03,No,Mobile App,India,2.0,47,Female,112,0,0,46-55,2,0,1,0.0525103767560663,0.05251037675606641,55,166.95
TXN001375,CUST01174,2024-12-09 08:52:10,POS Purchase,Groceries,805.72,5103.7,4297.98,Yes,Web Browser,United Kingdom,5.1,53,Female,152,0,0,46-55,8,0,0,0.15786978074730104,0.157869780747301,0,130.62
TXN001376,CUST00949,2024-12-09 11:55:14,ATM Withdrawal,Groceries,247.7,8509.08,8261.38,No,Mobile App,Canada,1.7,25,Male,9,0,0,18-25,11,0,0,0.029110080055658277,0.02911008005565819,30,130.62
TXN001377,CUST00783,2024-12-09 15:52:22,POS Purchase,Online Services,353.24,6151.59,5798.35,No,ATM Machine,Canada,12.9,59,Female,115,0,0,56-65,15,0,0,0.057422552543326164,0.0574225525433262,30,146.23
TXN001378,CUST00285,2024-12-09 17:33:47,ATM Withdrawal,Travel,92.3,8344.87,8252.57,Yes,Mobile App,United Kingdom,6.2,73,Male,151,0,0,66+,17,0,0,0.01106068758410869,0.011060687584108558,0,483.02
TXN001379,CUST01097,2024-12-10 04:41:33,Bank Transfer,Electronics,35.33,1721.62,1686.29,,Mobile App,United Kingdom,20.2,77,Female,25,0,0,66+,4,0,1,0.020521369407883232,0.020521369407883273,25,132.66
TXN001380,CUST00030,2024-12-11 06:34:56,POS Purchase,Fashion & Apparel,1401.57,1103.7,1389.7,No,ATM Machine,India,154.0,69,Other,11,3,1,66+,6,0,0,-0.2591283863368669,1.2698831204131555,100,144.15
TXN001381,CUST00415,2024-12-11 10:26:58,POS Purchase,Fuel,95.21,8804.94,8709.73,No,Web Browser,United States,4.1,73,Male,88,0,0,66+,10,0,0,0.010813248017590232,0.010813248017590125,30,147.4
TXN001382,CUST01347,2024-12-11 10:51:20,Wire Transfer,Home Improvement,178.06,3759.89,3581.83,,Mobile App,Pakistan,0.2,85,Male,42,0,0,66+,10,0,0,0.04735776844535344,0.04735776844535346,0,202.64
TXN001383,CUST00238,2024-12-11 11:36:12,POS Purchase,Fashion & Apparel,59.66,2338.27,2278.61,Yes,Mobile App,United Kingdom,9.2,22,Female,112,0,0,18-25,11,0,0,0.025514589846339326,0.025514589846339385,0,144.15
TXN001384,CUST01710,2024-12-11 13:50:10,POS Purchase,Utilities,175.13,5997.86,6273.86,Yes,Mobile App,Pakistan,0.5,33,Female,148,0,0,26-35,13,0,0,-0.046016412520465635,0.02919874755329401,0,128.47
TXN001385,CUST00661,2024-12-11 22:00:00,Online Purchase,Travel,911.92,1446.05,534.13,Yes,Web Browser,United Kingdom,1.6,85,Male,31,0,0,66+,22,0,0,0.6306282631997511,0.6306282631997511,10,483.02
TXN001386,CUST00442,2024-12-12 12:41:34,Bank Transfer,Groceries,152.15,3411.49,3259.34,,POS Terminal,United Kingdom,17.0,19,Male,107,0,0,18-25,12,0,0,0.04459928066621906,0.04459928066621916,0,130.62
TXN001387,CUST01020,2024-12-12 13:06:59,Online Purchase,Travel,500.83,8515.5,8014.67,No,Mobile App,UAE,11.7,62,Male,86,0,0,56-65,13,0,0,0.058813927543890546,0.05881392754389055,0,483.02
TXN001388,CUST00931,2024-12-12 15:05:43,Bank Transfer,Utilities,306.71,4894.94,4588.23,,Mobile App,United States,29.9,82,Male,102,0,0,66+,15,0,0,0.06265858212766655,0.06265858212766653,0,128.47
TXN001389,CUST00528,2024-12-12 16:23:18,POS Purchase,Groceries,189.34,6881.04,6691.7,No,Web Browser,United Kingdom,1.2,44,Female,94,0,0,36-45,16,0,0,0.027516189413228254,0.027516189413228233,30,130.62
TXN001390,CUST01382,2024-12-12 18:49:03,POS Purchase,Fashion & Apparel,62.43,5244.94,5182.51,Yes,Mobile App,United States,11.5,59,Female,108,0,0,56-65,18,0,0,0.011902900700484541,0.011902900700484659,0,144.15
TXN001391,CUST01461,2024-12-13 08:31:40,Wire Transfer,Fuel,76.68,4636.5,4559.82,,POS Terminal,United Kingdom,9.5,56,Male,21,0,0,56-65,8,0,0,0.016538337107732188,0.016538337107732125,0,147.4
TXN001392,CUST01572,2024-12-13 09:30:37,Bank Transfer,Fuel,600.21,16231.05,15630.84,,POS Terminal,United Kingdom,2.1,18,Female,124,0,0,18-25,9,0,0,0.03697912334691835,0.03697912334691841,0,147.4
TXN001393,CUST00458,2024-12-13 11:58:37,Bank Transfer,Groceries,277.97,2188.77,1910.8,,Web Browser,United Kingdom,27.9,47,Female,174,1,0,46-55,11,0,0,0.12699826843386927,0.12699826843386927,15,130.62
TXN001394,CUST00060,2024-12-13 17:18:18,POS Purchase,Travel,57.9,4989.6,4931.7,Yes,Web Browser,United States,6.0,72,Male,114,0,0,66+,17,0,0,0.011604136604136712,0.011604136604136603,0,483.02
TXN001395,CUST00062,2024-12-14 12:08:39,Online Purchase,Utilities,159.42,11064.76,10905.34,Yes,Mobile App,Germany,1.1,54,Female,25,0,0,46-55,12,1,0,0.014407904012378042,0.014407904012378035,0,128.47
TXN001396,CUST01552,2024-12-14 15:01:02,ATM Withdrawal,Online Services,302.22,2846.54,2544.32,No,POS Terminal,UAE,2.0,18,Female,88,0,0,18-25,15,1,0,0.10617100058316405,0.10617100058316413,30,146.23
TXN001397,CUST01686,2024-12-14 16:42:14,ATM Withdrawal,Restaurants,182.29,2463.46,2281.17,Yes,POS Terminal,United Kingdom,1.7,79,Male,21,0,0,66+,16,1,0,0.07399754816396449,0.0739975481639645,0,139.48
TXN001398,CUST01367,2024-12-14 17:21:38,ATM Withdrawal,Online Services,219.32,3742.74,3523.42,Yes,POS Terminal,UAE,6.8,19,Female,86,0,0,18-25,17,1,0,0.05859878057252166,0.058598780572521734,0,146.23
TXN001399,CUST01474,2024-12-14 19:43:08,POS Purchase,Travel,206.16,928.67,1408.67,No,POS Terminal,Canada,21.2,72,Female,75,0,0,66+,19,1,0,-0.5168682093746972,0.22199489592643243,30,483.02
TXN001400,CUST01133,2024-12-14 19:58:41,Online Purchase,Groceries,133.27,1001.49,868.22,No,POS Terminal,United States,23.5,78,Female,133,0,0,66+,19,1,0,0.13307172313253252,0.13307172313253254,0,130.62
TXN001401,CUST01658,2024-12-14 20:54:52,Bank Transfer,Restaurants,196.18,774.38,578.2,,Web Browser,Canada,14.9,37,Female,63,0,0,36-45,20,1,0,0.25333815439448326,0.2533381543944833,0,139.48
TXN001402,CUST00796,2024-12-14 21:49:08,Bank Transfer,Fashion & Apparel,210.16,12647.3,12437.14,,Web Browser,United States,11.9,76,Female,84,0,0,66+,21,1,0,0.01661698544353339,0.016616985443533402,0,144.15
TXN001403,CUST01393,2024-12-15 09:39:27,Bill Payment,Groceries,184.27,5245.68,5061.41,,Mobile App,United States,12.3,47,Male,176,0,0,46-55,9,1,0,0.03512795290601036,0.03512795290601028,0,130.62
TXN001404,CUST00999,2024-12-15 13:56:03,POS Purchase,Healthcare,76.82,1516.46,1439.64,Yes,POS Terminal,Canada,8.4,67,Female,134,0,0,66+,13,1,0,0.05065745222425909,0.050657452224259124,0,103.71
TXN001405,CUST01248,2024-12-15 16:10:15,Wire Transfer,Restaurants,161.78,19174.47,19012.69,,Mobile App,Germany,2.2,30,Male,95,1,0,26-35,16,1,0,0.008437260586603044,0.008437260586602914,15,139.48
TXN001406,CUST01668,2024-12-15 16:51:39,POS Purchase,Utilities,162.91,2304.33,2666.33,No,Web Browser,United Kingdom,4.1,65,Female,156,1,0,56-65,16,1,0,-0.1570955548901416,0.07069733935677616,45,128.47
TXN001407,CUST00665,2024-12-15 16:58:37,ATM Withdrawal,Electronics,242.88,1361.28,1118.4,Yes,POS Terminal,United Kingdom,5.7,66,Male,139,0,0,66+,16,1,0,0.17842031029619174,0.17842031029619182,0,132.66
TXN001408,CUST00567,2024-12-15 18:29:34,Online Purchase,Utilities,36.79,4203.84,4646.84,Yes,POS Terminal,India,3.8,56,Male,124,0,0,56-65,18,1,0,-0.10537984319098728,0.008751522417599147,0,128.47
TXN001409,CUST01483,2024-12-15 19:18:39,POS Purchase,Groceries,55.91,10869.55,10813.64,Yes,Mobile App,United States,0.0,82,Male,153,0,0,66+,19,1,0,0.005143727201218069,0.005143727201218082,0,130.62
TXN001410,CUST00006,2024-12-16 05:33:37,Online Purchase,Entertainment,665.37,9306.2,8640.83,No,Mobile App,United States,48.0,50,Female,38,0,1,46-55,5,0,1,0.07149749629279413,0.07149749629279405,25,166.95
TXN001411,CUST00940,2024-12-16 09:39:28,Wire Transfer,Healthcare,135.24,4008.82,3873.58,,Mobile App,Germany,2.8,83,Female,122,0,0,66+,9,0,0,0.033735612973393725,0.03373561297339367,0,103.71
TXN001412,CUST01623,2024-12-16 13:34:36,Wire Transfer,Fashion & Apparel,68.55,1149.22,1080.67,,Web Browser,United Kingdom,22.2,72,Female,61,0,0,66+,13,0,0,0.059649153338786266,0.0596491533387863,0,144.15
TXN001413,CUST01578,2024-12-16 18:59:48,ATM Withdrawal,Utilities,200.05,3814.14,3614.09,Yes,POS Terminal,United States,15.6,78,Other,151,0,0,66+,18,0,0,0.05244956923448005,0.052449569234480124,0,128.47
TXN001414,CUST00950,2024-12-17 08:10:57,Bill Payment,Electronics,79.86,644.75,564.89,,POS Terminal,India,7.4,56,Male,30,0,0,56-65,8,0,0,0.12386196200077551,0.1238619620007755,0,132.66
TXN001415,CUST01704,2024-12-17 09:01:57,POS Purchase,Restaurants,81.65,1291.39,1209.74,No,Mobile App,United States,3.2,25,Female,5,0,0,18-25,9,0,0,0.06322644592261059,0.06322644592261052,30,139.48
TXN001416,CUST01500,2024-12-17 12:03:47,Bill Payment,Utilities,50.13,1948.17,1898.04,,Web Browser,India,31.5,24,Female,168,0,0,18-25,12,0,0,0.02573184065045664,0.025731840650456583,0,128.47
TXN001417,CUST00062,2024-12-17 13:14:31,POS Purchase,Electronics,133.69,4044.3,4519.3,Yes,Mobile App,Canada,1.2,78,Male,179,0,0,66+,13,0,0,-0.11744924956111069,0.03305640036594713,0,132.66
TXN001418,CUST00558,2024-12-17 13:22:54,Online Purchase,Electronics,108.44,3591.32,3482.88,Yes,POS Terminal,United States,3.7,51,Male,72,0,0,46-55,13,0,0,0.030195025784391268,0.030195025784391254,0,132.66
TXN001419,CUST00481,2024-12-17 13:45:43,Bill Payment,Fuel,36.79,7913.47,7876.68,,ATM Machine,United Kingdom,7.3,55,Male,164,0,0,46-55,13,0,0,0.0046490351261835785,0.004649035126183583,0,147.4
TXN001420,CUST00438,2024-12-17 18:48:25,Online Purchase,Online Services,25.78,14166.84,14141.06,Yes,POS Terminal,Canada,5.4,19,Female,34,0,0,18-25,18,0,0,0.0018197424407984176,0.0018197424407983714,0,146.23
TXN001421,CUST00651,2024-12-18 11:14:50,POS Purchase,Groceries,860.15,13561.02,12700.87,No,Web Browser,India,5.4,21,Male,58,0,0,18-25,11,0,0,0.06342811971370882,0.06342811971370885,30,130.62
TXN001422,CUST00010,2024-12-18 12:47:52,Bill Payment,Fuel,43.08,24076.82,24033.74,,Mobile App,Germany,5.7,68,Female,117,0,0,66+,12,0,0,0.0017892728358644583,0.0017892728358645368,0,147.4
TXN001423,CUST00839,2024-12-19 06:38:13,POS Purchase,Restaurants,73.41,1520.82,1447.41,No,Web Browser,United Kingdom,41.6,60,Female,20,0,0,56-65,6,0,0,0.048270012230244116,0.04827001223024421,30,139.48
TXN001424,CUST00683,2024-12-19 21:54:14,Bank Transfer,Groceries,507.3,9156.16,8648.86,,Web Browser,United Kingdom,9.6,41,Male,172,0,0,36-45,21,0,0,0.055405322755390826,0.05540532275539091,0,130.62
TXN001425,CUST00689,2024-12-20 04:25:42,ATM Withdrawal,Entertainment,181.25,14705.13,14523.88,No,Mobile App,Australia,16.2,49,Male,52,0,0,46-55,4,0,1,0.012325630579260435,0.012325630579260435,55,166.95
TXN001426,CUST01708,2024-12-20 15:36:44,POS Purchase,Fuel,187.11,15359.56,15172.45,No,ATM Machine,Pakistan,9.6,36,Male,135,0,0,36-45,15,0,0,0.012181989588243333,0.012181989588243415,30,147.4
TXN001427,CUST01065,2024-12-20 16:34:14,Bank Transfer,Groceries,447.03,5160.33,4713.3,,Web Browser,Canada,1.5,54,Other,177,0,0,46-55,16,0,0,0.08662818075588184,0.08662818075588188,0,130.62
TXN001428,CUST01165,2024-12-20 22:00:49,POS Purchase,Fuel,365.04,8957.96,9299.96,No,ATM Machine,United Kingdom,24.9,32,Female,159,0,0,26-35,22,0,0,-0.03817833524597118,0.0407503494099103,30,147.4
TXN001429,CUST01054,2024-12-21 10:41:40,Online Purchase,Restaurants,33.35,1262.59,1229.24,Yes,ATM Machine,United Kingdom,5.0,73,Female,115,0,0,66+,10,1,0,0.02641395860889118,0.02641395860889125,0,139.48
TXN001430,CUST00147,2024-12-21 13:30:26,Online Purchase,Electronics,75.1,2287.26,2212.16,Yes,POS Terminal,United States,19.8,85,Female,143,1,0,66+,13,1,0,0.03283404597640861,0.032834045976408446,15,132.66
TXN001431,CUST00996,2024-12-21 18:33:21,ATM Withdrawal,Entertainment,377.44,2252.26,1874.82,Yes,POS Terminal,Pakistan,4.2,79,Male,127,0,0,66+,18,1,0,0.16758278351522482,0.16758278351522468,0,166.95
TXN001432,CUST00212,2024-12-21 22:25:40,POS Purchase,Electronics,139.25,2218.77,2079.52,Yes,Mobile App,UAE,26.7,52,Male,69,0,0,46-55,22,1,0,0.06275999765635916,0.06275999765635916,0,132.66
TXN001433,CUST00230,2024-12-21 22:46:39,Bill Payment,Entertainment,161.83,3424.02,3262.19,,Web Browser,United Kingdom,29.2,43,Female,164,0,0,36-45,22,1,0,0.04726315850958812,0.04726315850958815,0,166.95
TXN001434,CUST00884,2024-12-22 01:06:39,POS Purchase,Electronics,65.31,1948.75,1883.44,Yes,POS Terminal,UAE,6.7,26,Female,77,0,0,26-35,1,1,1,0.03351379089159715,0.03351379089159718,25,132.66
TXN001435,CUST00944,2024-12-22 12:35:43,POS Purchase,Restaurants,71.36,841.41,1333.41,No,Web Browser,United Kingdom,8.3,45,Male,87,0,0,36-45,12,1,0,-0.5847327699932258,0.08481002127381419,30,139.48
TXN001436,CUST01593,2024-12-22 12:41:57,Online Purchase,Healthcare,268.47,6331.26,6565.26,Yes,Web Browser,United Kingdom,7.3,79,Female,24,0,0,66+,12,1,0,-0.036959467783663914,0.04240388169179595,0,103.71
TXN001437,CUST01275,2024-12-23 11:32:21,Bank Transfer,Utilities,267.41,982.55,715.14,,Web Browser,United States,2.7,72,Male,59,0,0,66+,11,0,0,0.27215917764999237,0.2721591776499924,0,128.47
TXN001438,CUST00509,2024-12-23 15:02:20,Online Purchase,Fashion & Apparel,58.73,6458.06,6399.33,Yes,Mobile App,United States,0.8,74,Male,165,0,0,66+,15,0,0,0.009094062303540144,0.009094062303540072,0,144.15
TXN001439,CUST01142,2024-12-23 15:03:38,POS Purchase,Restaurants,114.3,1453.96,1339.66,Yes,Mobile App,Canada,56.7,85,Male,88,0,0,66+,15,0,0,0.07861289168890476,0.07861289168890478,0,139.48
TXN001440,CUST01231,2024-12-23 17:52:12,Bank Transfer,Fuel,55.6,498.71,443.11,,ATM Machine,Germany,7.7,34,Male,126,0,0,26-35,17,0,0,0.11148763810631422,0.1114876381063143,0,147.4
TXN001441,CUST00349,2024-12-23 20:14:08,POS Purchase,Online Services,94.26,41309.4,41215.14,Yes,ATM Machine,United States,49.6,74,Male,148,0,0,66+,20,0,0,0.002281805109732943,0.002281805109732894,0,146.23
TXN001442,CUST01202,2024-12-24 00:14:29,Online Purchase,Utilities,65.86,2363.69,2297.83,No,POS Terminal,United States,1.9,68,Female,160,0,0,66+,0,0,1,0.0278632138732237,0.027863213873223644,25,128.47
TXN001443,CUST00331,2024-12-24 08:18:54,Online Purchase,Restaurants,17.38,2612.15,2594.77,No,Mobile App,United Kingdom,1.7,37,Male,113,0,0,36-45,8,0,0,0.006653522960013823,0.006653522960013781,0,139.48
TXN001444,CUST01250,2024-12-24 08:26:00,ATM Withdrawal,Restaurants,62.79,4667.94,4605.15,Yes,Web Browser,Pakistan,54.2,42,Male,159,0,0,36-45,8,0,0,0.013451329708608073,0.01345132970860808,0,139.48
TXN001445,CUST00333,2024-12-24 09:45:49,POS Purchase,Restaurants,118.35,7098.15,6979.8,No,POS Terminal,United States,17.8,24,Female,109,0,0,18-25,9,0,0,0.016673358551171708,0.016673358551171785,30,139.48
TXN001446,CUST00284,2024-12-24 20:53:33,POS Purchase,Groceries,90.95,3465.14,3374.19,Yes,Web Browser,United Kingdom,23.2,31,Female,25,0,0,26-35,20,0,0,0.026247135757862545,0.0262471357578626,0,130.62
TXN001447,CUST01559,2024-12-24 22:30:41,Bill Payment,Entertainment,27.45,591.14,563.69,,Mobile App,United Kingdom,1.4,39,Female,93,0,0,36-45,22,0,0,0.04643570051087717,0.04643570051087729,0,166.95
TXN001448,CUST00037,2024-12-25 02:58:09,Online Purchase,Online Services,120.71,4701.92,4581.21,No,Web Browser,United States,168.5,75,Other,10,3,1,66+,2,0,1,0.025672491237622084,0.025672491237622077,90,146.23
TXN001449,CUST00578,2024-12-25 09:57:25,Bill Payment,Groceries,105.02,7705.71,7600.69,,POS Terminal,Germany,25.9,62,Male,145,0,0,56-65,9,0,0,0.013628854446897227,0.013628854446897171,0,130.62
TXN001450,CUST01320,2024-12-25 10:17:01,Bill Payment,Utilities,77.17,3527.14,3449.97,,Web Browser,United Kingdom,3.7,36,Male,52,0,0,36-45,10,0,0,0.021878916062305458,0.021878916062305437,0,128.47
TXN001451,CUST01009,2024-12-25 11:36:01,ATM Withdrawal,Fuel,97.36,3326.22,3228.86,No,POS Terminal,Pakistan,0.1,51,Female,119,0,0,46-55,11,0,0,0.029270463168401272,0.02927046316840137,30,147.4
TXN001452,CUST00397,2024-12-25 12:42:05,POS Purchase,Online Services,320.27,1988.7,1668.43,Yes,Web Browser,Germany,3.1,66,Female,11,0,0,66+,12,0,0,0.16104490370593855,0.16104490370593855,0,146.23
TXN001453,CUST01273,2024-12-26 03:23:57,Online Purchase,Healthcare,390.42,10413.59,10023.17,Yes,Web Browser,Pakistan,1.0,60,Female,148,0,0,56-65,3,0,1,0.037491393457971756,0.03749139345797175,25,103.71
TXN001454,CUST01351,2024-12-26 09:47:07,Bank Transfer,Groceries,21.4,5986.16,5964.76,,Mobile App,United States,12.2,52,Male,136,0,0,46-55,9,0,0,0.003574912798855967,0.0035749127988560277,0,130.62
TXN001455,CUST00809,2024-12-27 00:40:47,POS Purchase,Home Improvement,33.34,7940.93,7907.59,No,Mobile App,United Kingdom,6.6,47,Male,68,0,0,46-55,0,0,1,0.0041985006793914745,0.004198500679391457,55,202.64
TXN001456,CUST00044,2024-12-27 05:03:47,Wire Transfer,Restaurants,220.3,2386.12,2165.82,,ATM Machine,Germany,945.6,56,Male,58,0,1,56-65,5,0,1,0.09232561648198738,0.0923256164819875,45,139.48
TXN001457,CUST00332,2024-12-27 08:36:07,Bank Transfer,Online Services,117.9,3182.59,3064.69,,Mobile App,Canada,8.4,61,Female,178,0,0,56-65,8,0,0,0.03704529958304403,0.037045299583044,0,146.23
TXN001458,CUST00540,2024-12-27 11:11:47,Online Purchase,Electronics,98.35,13371.8,13273.45,Yes,Web Browser,Germany,5.1,70,Female,16,0,0,66+,11,0,0,0.007355030736325592,0.0073550307363257,0,132.66
TXN001459,CUST00547,2024-12-27 17:36:11,ATM Withdrawal,Online Services,50.09,4355.74,4305.65,No,ATM Machine,Germany,14.9,24,Male,134,0,0,18-25,17,0,0,0.011499768122064253,0.01149976812206422,30,146.23
TXN001460,CUST01657,2024-12-27 20:28:14,Online Purchase,Entertainment,175.07,5932.28,5757.21,Yes,Mobile App,UAE,3.5,78,Female,13,0,0,66+,20,0,0,0.029511418881104687,0.029511418881104735,0,166.95
TXN001461,CUST00134,2024-12-27 23:14:13,POS Purchase,Electronics,125.82,3261.52,3135.7,No,POS Terminal,United Kingdom,41.3,22,Male,1,0,0,18-25,23,0,0,0.038577105153425446,0.0385771051534254,30,132.66
TXN001462,CUST01622,2024-12-28 07:28:59,Online Purchase,Fashion & Apparel,179.09,2527.0,2347.91,Yes,Mobile App,UAE,13.9,61,Female,48,0,0,56-65,7,1,0,0.07087059754649788,0.07087059754649783,0,144.15
TXN001463,CUST01380,2024-12-28 10:04:48,POS Purchase,Fuel,249.31,6699.08,6449.77,Yes,POS Terminal,United Kingdom,7.95,29,Male,33,0,0,26-35,10,1,0,0.03721555795721196,0.037215557957212035,0,147.4
TXN001464,CUST00968,2024-12-28 11:19:49,Bank Transfer,Fuel,247.91,8370.08,8122.17,,Web Browser,Germany,0.4,18,Male,59,0,0,18-25,11,1,0,0.02961859384856535,0.029618593848565366,0,147.4
TXN001465,CUST00064,2024-12-28 13:17:20,POS Purchase,Travel,97.96,11982.06,11884.1,No,ATM Machine,Pakistan,51.2,71,Male,174,0,0,66+,13,1,0,0.008175555789238172,0.008175555789238243,30,483.02
TXN001466,CUST00108,2024-12-28 16:31:23,Online Purchase,Groceries,122.71,1600.9,1478.19,Yes,Web Browser,United Kingdom,17.9,76,Male,68,0,0,66+,16,1,0,0.0766506340183647,0.07665063401836467,0,130.62
TXN001467,CUST00029,2024-12-28 20:57:11,Online Purchase,Groceries,79.2,1517.2,1897.2,No,POS Terminal,United Kingdom,37.2,45,Female,157,0,0,36-45,20,1,0,-0.25046137621935144,0.05220142367519114,0,130.62
TXN001468,CUST00426,2024-12-30 05:53:16,Online Purchase,Utilities,304.38,1768.5,1464.12,No,ATM Machine,Pakistan,1.8,66,Male,27,0,0,66+,5,0,1,0.17211195928753187,0.1721119592875318,25,128.47
TXN001469,CUST00567,2024-12-30 19:30:02,ATM Withdrawal,Restaurants,395.31,6164.76,5769.45,No,Mobile App,United Kingdom,37.2,70,Female,123,0,0,66+,19,0,0,0.0641241508185234,0.06412415081852335,30,139.48
TXN001470,CUST01715,2024-12-30 19:53:26,POS Purchase,Travel,71.13,3683.07,3611.94,No,ATM Machine,Germany,3.3,58,Male,71,0,0,56-65,19,0,0,0.019312692943658446,0.019312692943658415,30,483.02
TXN001471,CUST00047,2024-12-30 22:25:53,Online Purchase,Travel,1000.43,1580.46,580.03,No,Mobile App,United States,100.0,72,Male,43,3,1,66+,22,0,0,0.6329992533819268,0.6329992533819268,55,483.02
TXN001472,CUST00775,2024-12-31 11:59:41,Wire Transfer,Fuel,267.13,4407.63,4140.5,,Mobile App,Pakistan,9.5,65,Female,99,0,0,56-65,11,0,0,0.06060626685996785,0.060606266859967825,0,147.4
TXN001473,CUST00037,2024-12-31 12:00:49,POS Purchase,Electronics,1004.16,9125.81,8121.65,Yes,Web Browser,United States,29.1,75,Female,132,0,0,66+,12,0,0,0.11003516400188038,0.11003516400188039,0,132.66
TXN001474,CUST00487,2024-12-31 13:32:00,POS Purchase,Utilities,205.4,602.7,397.3,No,Web Browser,United States,5.6,44,Male,168,0,0,36-45,13,0,0,0.34079973452795753,0.34079973452795753,30,128.47
TXN001475,CUST01311,2024-12-31 14:32:13,ATM Withdrawal,Electronics,23.18,12497.47,12474.29,Yes,ATM Machine,UAE,0.1,20,Male,96,1,0,18-25,14,0,0,0.001854775406542162,0.0018547754065422841,15,132.66
TXN001476,CUST00750,2024-12-31 17:42:45,Online Purchase,Fashion & Apparel,87.68,161.11,73.43,Yes,Mobile App,United States,5.3,83,Male,66,0,0,66+,17,0,0,0.5442244429271926,0.5442244429271926,10,144.15
TXN001477,CUST01637,2024-12-31 20:30:40,Bank Transfer,Restaurants,54.02,2234.56,2180.54,,Mobile App,UAE,37.0,70,Female,116,0,0,66+,20,0,0,0.024174781612487463,0.024174781612487473,0,139.48
TXN001478,CUST00721,2025-01-01 07:56:40,Bill Payment,Groceries,80.25,5053.74,4973.49,,Web Browser,Germany,2.7,51,Male,74,0,0,46-55,7,0,0,0.015879328972206723,0.015879328972206723,0,130.62
TXN001479,CUST00241,2025-01-01 20:36:07,Online Purchase,Entertainment,83.03,9076.46,8993.43,Yes,Web Browser,India,19.2,23,Male,97,0,0,18-25,20,0,0,0.009147839576222321,0.00914783957622245,0,166.95
TXN001480,CUST01497,2025-01-02 11:36:29,Bill Payment,Fuel,141.01,10447.7,10306.69,,Web Browser,United Kingdom,48.5,52,Male,164,0,0,46-55,11,0,0,0.013496750480967122,0.013496750480967101,0,147.4
TXN001481,CUST00237,2025-01-02 12:21:26,Online Purchase,Healthcare,73.09,8486.37,8413.28,Yes,Mobile App,Pakistan,26.8,48,Female,153,0,0,46-55,12,0,0,0.008612634141570558,0.008612634141570541,0,103.71
TXN001482,CUST00043,2025-01-02 15:02:31,POS Purchase,Groceries,112.09,4058.88,3946.79,No,Mobile App,Australia,6.8,83,Male,90,0,0,66+,15,0,0,0.027615992589088652,0.027615992589088617,30,130.62
TXN001483,CUST00316,2025-01-02 17:37:48,Bank Transfer,Entertainment,155.38,1649.68,1494.3,,Web Browser,Australia,6.5,54,Female,155,1,0,46-55,17,0,0,0.0941879637262985,0.09418796372629842,15,166.95
TXN001484,CUST01224,2025-01-03 09:39:24,Bill Payment,Utilities,80.6,4190.87,4110.27,,POS Terminal,United Kingdom,0.6,60,Male,155,0,0,56-65,9,0,0,0.019232283511538047,0.019232283511538176,0,128.47
TXN001485,CUST00687,2025-01-03 14:06:23,Bank Transfer,Restaurants,1962.73,3524.1,1561.37,,Web Browser,UAE,21.9,83,Female,67,0,0,66+,14,0,0,0.5569450356119293,0.5569450356119293,10,139.48
TXN001486,CUST01510,2025-01-03 14:09:46,Bill Payment,Utilities,59.34,1639.18,1579.84,,Mobile App,United Kingdom,4.8,41,Female,70,1,0,36-45,14,0,0,0.03620102734293985,0.036201027342939764,15,128.47
TXN001487,CUST01184,2025-01-03 16:37:53,POS Purchase,Fashion & Apparel,261.83,3621.44,3698.44,No,ATM Machine,United Kingdom,3.8,42,Female,126,0,0,36-45,16,0,0,-0.021262260316338252,0.0722999690730759,30,144.15
TXN001488,CUST00236,2025-01-03 17:43:28,POS Purchase,Jewelry & Luxury,90.31,2465.43,2375.12,Yes,Mobile App,United Kingdom,7.6,53,Male,59,0,0,46-55,17,0,0,0.03663052692633737,0.0366305269263374,0,145.81
TXN001489,CUST00037,2025-01-04 16:32:26,Online Purchase,Home Improvement,186.2,1759.54,1573.34,Yes,Mobile App,United States,6.0,73,Male,64,0,0,66+,16,1,0,0.10582311285904274,0.1058231128590427,0,202.64
TXN001490,CUST00266,2025-01-04 18:35:05,POS Purchase,Healthcare,63.31,3328.74,3265.43,Yes,Mobile App,United States,3.7,37,Male,49,0,0,36-45,18,1,0,0.01901920846927064,0.019019208469270656,0,103.71
TXN001491,CUST00280,2025-01-05 04:16:20,Online Purchase,Restaurants,393.23,3433.41,3040.18,No,Mobile App,India,37.6,83,Female,161,0,0,66+,4,1,1,0.11453045223262005,0.11453045223262005,25,139.48
TXN001492,CUST00582,2025-01-05 10:16:06,POS Purchase,Travel,17.53,3368.56,3351.03,No,POS Terminal,United Kingdom,17.4,63,Male,30,0,0,56-65,10,1,0,0.005204004084831425,0.005204004084831501,30,483.02
TXN001493,CUST00542,2025-01-05 12:34:47,Online Purchase,Online Services,142.97,1916.27,1773.3,Yes,Web Browser,UAE,2.0,76,Female,128,0,0,66+,12,1,0,0.07460848419064121,0.0746084841906412,0,146.23
TXN001494,CUST00426,2025-01-05 14:59:43,POS Purchase,Restaurants,35.87,8092.03,8056.16,No,Mobile App,United States,26.6,21,Male,77,0,0,18-25,14,1,0,0.004432756675395407,0.00443275667539542,30,139.48
TXN001495,CUST01442,2025-01-05 15:49:28,Bank Transfer,Utilities,132.29,17901.22,17768.93,,Mobile App,India,12.8,35,Female,96,0,0,26-35,15,1,0,0.00738999911737864,0.007389999117378591,0,128.47
TXN001496,CUST01066,2025-01-05 18:52:07,POS Purchase,Travel,19.0,7314.36,7395.36,No,Mobile App,Germany,15.7,80,Female,91,0,0,66+,18,1,0,-0.011074106278608109,0.002597629867821655,30,483.02
TXN001497,CUST00868,2025-01-05 21:32:08,Online Purchase,Groceries,135.61,1508.61,1720.61,Yes,Mobile App,United Kingdom,17.3,42,Male,89,1,0,36-45,21,1,0,-0.14052671001783099,0.08989069408263237,15,130.62
TXN001498,CUST00372,2025-01-05 22:57:49,Bill Payment,Groceries,66.57,313.39,246.82,,Mobile App,Germany,4.4,67,Female,90,0,0,66+,22,1,0,0.21241903060084877,0.21241903060084877,0,130.62
TXN001499,CUST00231,2025-01-06 09:37:50,ATM Withdrawal,Groceries,189.65,6067.63,5877.98,Yes,ATM Machine,Canada,2.8,48,Female,58,0,0,46-55,9,0,0,0.031256025828865726,0.031256025828865636,0,130.62
TXN001500,CUST00373,2025-01-06 10:41:20,Online Purchase,Healthcare,1517.14,1191.11,-326.03,Yes,ATM Machine,United States,8.7,62,Female,161,0,0,56-65,10,0,0,1.0,1.2737194717532387,10,103.71
TXN001501,CUST00736,2025-01-06 12:16:23,POS Purchase,Restaurants,19.19,2451.02,2431.83,No,POS Terminal,Pakistan,3.4,30,Female,139,0,0,26-35,12,0,0,0.007829393477001434,0.007829393477001413,30,139.48
TXN001502,CUST00929,2025-01-06 12:40:01,POS Purchase,Home Improvement,59.92,1286.9,1226.98,Yes,Web Browser,United States,3.5,26,Female,112,0,0,26-35,12,0,0,0.04656150439039558,0.046561504390395525,0,202.64
TXN001503,CUST00906,2025-01-06 14:09:20,Online Purchase,Restaurants,41.25,13003.81,12962.56,Yes,Mobile App,United States,18.9,84,Male,118,0,0,66+,14,0,0,0.0031721472399242993,0.0031721472399242993,0,139.48
TXN001504,CUST00003,2025-01-06 19:59:26,Wire Transfer,Groceries,3069.82,3077.03,7.21,,Web Browser,Germany,301.9,33,Female,18,0,1,26-35,19,0,0,0.997656831425108,0.997656831425108,30,130.62
TXN001505,CUST01430,2025-01-07 06:09:52,POS Purchase,Restaurants,169.99,3602.49,3432.5,No,Mobile App,United Kingdom,1.6,26,Male,93,0,0,26-35,6,0,0,0.04718680690300314,0.047186806903003205,30,139.48
TXN001506,CUST01671,2025-01-07 11:15:47,POS Purchase,Groceries,263.53,5813.74,5550.21,Yes,Mobile App,United Kingdom,3.8,46,Male,76,0,0,46-55,11,0,0,0.04532882447443466,0.0453288244744347,0,130.62
TXN001507,CUST01100,2025-01-07 15:14:10,POS Purchase,Electronics,77.33,1061.99,984.66,No,Mobile App,United Kingdom,19.3,25,Female,53,0,0,18-25,15,0,0,0.0728161282121301,0.07281612821213006,30,132.66
TXN001508,CUST00423,2025-01-07 15:42:07,Online Purchase,Groceries,178.25,1809.37,1631.12,Yes,Web Browser,Germany,18.3,83,Male,61,0,0,66+,15,0,0,0.09851495271834948,0.09851495271834948,0,130.62
TXN001509,CUST00268,2025-01-07 17:46:51,POS Purchase,Groceries,123.58,10779.19,10655.61,Yes,POS Terminal,United Kingdom,15.9,65,Female,27,0,0,56-65,17,0,0,0.01146468333891507,0.011464683338915075,0,130.62
TXN001510,CUST00645,2025-01-08 07:49:50,Bank Transfer,Groceries,642.76,7138.66,6495.9,,Mobile App,Australia,17.9,18,Male,76,0,0,18-25,7,0,0,0.09003930709685014,0.09003930709685011,0,130.62
TXN001511,CUST01594,2025-01-08 10:19:20,Online Purchase,Fuel,85.29,2705.81,2620.52,Yes,POS Terminal,United Kingdom,7.2,42,Male,178,0,0,36-45,10,0,0,0.031521060237045456,0.03152106023704547,0,147.4
TXN001512,CUST00981,2025-01-09 06:07:16,Online Purchase,Healthcare,80.96,27343.29,27262.33,Yes,Mobile App,United States,20.2,82,Female,31,0,0,66+,6,0,0,0.0029608726674807285,0.00296087266748076,0,103.71
TXN001513,CUST01082,2025-01-09 12:42:40,ATM Withdrawal,Online Services,680.77,1510.77,830.0,No,Mobile App,Canada,2.5,34,Male,50,0,0,26-35,12,0,0,0.4506112776928321,0.4506112776928321,30,146.23
TXN001514,CUST00351,2025-01-09 14:36:52,Online Purchase,Online Services,322.56,7981.08,7658.52,Yes,Mobile App,Canada,0.8,40,Male,178,0,0,36-45,14,0,0,0.040415582853448345,0.04041558285344841,0,146.23
TXN001515,CUST01078,2025-01-09 15:10:39,Bank Transfer,Fashion & Apparel,201.21,2561.92,2360.71,,Web Browser,United Kingdom,10.2,57,Male,171,0,0,56-65,15,0,0,0.07853875218586062,0.07853875218586061,0,144.15
TXN001516,CUST00788,2025-01-09 18:42:07,Online Purchase,Utilities,68.51,6174.88,6106.37,Yes,Mobile App,United Kingdom,51.2,70,Other,87,0,0,66+,18,0,0,0.01109495245251733,0.011094952452517296,0,128.47
TXN001517,CUST00989,2025-01-10 07:44:19,Online Purchase,Utilities,145.88,4400.66,4254.78,No,Web Browser,United States,30.6,34,Male,163,0,0,26-35,7,0,0,0.03314957301859269,0.033149573018592664,0,128.47
TXN001518,CUST00244,2025-01-10 08:25:24,POS Purchase,Entertainment,172.71,2255.11,2082.4,No,Mobile App,United States,26.5,54,Male,132,0,0,46-55,8,0,0,0.07658606453787178,0.07658606453787177,30,166.95
TXN001519,CUST00985,2025-01-10 10:05:55,ATM Withdrawal,Groceries,40.45,3009.35,2968.9,Yes,Mobile App,Australia,13.7,27,Female,59,0,0,26-35,10,0,0,0.013441440842706837,0.013441440842706898,0,130.62
TXN001520,CUST00001,2025-01-10 16:34:58,Online Purchase,Entertainment,550.46,3722.76,3172.3,Yes,Web Browser,United States,133.2,55,Female,46,1,1,46-55,16,0,0,0.14786341316657534,0.14786341316657534,35,166.95
TXN001521,CUST01344,2025-01-11 11:46:40,POS Purchase,Fashion & Apparel,164.93,2133.45,1968.52,Yes,Mobile App,Australia,0.5,18,Male,177,0,0,18-25,11,1,0,0.07730670978930833,0.07730670978930841,0,144.15
TXN001522,CUST00055,2025-01-11 17:19:49,Online Purchase,Entertainment,1585.84,3742.34,2156.5,No,Mobile App,Canada,249.4,69,Male,35,3,1,66+,17,1,0,0.42375625945264195,0.4237562594526419,65,166.95
TXN001523,CUST00164,2025-01-11 17:32:45,Wire Transfer,Healthcare,118.2,9957.28,9839.08,,POS Terminal,United Kingdom,11.6,45,Male,167,0,0,36-45,17,1,0,0.011870711680298306,0.011870711680298233,0,103.71
TXN001524,CUST00758,2025-01-11 20:09:05,POS Purchase,Fuel,97.2,3764.33,3667.13,Yes,Mobile App,Pakistan,13.7,83,Male,34,0,0,66+,20,1,0,0.02582132809822726,0.02582132809822731,0,147.4
TXN001525,CUST00148,2025-01-12 09:20:28,POS Purchase,Entertainment,147.4,40367.02,40219.62,No,Web Browser,India,9.6,57,Female,167,0,0,56-65,9,1,0,0.003651495701193553,0.0036514957011936976,30,166.95
TXN001526,CUST00591,2025-01-12 11:33:14,Bank Transfer,Entertainment,79.5,4081.52,4002.02,,POS Terminal,Australia,4.5,84,Other,34,0,0,66+,11,1,0,0.01947803759383759,0.01947803759383759,0,166.95
TXN001527,CUST01157,2025-01-12 13:24:58,Bank Transfer,Restaurants,9.35,404.78,395.43,,Mobile App,United Kingdom,10.0,84,Female,51,0,0,66+,13,1,0,0.02309896734028353,0.023098967340283612,0,139.48
TXN001528,CUST01502,2025-01-12 14:37:23,POS Purchase,Groceries,233.24,14894.3,15274.3,No,ATM Machine,United Kingdom,6.7,56,Male,20,0,0,56-65,14,1,0,-0.025513115755691776,0.015659681891730396,30,130.62
TXN001529,CUST00977,2025-01-12 15:45:07,Wire Transfer,Electronics,28.54,2339.28,2310.74,,Web Browser,India,3.8,70,Female,115,0,0,66+,15,1,0,0.012200335145857022,0.012200335145856844,0,132.66
TXN001530,CUST01724,2025-01-12 16:52:09,Online Purchase,Online Services,60.52,7660.33,7599.81,No,ATM Machine,Pakistan,6.7,71,Male,130,0,0,66+,16,1,0,0.007900442931309686,0.007900442931309749,0,146.23
TXN001531,CUST01017,2025-01-12 18:05:51,ATM Withdrawal,Groceries,286.11,2232.39,1946.28,Yes,Mobile App,Pakistan,29.7,74,Female,150,0,0,66+,18,1,0,0.12816308978269922,0.12816308978269927,0,130.62
TXN001532,CUST01330,2025-01-12 20:01:06,Bank Transfer,Utilities,163.5,2483.39,2319.89,,Web Browser,Canada,1.6,67,Male,171,0,0,66+,20,1,0,0.06583742384401967,0.06583742384401967,0,128.47
TXN001533,CUST00124,2025-01-13 11:02:20,POS Purchase,Groceries,80.66,781.41,879.41,Yes,POS Terminal,India,11.1,70,Female,98,0,0,66+,11,0,0,-0.12541431514825765,0.10322365979447409,0,130.62
TXN001534,CUST00693,2025-01-13 11:45:36,Bank Transfer,Groceries,421.07,3209.1,2788.03,,Mobile App,Pakistan,2.1,82,Female,29,0,0,66+,11,0,0,0.13121124302764006,0.13121124302764015,0,130.62
TXN001535,CUST01438,2025-01-13 11:46:36,Online Purchase,Travel,53.39,1882.35,1947.35,No,Mobile App,UAE,0.8,56,Male,159,0,0,56-65,11,0,0,-0.034531303955162435,0.028363481817940343,0,483.02
TXN001536,CUST00671,2025-01-13 18:16:41,POS Purchase,Groceries,53.25,8732.83,9145.83,Yes,Mobile App,Pakistan,11.4,34,Male,35,0,0,26-35,18,0,0,-0.047292801989733,0.006097679675431676,0,130.62
TXN001537,CUST01300,2025-01-13 20:27:11,Online Purchase,Entertainment,92.07,5341.43,5249.36,No,POS Terminal,United Kingdom,8.3,80,Female,141,0,0,66+,20,0,0,0.017236957144435218,0.017236957144435103,0,166.95
TXN001538,CUST00214,2025-01-14 15:35:38,POS Purchase,Fashion & Apparel,23.91,2723.82,2806.82,Yes,POS Terminal,Canada,3.8,23,Female,161,0,0,18-25,15,0,0,-0.030471910772371155,0.008778113091173425,0,144.15
TXN001539,CUST00818,2025-01-14 18:59:19,ATM Withdrawal,Fashion & Apparel,46.4,9531.13,9484.73,Yes,Web Browser,United Kingdom,6.0,64,Male,145,0,0,56-65,18,0,0,0.004868258013477902,0.00486825801347794,0,144.15
TXN001540,CUST01316,2025-01-14 19:44:20,Online Purchase,Utilities,37.68,3593.71,3556.03,Yes,Web Browser,Germany,0.9,24,Male,118,0,0,18-25,19,0,0,0.010484986267673194,0.01048498626767324,0,128.47
TXN001541,CUST00481,2025-01-14 19:49:10,POS Purchase,Fuel,264.51,1969.94,1705.43,No,Mobile App,United States,1.3,26,Female,114,0,0,26-35,19,0,0,0.13427312506979908,0.13427312506979908,30,147.4
TXN001542,CUST00486,2025-01-15 12:51:53,Online Purchase,Fuel,184.0,3908.0,3724.0,No,POS Terminal,Germany,17.0,64,Male,129,0,0,56-65,12,0,0,0.04708290685772774,0.04708290685772774,0,147.4
TXN001543,CUST01172,2025-01-15 13:51:45,Wire Transfer,Travel,35.57,2964.03,2928.46,,Mobile App,Pakistan,4.3,45,Male,78,0,0,36-45,13,0,0,0.012000553300742624,0.012000553300742569,0,483.02
TXN001544,CUST00480,2025-01-15 16:06:09,POS Purchase,Fuel,225.47,1259.89,1034.42,Yes,Mobile App,India,11.2,76,Female,153,0,0,66+,16,0,0,0.17896006794243943,0.1789600679424394,0,147.4
TXN001545,CUST00097,2025-01-16 10:12:23,Bank Transfer,Utilities,182.72,4683.52,4500.8,,Web Browser,Pakistan,6.7,23,Male,168,1,0,18-25,10,0,0,0.03901339163705936,0.0390133916370593,15,128.47
TXN001546,CUST00155,2025-01-16 19:41:30,Bill Payment,Restaurants,48.23,4114.89,4066.66,,Web Browser,United States,6.0,32,Female,72,0,0,26-35,19,0,0,0.01172084794490265,0.011720847944902536,0,139.48
TXN001547,CUST01188,2025-01-16 20:51:59,POS Purchase,Fuel,206.89,12359.03,12152.14,No,POS Terminal,Pakistan,3.3,27,Female,125,0,0,26-35,20,0,0,0.016739986875992794,0.016739986875992693,30,147.4
TXN001548,CUST00303,2025-01-16 21:39:31,ATM Withdrawal,Restaurants,132.71,2188.03,2055.32,Yes,POS Terminal,India,51.8,57,Female,176,0,0,56-65,21,0,0,0.060652733280622304,0.06065273328062229,0,139.48
TXN001549,CUST00205,2025-01-17 10:36:23,POS Purchase,Fuel,533.14,16998.52,16465.38,Yes,Web Browser,India,13.2,72,Male,47,0,0,66+,10,0,0,0.03136390697543077,0.0313639069754308,0,147.4
TXN001550,CUST01305,2025-01-17 18:00:09,Online Purchase,Entertainment,62.24,3799.52,3737.28,Yes,ATM Machine,UAE,10.1,77,Female,124,0,0,66+,18,0,0,0.01638101654945882,0.01638101654945888,0,166.95
TXN001551,CUST01572,2025-01-17 18:31:06,Bill Payment,Utilities,12.55,18762.88,18750.33,,Mobile App,Canada,9.6,37,Female,20,0,0,36-45,18,0,0,0.0006688738615819785,0.0006688738615820173,0,128.47
TXN001552,CUST00030,2025-01-17 23:13:58,Online Purchase,Electronics,537.2,783.43,785.43,No,Web Browser,Canada,62.7,85,Female,3,1,1,66+,23,0,0,-0.002552876453544031,0.6857026154219268,25,132.66
TXN001553,CUST01688,2025-01-18 11:10:40,Online Purchase,Groceries,125.22,6619.21,6931.21,Yes,POS Terminal,Australia,1.3,52,Female,117,0,0,46-55,11,1,0,-0.04713553430092111,0.018917665401158145,0,130.62
TXN001554,CUST01137,2025-01-18 15:21:10,POS Purchase,Groceries,64.23,4202.45,4138.22,Yes,Mobile App,India,5.4,55,Male,32,0,0,46-55,15,1,0,0.01528394151030936,0.015283941510309464,0,130.62
TXN001555,CUST00023,2025-01-18 17:32:16,POS Purchase,Travel,139.29,2310.03,2170.74,Yes,Web Browser,Germany,17.7,42,Female,36,0,0,36-45,17,1,0,0.060297918208854606,0.06029791820885442,0,483.02
TXN001556,CUST01667,2025-01-18 19:42:05,Online Purchase,Entertainment,24.52,1987.1,1962.58,Yes,Mobile App,Germany,46.9,22,Male,76,0,0,18-25,19,1,0,0.012339590357807852,0.01233959035780786,0,166.95
TXN001557,CUST00724,2025-01-18 21:07:48,Bank Transfer,Fashion & Apparel,36.08,3832.45,3796.37,,Mobile App,Canada,22.5,35,Male,157,0,0,26-35,21,1,0,0.009414343305196396,0.009414343305196415,0,144.15
TXN001558,CUST01076,2025-01-19 07:51:34,ATM Withdrawal,Healthcare,172.22,5181.66,5009.44,Yes,Mobile App,Australia,22.9,72,Male,53,0,0,66+,7,1,0,0.033236453182956864,0.033236453182956815,0,103.71
TXN001559,CUST01315,2025-01-19 12:04:25,POS Purchase,Online Services,166.71,5623.01,5456.3,Yes,Mobile App,India,10.7,84,Male,100,0,0,66+,12,1,0,0.02964782207394261,0.029647822073942603,0,146.23
TXN001560,CUST00730,2025-01-20 18:06:49,Online Purchase,Healthcare,101.74,5214.28,5112.54,No,Web Browser,India,3.1,73,Male,74,0,0,66+,18,0,0,0.019511802204714705,0.019511802204714743,0,103.71
TXN001561,CUST01395,2025-01-20 18:44:41,POS Purchase,Travel,10.27,1470.15,1459.88,Yes,POS Terminal,United States,11.9,54,Male,151,0,0,46-55,18,0,0,0.0069856817331564675,0.00698568173315648,0,483.02
TXN001562,CUST01149,2025-01-20 20:03:56,POS Purchase,Fashion & Apparel,102.38,2687.07,2744.07,Yes,POS Terminal,Canada,38.6,75,Female,70,0,0,66+,20,0,0,-0.021212696356998514,0.03810097987771066,0,144.15
TXN001563,CUST01619,2025-01-21 08:55:37,Online Purchase,Entertainment,158.6,18554.54,18395.94,No,Mobile App,Germany,16.0,81,Female,175,0,0,66+,8,0,0,0.008547773213456232,0.008547773213456114,0,166.95
TXN001564,CUST01636,2025-01-21 11:41:47,ATM Withdrawal,Online Services,136.63,6859.75,6723.12,No,Mobile App,UAE,42.2,80,Male,155,0,0,66+,11,0,0,0.019917635482342665,0.01991763548234265,30,146.23
TXN001565,CUST00676,2025-01-21 14:14:49,Online Purchase,Fashion & Apparel,130.41,3719.93,3997.93,No,Mobile App,UAE,10.0,71,Male,129,0,0,66+,14,0,0,-0.0747325890540951,0.03505711128972857,0,144.15
TXN001566,CUST00088,2025-01-21 18:07:47,Online Purchase,Restaurants,69.1,7087.37,7018.27,No,Web Browser,United States,3.8,19,Male,108,0,0,18-25,18,0,0,0.009749737914063956,0.00974973791406403,0,139.48
TXN001567,CUST00075,2025-01-21 19:55:42,POS Purchase,Healthcare,171.31,5925.88,5754.57,Yes,POS Terminal,Germany,41.0,62,Male,101,0,0,56-65,19,0,0,0.028908786543095776,0.02890878654309571,0,103.71
TXN001568,CUST01399,2025-01-21 20:45:00,POS Purchase,Online Services,73.92,1218.56,1144.64,No,Web Browser,Australia,5.2,83,Male,121,0,0,66+,20,0,0,0.06066176470588223,0.06066176470588236,30,146.23
TXN001569,CUST00954,2025-01-22 00:13:25,POS Purchase,Utilities,156.0,2695.35,2539.35,No,ATM Machine,Pakistan,11.5,69,Male,170,0,0,66+,0,0,1,0.0578774556180088,0.0578774556180088,55,128.47
TXN001570,CUST00828,2025-01-22 10:09:48,Bank Transfer,Restaurants,169.75,2152.25,1982.5,,POS Terminal,Pakistan,5.6,21,Male,44,0,0,18-25,10,0,0,0.07887094900685329,0.07887094900685329,0,139.48
TXN001571,CUST00308,2025-01-22 11:56:23,POS Purchase,Travel,541.47,23451.53,22910.06,No,POS Terminal,United Kingdom,9.6,41,Male,32,0,0,36-45,11,0,0,0.023088898677399623,0.02308889867739973,30,483.02
TXN001572,CUST00031,2025-01-23 01:29:28,Online Purchase,Fuel,141.03,3047.43,2906.4,No,Web Browser,Germany,8.5,41,Female,37,0,0,36-45,1,0,1,0.04627833945324413,0.046278339453244215,25,147.4
TXN001573,CUST00863,2025-01-23 11:46:36,ATM Withdrawal,Healthcare,106.95,3242.05,3135.1,Yes,POS Terminal,UAE,0.4,38,Male,81,0,0,36-45,11,0,0,0.03298838697737551,0.032988386977375425,0,103.71
TXN001574,CUST01124,2025-01-23 13:17:33,Bank Transfer,Jewelry & Luxury,34.53,1621.34,1586.81,,Mobile App,United States,2.1,27,Female,94,0,0,26-35,13,0,0,0.021297198613492527,0.021297198613492545,0,145.81
TXN001575,CUST00164,2025-01-23 14:02:19,Wire Transfer,Groceries,53.38,9618.56,9565.18,,Web Browser,United Kingdom,3.2,85,Female,84,0,0,66+,14,0,0,0.005549687271275451,0.005549687271275534,0,130.62
TXN001576,CUST00515,2025-01-23 16:00:57,POS Purchase,Restaurants,451.47,2232.02,1780.55,Yes,ATM Machine,Pakistan,38.6,81,Female,55,0,0,66+,16,0,0,0.20226969292389854,0.20226969292389854,0,139.48
TXN001577,CUST01166,2025-01-23 20:03:09,Online Purchase,Fashion & Apparel,284.05,4497.88,4213.83,Yes,POS Terminal,United Kingdom,8.6,43,Female,124,0,0,36-45,20,0,0,0.06315197381877688,0.06315197381877685,0,144.15
TXN001578,CUST00659,2025-01-24 11:24:03,POS Purchase,Healthcare,94.81,3534.85,3440.04,Yes,Mobile App,Pakistan,37.7,59,Female,2,0,0,56-65,11,0,0,0.026821505863049336,0.026821505863049353,0,103.71
TXN001579,CUST00865,2025-01-24 17:52:34,POS Purchase,Fuel,60.31,2658.56,2598.25,Yes,POS Terminal,United Kingdom,4.5,63,Female,142,0,0,56-65,17,0,0,0.02268521304766488,0.022685213047664902,0,147.4
TXN001580,CUST00999,2025-01-25 05:36:08,Bill Payment,Fuel,756.1,8413.91,7657.81,,Web Browser,Pakistan,4.2,61,Male,166,0,0,56-65,5,1,1,0.08986309575453023,0.0898630957545303,25,147.4
TXN001581,CUST00788,2025-01-25 09:30:15,POS Purchase,Entertainment,197.17,4956.4,5109.4,No,Mobile App,United Kingdom,1.0,30,Female,65,0,0,26-35,9,1,0,-0.030869179242998954,0.039780889355177144,30,166.95
TXN001582,CUST00377,2025-01-25 10:28:22,Wire Transfer,Electronics,155.74,4952.38,4796.64,,ATM Machine,Germany,0.2,64,Male,31,0,0,56-65,10,1,0,0.03144750604759727,0.031447506047597315,0,132.66
TXN001583,CUST01567,2025-01-25 11:40:34,Bill Payment,Restaurants,191.14,6557.17,6366.03,,Mobile App,United States,0.1,77,Female,120,0,0,66+,11,1,0,0.029149770404000557,0.029149770404000505,0,139.48
TXN001584,CUST01275,2025-01-26 10:12:39,Bank Transfer,Groceries,104.13,1678.39,1574.26,,ATM Machine,UAE,19.6,28,Other,91,0,0,26-35,10,1,0,0.062041599389891566,0.0620415993898915,0,130.62
TXN001585,CUST01636,2025-01-26 10:59:45,Online Purchase,Utilities,39.43,6624.68,6907.68,Yes,POS Terminal,United States,21.9,78,Male,52,0,0,66+,10,1,0,-0.042719044542528846,0.005951985605342446,0,128.47
TXN001586,CUST01496,2025-01-26 12:02:54,Bill Payment,Home Improvement,16.22,1642.2,1625.98,,POS Terminal,United Kingdom,34.7,78,Female,69,0,0,66+,12,1,0,0.009876994275971274,0.009876994275971256,0,202.64
TXN001587,CUST01245,2025-01-26 13:06:41,POS Purchase,Online Services,128.24,2178.7,2355.7,Yes,Mobile App,Pakistan,14.4,39,Male,102,0,0,36-45,13,1,0,-0.08124110708220499,0.05886078854362694,0,146.23
TXN001588,CUST00712,2025-01-26 17:34:36,Bank Transfer,Jewelry & Luxury,71.34,7663.38,7592.04,,Mobile App,United States,12.2,27,Female,174,0,0,26-35,17,1,0,0.009309208208388485,0.009309208208388466,0,145.81
TXN001589,CUST00738,2025-01-27 11:40:52,POS Purchase,Electronics,41.15,15115.75,15404.75,Yes,Mobile App,Pakistan,6.2,29,Male,57,0,0,26-35,11,0,0,-0.01911913070803632,0.0027223260506425415,0,132.66
TXN001590,CUST00448,2025-01-27 13:41:05,Online Purchase,Fuel,21.15,3163.97,3490.97,Yes,Mobile App,United Kingdom,18.8,27,Female,114,0,0,26-35,13,0,0,-0.10335116957493276,0.006684639867002531,0,147.4
TXN001591,CUST00807,2025-01-27 20:35:12,POS Purchase,Restaurants,366.43,20387.83,20021.4,Yes,Mobile App,Canada,12.0,61,Male,115,0,0,56-65,20,0,0,0.017972977016190553,0.01797297701619054,0,139.48
TXN001592,CUST01307,2025-01-28 09:56:30,Bank Transfer,Travel,155.19,12793.92,12638.73,,Web Browser,United Kingdom,1.3,56,Female,30,0,0,56-65,9,0,0,0.012129980490733138,0.012129980490733099,0,483.02
TXN001593,CUST01466,2025-01-29 17:50:45,ATM Withdrawal,Groceries,142.21,2245.9,2103.69,No,Mobile App,Pakistan,3.2,34,Female,118,0,0,26-35,17,0,0,0.06331982724074982,0.06331982724074982,30,130.62
TXN001594,CUST00690,2025-01-29 19:53:15,Bill Payment,Travel,91.28,2119.38,2028.1,,Web Browser,Pakistan,21.2,27,Male,154,0,0,26-35,19,0,0,0.04306919948286772,0.04306919948286763,0,483.02
TXN001595,CUST01167,2025-01-30 09:46:46,Online Purchase,Groceries,72.02,12240.68,12168.66,Yes,ATM Machine,United Kingdom,0.7,29,Female,64,0,0,26-35,9,0,0,0.005883660058101383,0.005883660058101347,0,130.62
TXN001596,CUST01150,2025-01-30 12:25:39,POS Purchase,Fashion & Apparel,509.25,12351.37,11842.12,Yes,POS Terminal,United States,14.0,27,Male,107,0,0,26-35,12,0,0,0.04123024409437981,0.04123024409437981,0,144.15
TXN001597,CUST01544,2025-01-30 12:45:48,Online Purchase,Utilities,89.45,3757.99,3668.54,No,Web Browser,United Kingdom,0.9,34,Male,175,0,0,26-35,12,0,0,0.023802617888818177,0.023802617888818225,0,128.47
TXN001598,CUST00072,2025-01-30 13:35:30,Bill Payment,Utilities,174.93,6739.25,6564.32,,POS Terminal,United Kingdom,19.8,74,Male,25,0,0,66+,13,0,0,0.025956894313165453,0.02595689431316541,0,128.47
TXN001599,CUST00203,2025-01-30 15:31:41,ATM Withdrawal,Fashion & Apparel,167.61,12372.8,12205.19,No,Mobile App,Australia,6.7,71,Male,174,0,0,66+,15,0,0,0.01354665071770325,0.013546650717703352,30,144.15
TXN001600,CUST01442,2025-01-30 18:57:26,Bank Transfer,Utilities,217.44,5211.02,4993.58,,POS Terminal,India,3.3,25,Female,37,0,0,18-25,18,0,0,0.041726955567240286,0.04172695556724019,0,128.47
TXN001601,CUST00825,2025-01-30 20:28:01,Bill Payment,Fuel,106.0,2310.13,2204.13,,Web Browser,United Kingdom,70.8,36,Male,169,0,0,36-45,20,0,0,0.045884863622393544,0.045884863622393544,0,147.4
TXN001602,CUST01373,2025-01-30 23:58:54,Bill Payment,Fuel,319.96,1114.4,794.44,,Web Browser,Pakistan,1.1,54,Male,109,0,0,46-55,23,0,0,0.2871141421392678,0.2871141421392677,0,147.4
TXN001603,CUST00234,2025-01-31 19:55:50,Bank Transfer,Entertainment,130.17,8520.02,8389.85,,Mobile App,United Kingdom,15.9,43,Female,10,0,0,36-45,19,0,0,0.01527813314992219,0.015278133149922182,0,166.95
TXN001604,CUST00664,2025-02-01 07:11:50,POS Purchase,Restaurants,180.56,2853.91,2673.35,Yes,Web Browser,United Kingdom,17.7,81,Male,151,0,0,66+,7,1,0,0.06326758727500165,0.06326758727500167,0,139.48
TXN001605,CUST00628,2025-02-01 18:29:02,POS Purchase,Utilities,115.35,515.1,399.75,Yes,Web Browser,United States,9.3,51,Male,37,0,0,46-55,18,1,0,0.2239370995923122,0.22393709959231214,0,128.47
TXN001606,CUST01320,2025-02-02 07:17:55,POS Purchase,Groceries,50.84,3943.49,3892.65,Yes,ATM Machine,Pakistan,2.2,36,Female,4,0,0,36-45,7,1,0,0.012892133617683751,0.01289213361768383,0,130.62
TXN001607,CUST01128,2025-02-02 13:06:21,Bank Transfer,Online Services,114.37,11656.23,11541.86,,Mobile App,United Kingdom,7.2,51,Other,100,0,0,46-55,13,1,0,0.009811920320721106,0.009811920320721194,0,146.23
TXN001608,CUST00701,2025-02-02 13:07:24,Bank Transfer,Healthcare,83.01,1043.66,960.65,,POS Terminal,India,7.2,60,Male,11,0,0,56-65,13,1,0,0.07953739723664804,0.07953739723664795,0,103.71
TXN001609,CUST01614,2025-02-02 17:49:10,Online Purchase,Entertainment,74.06,7170.45,7096.39,Yes,POS Terminal,Canada,1.2,39,Male,69,0,0,36-45,17,1,0,0.010328501000634477,0.01032850100063455,0,166.95
TXN001610,CUST01391,2025-02-02 19:09:36,Bill Payment,Fashion & Apparel,43.02,3400.74,3357.72,,Mobile App,UAE,2.7,19,Female,15,0,0,18-25,19,1,0,0.012650187900280522,0.01265018790028053,0,144.15
TXN001611,CUST00784,2025-02-02 19:39:17,ATM Withdrawal,Groceries,101.26,11571.56,11470.3,Yes,Mobile App,UAE,1.1,76,Other,155,0,0,66+,19,1,0,0.008750764806128148,0.008750764806128129,0,130.62
TXN001612,CUST00412,2025-02-03 08:27:30,Online Purchase,Entertainment,238.94,4055.75,3816.81,No,Mobile App,Australia,3.3,20,Female,122,0,0,18-25,8,0,0,0.05891388769031623,0.05891388769031622,0,166.95
TXN001613,CUST01663,2025-02-03 16:09:17,Online Purchase,Entertainment,75.14,3234.07,3158.93,Yes,Web Browser,Germany,8.649999999999999,58,Male,13,0,0,56-65,16,0,0,0.02323388176508249,0.023233881765082388,0,166.95
TXN001614,CUST01428,2025-02-03 17:58:23,POS Purchase,Electronics,33.6,1650.09,1616.49,Yes,Mobile App,United Kingdom,6.2,61,Female,52,0,0,56-65,17,0,0,0.020362525680417378,0.020362525680417434,0,132.66
TXN001615,CUST00691,2025-02-04 01:32:34,POS Purchase,Electronics,106.36,5589.42,5483.06,Yes,Web Browser,UAE,2.4,78,Female,96,0,0,66+,1,0,1,0.01902880799796753,0.01902880799796759,25,132.66
TXN001616,CUST00753,2025-02-04 07:49:17,POS Purchase,Online Services,165.99,1089.66,923.67,Yes,Web Browser,United Kingdom,2.5,41,Female,18,1,0,36-45,7,0,0,0.15233192004845558,0.15233192004845547,15,146.23
TXN001617,CUST01152,2025-02-04 10:39:02,Online Purchase,Restaurants,45.84,13533.29,13487.45,Yes,POS Terminal,United Kingdom,27.7,29,Female,128,0,0,26-35,10,0,0,0.0033872029639503876,0.003387202963950377,0,139.48
TXN001618,CUST01291,2025-02-04 15:06:47,Online Purchase,Groceries,112.78,1892.84,1780.06,Yes,Web Browser,United Kingdom,15.5,36,Female,165,0,0,36-45,15,0,0,0.059582426406880655,0.05958242640688067,0,130.62
TXN001619,CUST00304,2025-02-04 20:53:32,Bank Transfer,Electronics,319.37,1335.64,1016.27,,POS Terminal,India,17.3,55,Male,1,0,0,46-55,20,0,0,0.23911383306879105,0.23911383306879097,0,132.66
TXN001620,CUST00869,2025-02-04 22:01:01,Wire Transfer,Restaurants,65.9,3830.18,3764.28,,Web Browser,Pakistan,1.9,62,Male,147,0,0,56-65,22,0,0,0.017205457706948403,0.0172054577069485,0,139.48
TXN001621,CUST01113,2025-02-04 22:33:20,ATM Withdrawal,Groceries,118.63,12486.24,12367.61,No,Web Browser,United States,4.5,46,Male,31,0,0,46-55,22,0,0,0.009500858545086368,0.009500858545086432,30,130.62
TXN001622,CUST01189,2025-02-05 00:50:54,Wire Transfer,Groceries,43.1,1127.67,1084.57,,Mobile App,United Kingdom,11.5,45,Male,26,0,0,36-45,0,0,1,0.0382204013585536,0.03822040135855348,25,130.62
TXN001623,CUST01246,2025-02-05 07:40:35,POS Purchase,Home Improvement,387.79,11646.34,11258.55,No,Mobile App,Canada,23.3,63,Female,92,0,0,56-65,7,0,0,0.03329715601639664,0.033297156016396566,30,202.64
TXN001624,CUST00170,2025-02-05 08:04:44,Online Purchase,Healthcare,63.59,3594.96,3531.37,No,POS Terminal,Pakistan,10.0,22,Female,168,0,0,18-25,8,0,0,0.01768865300309326,0.01768865300309322,0,103.71
TXN001625,CUST00312,2025-02-05 18:24:53,Online Purchase,Travel,22.27,797.12,774.85,Yes,Mobile App,Canada,17.9,58,Female,43,0,0,56-65,18,0,0,0.0279380770774789,0.027938077077478925,0,483.02
TXN001626,CUST01620,2025-02-05 20:59:14,POS Purchase,Restaurants,157.81,5812.98,6112.98,No,Mobile App,United Kingdom,84.7,83,Female,87,0,0,66+,20,0,0,-0.0516086413509078,0.027147865638622534,30,139.48
TXN001627,CUST00837,2025-02-06 09:44:15,ATM Withdrawal,Restaurants,47.07,9734.37,9687.3,Yes,POS Terminal,United Kingdom,4.9,65,Male,163,0,0,56-65,9,0,0,0.00483544389621532,0.004835443896215163,0,139.48
TXN001628,CUST01173,2025-02-06 21:53:21,Bill Payment,Electronics,631.88,498.57,-133.31,,Web Browser,United Kingdom,1.9,51,Female,52,0,0,46-55,21,0,0,1.0,1.267384720300058,10,132.66
TXN001629,CUST00863,2025-02-07 08:43:10,Bank Transfer,Restaurants,107.76,6707.27,6599.51,,ATM Machine,United Kingdom,12.3,30,Female,66,0,0,26-35,8,0,0,0.01606614911879203,0.016066149118791995,0,139.48
TXN001630,CUST00309,2025-02-07 14:12:33,Bill Payment,Fuel,48.78,2891.49,2842.71,,Mobile App,India,28.4,36,Female,40,0,0,36-45,14,0,0,0.016870194951391755,0.016870194951391845,0,147.4
TXN001631,CUST01157,2025-02-09 14:16:18,POS Purchase,Restaurants,67.87,2850.76,2782.89,Yes,Web Browser,Pakistan,1.2,50,Male,32,0,0,46-55,14,1,0,0.023807686371353724,0.023807686371353602,0,139.48
TXN001632,CUST00922,2025-02-09 15:39:12,POS Purchase,Entertainment,309.01,3165.45,2856.44,Yes,Mobile App,United Kingdom,0.4,33,Female,1,0,0,26-35,15,1,0,0.09761961174556533,0.09761961174556541,0,166.95
TXN001633,CUST00221,2025-02-10 13:30:23,Bill Payment,Healthcare,64.49,1002.92,938.43,,Mobile App,United Kingdom,39.1,36,Female,73,0,0,36-45,13,0,0,0.06430223746659755,0.06430223746659754,0,103.71
TXN001634,CUST01509,2025-02-10 14:01:59,Bank Transfer,Healthcare,183.88,7871.77,7687.89,,Web Browser,Australia,0.2,46,Female,59,0,0,46-55,14,0,0,0.023359422340845846,0.023359422340845832,0,103.71
TXN001635,CUST01460,2025-02-10 14:37:35,Wire Transfer,Fashion & Apparel,431.35,4505.45,4074.1,,Mobile App,United States,28.3,67,Male,48,0,0,66+,14,0,0,0.09573960425706643,0.09573960425706646,0,144.15
TXN001636,CUST00381,2025-02-10 14:46:41,Online Purchase,Jewelry & Luxury,129.29,2683.91,2554.62,No,Web Browser,Germany,12.4,62,Male,91,0,0,56-65,14,0,0,0.048172256148678594,0.04817225614867861,0,145.81
TXN001637,CUST01503,2025-02-10 18:25:26,ATM Withdrawal,Restaurants,231.28,11718.91,11487.63,Yes,POS Terminal,Germany,11.2,57,Female,92,0,0,56-65,18,0,0,0.019735623876282065,0.01973562387628201,0,139.48
TXN001638,CUST00351,2025-02-11 09:36:31,Online Purchase,Travel,214.51,3224.18,3498.18,Yes,POS Terminal,United Kingdom,0.9,51,Female,34,0,0,46-55,9,0,0,-0.08498284835213915,0.06653164525553784,0,483.02
TXN001639,CUST00214,2025-02-11 10:46:11,Bank Transfer,Online Services,50.76,1464.01,1413.25,,POS Terminal,United Kingdom,22.6,77,Other,156,0,0,66+,10,0,0,0.03467189431766176,0.03467189431766177,0,146.23
TXN001640,CUST01051,2025-02-11 15:51:17,Online Purchase,Electronics,83.38,646.58,563.2,Yes,Mobile App,United Kingdom,7.2,46,Female,63,0,0,46-55,15,0,0,0.12895542701599183,0.12895542701599183,0,132.66
TXN001641,CUST00275,2025-02-11 16:21:54,Bank Transfer,Groceries,181.32,11245.58,11064.26,,Mobile App,United States,4.8,70,Female,178,0,0,66+,16,0,0,0.01612366814339498,0.016123668143395005,0,130.62
TXN001642,CUST01619,2025-02-11 20:52:15,POS Purchase,Fashion & Apparel,125.26,5291.55,5166.29,Yes,Mobile App,United States,2.2,60,Male,47,0,0,56-65,20,0,0,0.023671702998176378,0.02367170299817634,0,144.15
TXN001643,CUST01563,2025-02-11 21:05:10,POS Purchase,Home Improvement,474.15,8112.76,7638.61,Yes,POS Terminal,United States,12.0,39,Male,143,0,0,36-45,21,0,0,0.05844496817359327,0.0584449681735932,0,202.64
TXN001644,CUST00489,2025-02-12 00:00:51,ATM Withdrawal,Online Services,263.46,3182.75,2919.29,Yes,Mobile App,United States,14.8,25,Female,162,0,0,18-25,0,0,1,0.08277747231168016,0.08277747231168014,25,146.23
TXN001645,CUST00666,2025-02-12 03:43:19,Bank Transfer,Groceries,214.1,45126.54,44912.44,,ATM Machine,United Kingdom,12.1,50,Female,23,0,0,46-55,3,0,1,0.004744436422557514,0.004744436422557546,25,130.62
TXN001646,CUST01375,2025-02-12 13:28:08,Bill Payment,Online Services,202.38,5140.58,4938.2,,POS Terminal,United Kingdom,6.8,49,Male,121,0,0,46-55,13,0,0,0.03936909842858201,0.03936909842858199,0,146.23
TXN001647,CUST00688,2025-02-12 14:45:22,ATM Withdrawal,Fashion & Apparel,168.6,4503.01,4334.41,Yes,POS Terminal,United States,48.5,46,Female,95,0,0,46-55,14,0,0,0.037441622381473805,0.03744162238147372,0,144.15
TXN001648,CUST00697,2025-02-12 15:42:31,Online Purchase,Groceries,54.87,4373.89,4319.02,Yes,ATM Machine,United States,26.1,38,Female,91,0,0,36-45,15,0,0,0.012544897105322696,0.01254489710532272,0,130.62
TXN001649,CUST00085,2025-02-12 18:03:13,Online Purchase,Utilities,13.42,1887.01,1987.01,No,POS Terminal,United Kingdom,4.4,29,Other,28,0,0,26-35,18,0,0,-0.05299388980450554,0.007111780011764644,0,128.47
TXN001650,CUST00871,2025-02-13 09:00:03,Bank Transfer,Travel,93.79,8138.23,8044.44,,POS Terminal,United States,3.1,32,Male,152,0,0,26-35,9,0,0,0.011524618989632878,0.011524618989632883,0,483.02
TXN001651,CUST01013,2025-02-13 10:19:38,POS Purchase,Fashion & Apparel,98.13,4193.21,4500.21,No,ATM Machine,Pakistan,3.5,37,Female,13,0,0,36-45,10,0,0,-0.0732136000820374,0.023402119140229084,30,144.15
TXN001652,CUST00257,2025-02-13 17:08:29,Online Purchase,Fuel,239.76,821.26,824.26,Yes,Mobile App,United Kingdom,7.1,58,Male,107,0,0,56-65,17,0,0,-0.0036529235564863745,0.29194165063439104,0,147.4
TXN001653,CUST00254,2025-02-14 09:17:10,Bank Transfer,Healthcare,70.52,5494.0,5423.48,,Web Browser,Germany,0.2,36,Female,128,0,0,36-45,9,0,0,0.012835820895522468,0.012835820895522387,0,103.71
TXN001654,CUST00326,2025-02-14 13:48:00,ATM Withdrawal,Fashion & Apparel,515.77,894.45,378.68,Yes,Web Browser,United Kingdom,14.6,71,Other,79,0,0,66+,13,0,0,0.5766336855050589,0.5766336855050589,10,144.15
TXN001655,CUST01655,2025-02-14 19:22:26,Online Purchase,Entertainment,237.37,1480.22,1242.85,Yes,Mobile App,Pakistan,0.7,78,Male,131,1,0,66+,19,0,0,0.16036129764494475,0.16036129764494467,15,166.95
TXN001656,CUST00011,2025-02-15 02:22:01,Online Purchase,Online Services,199.37,2608.74,2409.37,No,Web Browser,Australia,800.6,84,Female,91,0,1,66+,2,1,1,0.0764238674609198,0.07642386746091984,45,146.23
TXN001657,CUST00105,2025-02-15 10:33:34,POS Purchase,Online Services,206.57,6008.42,6438.42,No,POS Terminal,United Kingdom,2.3,59,Male,56,0,0,56-65,10,1,0,-0.0715662353830125,0.034380086611788124,30,146.23
TXN001658,CUST01629,2025-02-15 16:28:06,Online Purchase,Groceries,29.34,1205.93,1176.59,Yes,Mobile App,United States,5.5,25,Female,59,0,0,18-25,16,1,0,0.02432977038468248,0.02432977038468236,0,130.62
TXN001659,CUST01297,2025-02-15 20:05:21,POS Purchase,Entertainment,247.76,2985.08,2737.32,No,Web Browser,India,3.9,39,Female,16,0,0,36-45,20,1,0,0.08299945060098884,0.08299945060098891,30,166.95
TXN001660,CUST00620,2025-02-16 07:52:40,POS Purchase,Restaurants,333.82,4304.38,3970.56,No,POS Terminal,UAE,15.1,64,Male,136,0,0,56-65,7,1,0,0.07755356172085182,0.07755356172085177,30,139.48
TXN001661,CUST00886,2025-02-17 11:06:41,POS Purchase,Entertainment,2196.73,681.47,-1515.26,Yes,Mobile App,United Kingdom,0.3,50,Female,41,0,0,46-55,11,0,0,1.0,3.2235168092505906,10,166.95
TXN001662,CUST00362,2025-02-17 13:15:22,Wire Transfer,Restaurants,107.41,3368.91,3261.5,,POS Terminal,UAE,0.0,71,Male,150,0,0,66+,13,0,0,0.03188271577453831,0.03188271577453835,0,139.48
TXN001663,CUST01661,2025-02-17 16:56:06,Bill Payment,Home Improvement,794.66,4583.11,3788.45,,Mobile App,Germany,40.6,53,Female,21,0,0,46-55,16,0,0,0.1733888124003133,0.17338881240031334,0,202.64
TXN001664,CUST01444,2025-02-17 18:55:45,Bank Transfer,Restaurants,74.55,11613.65,11539.1,,Web Browser,United States,13.4,21,Other,71,0,0,18-25,18,0,0,0.006419170545005169,0.006419170545005231,0,139.48
TXN001665,CUST00837,2025-02-18 08:09:46,Wire Transfer,Fashion & Apparel,7.75,5134.3,5126.55,,Mobile App,Pakistan,2.1,59,Male,157,0,0,56-65,8,0,0,0.0015094560115302962,0.0015094560115302962,0,144.15
TXN001666,CUST01290,2025-02-18 08:36:38,Online Purchase,Groceries,98.13,3416.05,3811.05,No,Mobile App,Canada,5.6,38,Male,64,0,0,36-45,8,0,0,-0.11563062601542717,0.02872616033137688,0,130.62
TXN001667,CUST00605,2025-02-18 11:16:35,Online Purchase,Groceries,77.86,1805.65,1727.79,No,Web Browser,UAE,10.9,67,Male,173,0,0,66+,11,0,0,0.04312020601999287,0.0431202060199928,0,130.62
TXN001668,CUST01563,2025-02-18 15:52:41,Online Purchase,Electronics,99.9,40233.19,40133.29,Yes,POS Terminal,United States,0.6,32,Male,150,0,0,26-35,15,0,0,0.0024830245874115737,0.0024830245874115377,0,132.66
TXN001669,CUST00053,2025-02-18 16:01:04,POS Purchase,Travel,162.62,3460.93,3298.31,No,Mobile App,Germany,12.6,46,Male,20,0,0,46-55,16,0,0,0.04698737044667182,0.04698737044667185,30,483.02
TXN001670,CUST01030,2025-02-18 16:17:42,Online Purchase,Fuel,728.94,4213.69,3484.75,No,Mobile App,United Kingdom,5.3,59,Male,10,0,0,56-65,16,0,0,0.17299326718386965,0.17299326718386976,0,147.4
TXN001671,CUST01684,2025-02-18 17:11:27,ATM Withdrawal,Groceries,189.93,6564.5,6374.57,No,POS Terminal,UAE,2.2,54,Male,19,0,0,46-55,17,0,0,0.028932896641023734,0.02893289664102369,30,130.62
TXN001672,CUST00448,2025-02-18 20:47:53,Wire Transfer,Restaurants,138.95,2539.47,2400.52,,Mobile App,Germany,4.6,22,Male,167,0,0,18-25,20,0,0,0.05471614155709649,0.05471614155709656,0,139.48
TXN001673,CUST00674,2025-02-19 02:20:32,POS Purchase,Fuel,82.1,5623.5,5541.4,No,Mobile App,Pakistan,48.1,63,Female,120,0,0,56-65,2,0,1,0.01459944874188679,0.014599448741886725,55,147.4
TXN001674,CUST00061,2025-02-19 04:05:13,Online Purchase,Online Services,482.17,11882.0,11399.83,No,ATM Machine,India,210.6,84,Female,24,0,1,66+,4,0,1,0.04057986870897156,0.04057986870897155,45,146.23
TXN001675,CUST01136,2025-02-19 08:21:45,Bill Payment,Electronics,132.68,6142.12,6009.44,,Web Browser,United States,3.0,22,Male,159,0,0,18-25,8,0,0,0.021601661966877933,0.021601661966877888,0,132.66
TXN001676,CUST01157,2025-02-19 08:22:41,ATM Withdrawal,Entertainment,26.52,1473.84,1447.32,Yes,Web Browser,United States,6.3,32,Female,101,0,0,26-35,8,0,0,0.017993812082722674,0.017993812082722684,0,166.95
TXN001677,CUST00419,2025-02-19 10:20:20,POS Purchase,Fashion & Apparel,44.61,2964.6,2919.99,No,POS Terminal,United Kingdom,16.9,66,Male,93,0,0,66+,10,0,0,0.015047561222424654,0.015047561222424611,30,144.15
TXN001678,CUST01545,2025-02-19 10:44:31,Online Purchase,Healthcare,830.11,9370.94,8540.83,Yes,POS Terminal,United Kingdom,0.2,32,Male,83,0,0,26-35,10,0,0,0.088583429197071,0.08858342919707095,0,103.71
TXN001679,CUST00978,2025-02-19 11:14:13,Bank Transfer,Entertainment,189.55,2844.06,2654.51,,Mobile App,United States,15.1,71,Female,36,0,0,66+,11,0,0,0.0666476797254628,0.0666476797254629,0,166.95
TXN001680,CUST01092,2025-02-19 18:27:54,Online Purchase,Utilities,63.49,4145.27,4636.27,No,Mobile App,Germany,9.0,36,Female,10,0,0,36-45,18,0,0,-0.11844825548154883,0.015316252017359543,0,128.47
TXN001681,CUST00239,2025-02-20 15:54:40,POS Purchase,Electronics,41.97,9536.83,9494.86,Yes,Web Browser,United States,23.8,76,Female,174,0,0,66+,15,0,0,0.004400833400616279,0.004400833400616347,0,132.66
TXN001682,CUST01493,2025-02-20 17:27:39,Bank Transfer,Groceries,117.29,1134.87,1017.58,,POS Terminal,Germany,1.4,20,Female,38,0,0,18-25,17,0,0,0.10335104461303926,0.1033510446130394,0,130.62
TXN001683,CUST01221,2025-02-21 08:50:27,POS Purchase,Utilities,97.68,3021.35,2923.67,No,Web Browser,United States,21.2,78,Female,149,0,0,66+,8,0,0,0.03232991874493185,0.03232991874493191,30,128.47
TXN001684,CUST00089,2025-02-21 09:09:43,POS Purchase,Online Services,215.97,4621.96,4405.99,No,Mobile App,Germany,32.3,47,Female,94,0,0,46-55,9,0,0,0.04672692970081962,0.04672692970081956,30,146.23
TXN001685,CUST01184,2025-02-21 11:51:40,Online Purchase,Groceries,64.85,6933.02,6868.17,No,Mobile App,United States,9.6,84,Male,125,0,0,66+,11,0,0,0.009353788103885517,0.009353788103885463,0,130.62
TXN001686,CUST00608,2025-02-21 17:56:28,ATM Withdrawal,Groceries,144.88,15632.63,15487.75,No,POS Terminal,United States,0.4,71,Male,46,0,0,66+,17,0,0,0.009267794350662634,0.009267794350662684,30,130.62
TXN001687,CUST01319,2025-02-21 19:10:25,POS Purchase,Travel,265.16,4970.19,4705.03,No,Mobile App,United Kingdom,1.3,74,Male,33,0,0,66+,19,0,0,0.05335007313603703,0.05335007313603706,30,483.02
TXN001688,CUST00885,2025-02-21 20:34:11,Bill Payment,Entertainment,219.91,3524.64,3304.73,,POS Terminal,United Kingdom,7.9,18,Male,6,0,0,18-25,20,0,0,0.06239218757092919,0.06239218757092923,0,166.95
TXN001689,CUST00917,2025-02-21 21:49:37,ATM Withdrawal,Groceries,19.21,6585.5,6566.29,Yes,Web Browser,UAE,1.4,29,Male,33,0,0,26-35,21,0,0,0.002917014653405214,0.0029170146534052087,0,130.62
TXN001690,CUST00270,2025-02-22 17:16:40,Online Purchase,Travel,118.43,1985.01,1866.58,Yes,Mobile App,United Kingdom,3.2,74,Female,98,0,0,66+,17,1,0,0.05966216794877611,0.05966216794877608,0,483.02
TXN001691,CUST00158,2025-02-22 17:37:02,POS Purchase,Online Services,201.97,4084.43,3882.46,Yes,POS Terminal,United Kingdom,23.9,24,Male,34,0,0,18-25,17,1,0,0.04944876029213374,0.04944876029213379,0,146.23
TXN001692,CUST00564,2025-02-22 19:47:15,Bill Payment,Restaurants,114.83,3367.73,3252.9,,Web Browser,United States,2.8,54,Female,39,0,0,46-55,19,1,0,0.034097151493736114,0.034097151493736134,0,139.48
TXN001693,CUST01146,2025-02-23 14:38:21,Online Purchase,Fuel,256.45,759.7,779.7,No,Mobile App,UAE,3.0,56,Male,149,0,0,56-65,14,1,0,-0.026326181387389756,0.33756746083980516,0,147.4
TXN001694,CUST01489,2025-02-23 19:20:35,Online Purchase,Healthcare,49.88,8026.06,7976.18,No,Mobile App,Pakistan,16.3,43,Male,53,0,0,36-45,19,1,0,0.0062147554341731946,0.006214755434173181,0,103.71
TXN001695,CUST00234,2025-02-24 08:35:43,Bank Transfer,Electronics,143.47,1984.99,1841.52,,POS Terminal,UAE,12.3,31,Female,66,0,0,26-35,8,0,0,0.07227744220373908,0.07227744220373906,0,132.66
TXN001696,CUST00835,2025-02-24 11:00:10,Bank Transfer,Restaurants,91.46,3625.18,3533.72,,Mobile App,Germany,5.2,29,Female,132,0,0,26-35,11,0,0,0.025229092072669507,0.025229092072669494,0,139.48
TXN001697,CUST00904,2025-02-25 11:18:33,Bill Payment,Entertainment,44.17,1375.8,1331.63,,Mobile App,United States,2.6,25,Other,77,0,0,18-25,11,0,0,0.03210495711585975,0.03210495711585987,0,166.95
TXN001698,CUST00597,2025-02-25 20:00:24,POS Purchase,Restaurants,23.39,3900.54,3877.15,No,Mobile App,United States,13.0,78,Male,83,0,0,66+,20,0,0,0.005996605598199191,0.005996605598199224,30,139.48
TXN001699,CUST00949,2025-02-26 09:05:03,Bill Payment,Online Services,122.96,9011.54,8888.58,,POS Terminal,Pakistan,5.7,37,Male,79,0,0,36-45,9,0,0,0.013644726650494914,0.013644726650494808,0,146.23
TXN001700,CUST00889,2025-02-26 12:46:19,ATM Withdrawal,Online Services,104.98,10013.11,9908.13,Yes,Mobile App,United Kingdom,11.9,58,Female,179,0,0,56-65,12,0,0,0.010484255141509618,0.01048425514150948,0,146.23
TXN001701,CUST00676,2025-02-26 16:34:49,Online Purchase,Restaurants,281.67,8359.46,8077.79,Yes,Web Browser,United Kingdom,14.7,19,Male,168,0,0,18-25,16,0,0,0.03369476018785893,0.03369476018785903,0,139.48
TXN001702,CUST01305,2025-02-26 16:54:29,Bank Transfer,Utilities,278.86,7113.0,6834.14,,POS Terminal,Germany,1.8,56,Male,63,0,0,56-65,16,0,0,0.03920427386475463,0.039204273864754675,0,128.47
TXN001703,CUST01355,2025-02-27 14:55:33,Online Purchase,Utilities,43.75,682.65,638.9,No,Mobile App,Canada,12.6,32,Male,180,0,0,26-35,14,0,0,0.06408847872262506,0.06408847872262506,0,128.47
TXN001704,CUST00711,2025-02-28 06:07:43,POS Purchase,Fuel,86.27,2040.62,1954.35,No,Mobile App,UAE,27.2,20,Male,176,0,0,18-25,6,0,0,0.042276366986504096,0.0422763669865041,30,147.4
TXN001705,CUST01316,2025-02-28 09:13:10,Bank Transfer,Groceries,19.78,2909.29,2889.51,,POS Terminal,Pakistan,12.7,38,Female,56,0,0,36-45,9,0,0,0.006798909699617345,0.006798909699617433,0,130.62
TXN001706,CUST01729,2025-02-28 13:56:21,Bill Payment,Fuel,76.17,5267.57,5191.4,,Web Browser,India,2.4,81,Female,72,0,0,66+,13,0,0,0.014460178032755157,0.014460178032755143,0,147.4
TXN001707,CUST01458,2025-03-01 08:19:30,Online Purchase,Fashion & Apparel,91.56,7832.5,7740.94,Yes,Web Browser,United States,2.2,69,Male,29,0,0,66+,8,1,0,0.011689754229173368,0.011689754229173316,0,144.15
TXN001708,CUST00100,2025-03-01 10:49:08,Online Purchase,Healthcare,199.57,13550.93,13351.36,No,Mobile App,Pakistan,3.7,49,Male,26,0,0,46-55,10,1,0,0.014727402473483349,0.01472740247348337,0,103.71
TXN001709,CUST01162,2025-03-01 11:24:36,Bill Payment,Utilities,509.45,1631.8,1122.35,,Mobile App,India,18.9,26,Male,89,0,0,26-35,11,1,0,0.3122012501532051,0.31220125015320505,0,128.47
TXN001710,CUST00323,2025-03-01 13:58:41,Bill Payment,Entertainment,117.92,3983.39,3865.47,,Mobile App,United States,2.6,41,Other,12,0,0,36-45,13,1,0,0.02960292615084139,0.02960292615084137,0,166.95
TXN001711,CUST00644,2025-03-01 17:33:24,ATM Withdrawal,Travel,98.78,19480.43,19381.65,Yes,Web Browser,United Kingdom,9.7,38,Female,20,0,0,36-45,17,1,0,0.005070729958219548,0.005070729958219608,0,483.02
TXN001712,CUST01679,2025-03-01 20:38:17,Online Purchase,Fuel,174.58,3647.46,3472.88,Yes,Web Browser,Australia,16.7,25,Female,140,0,0,18-25,20,1,0,0.0478634446985025,0.047863444698502525,0,147.4
TXN001713,CUST00110,2025-03-02 01:44:19,Bank Transfer,Entertainment,105.61,1183.0,1077.39,,Web Browser,Australia,11.9,30,Male,25,0,0,26-35,1,1,1,0.08927303465764996,0.08927303465765005,25,166.95
TXN001714,CUST01310,2025-03-02 11:19:36,POS Purchase,Fuel,59.75,3309.56,3249.81,Yes,POS Terminal,United States,26.5,21,Female,137,0,0,18-25,11,1,0,0.018053759412127293,0.018053759412127293,0,147.4
TXN001715,CUST01704,2025-03-02 11:21:16,POS Purchase,Groceries,40.0,1528.7,1488.7,Yes,Mobile App,United States,6.4,73,Female,39,0,0,66+,11,1,0,0.02616602341859096,0.02616602341859096,0,130.62
TXN001716,CUST01396,2025-03-02 15:10:02,ATM Withdrawal,Entertainment,182.5,1516.27,1333.77,No,Mobile App,Australia,12.2,59,Male,170,0,0,56-65,15,1,0,0.12036114939951328,0.12036114939951328,30,166.95
TXN001717,CUST00013,2025-03-02 23:49:49,POS Purchase,Fuel,248.68,14708.87,14460.19,Yes,Mobile App,Pakistan,10.9,78,Male,141,0,0,66+,23,1,0,0.016906805213452853,0.016906805213452836,0,147.4
TXN001718,CUST00025,2025-03-03 05:44:32,ATM Withdrawal,Electronics,440.49,905.64,465.15,Yes,Mobile App,United States,242.9,74,Female,51,0,1,66+,5,0,1,0.4863853186696701,0.4863853186696701,45,132.66
TXN001719,CUST00180,2025-03-03 12:01:32,POS Purchase,Fashion & Apparel,33.01,2360.46,2327.45,No,Web Browser,United States,1.2,30,Male,128,0,0,26-35,12,0,0,0.013984562331071154,0.013984562331071062,30,144.15
TXN001720,CUST00402,2025-03-03 12:30:42,Bank Transfer,Restaurants,593.55,4584.27,3990.72,,Web Browser,Australia,15.9,65,Male,159,0,0,56-65,12,0,0,0.12947535812681202,0.12947535812681188,0,139.48
TXN001721,CUST01022,2025-03-03 18:16:14,Online Purchase,Utilities,151.71,3919.77,3768.06,Yes,Web Browser,Germany,15.7,34,Female,140,0,0,26-35,18,0,0,0.03870380149855732,0.038703801498557316,0,128.47
TXN001722,CUST00563,2025-03-03 19:13:29,POS Purchase,Healthcare,628.47,2093.26,1464.79,Yes,POS Terminal,United States,1.4,80,Female,156,0,0,66+,19,0,0,0.30023504008102203,0.3002350400810219,0,103.71
TXN001723,CUST00442,2025-03-04 11:52:49,ATM Withdrawal,Home Improvement,67.43,2433.77,2366.34,Yes,Web Browser,India,2.5,72,Female,46,0,0,66+,11,0,0,0.02770598700781086,0.02770598700781093,0,202.64
TXN001724,CUST00795,2025-03-04 17:22:58,Bank Transfer,Fuel,296.1,3154.35,2858.25,,ATM Machine,UAE,7.95,80,Female,31,0,0,66+,17,0,0,0.09387036948975222,0.09387036948975226,0,147.4
TXN001725,CUST00905,2025-03-04 18:29:30,Online Purchase,Groceries,73.18,1190.7,1117.52,No,POS Terminal,United Kingdom,1.3,37,Female,80,0,0,36-45,18,0,0,0.061459645586629766,0.06145964558662972,0,130.62
TXN001726,CUST01602,2025-03-04 20:36:31,Bill Payment,Restaurants,29.42,10340.29,10310.87,,Web Browser,United States,23.2,21,Female,120,0,0,18-25,20,0,0,0.0028451813247017317,0.0028451813247017247,0,139.48
TXN001727,CUST00348,2025-03-05 06:37:22,Bill Payment,Restaurants,98.01,842.38,744.37,,POS Terminal,Pakistan,12.0,46,Female,44,0,0,46-55,6,0,0,0.1163489161661008,0.11634891616610081,0,139.48
TXN001728,CUST00573,2025-03-05 09:43:25,Online Purchase,Entertainment,1133.12,1862.99,2270.99,Yes,Mobile App,United Kingdom,6.6,41,Female,71,0,0,36-45,9,0,0,-0.21900278584426097,0.608226560529042,10,166.95
TXN001729,CUST00684,2025-03-05 09:58:09,Online Purchase,Electronics,49.17,1478.11,1428.94,No,Mobile App,United Kingdom,2.0,19,Male,31,0,0,18-25,9,0,0,0.033265453856614086,0.03326545385661419,0,132.66
TXN001730,CUST00277,2025-03-05 11:32:01,Online Purchase,Online Services,229.16,7884.22,7655.06,Yes,Web Browser,Germany,10.5,40,Male,102,0,0,36-45,11,0,0,0.02906565265809425,0.029065652658094267,0,146.23
TXN001731,CUST00323,2025-03-06 05:05:42,POS Purchase,Groceries,167.47,4697.69,4530.22,No,POS Terminal,United Kingdom,2.8,66,Male,123,0,0,66+,5,0,1,0.03564943621226589,0.03564943621226603,55,130.62
TXN001732,CUST01092,2025-03-06 08:50:31,Online Purchase,Groceries,304.41,466.75,162.34,No,ATM Machine,United Kingdom,18.9,31,Female,116,0,0,26-35,8,0,0,0.6521906802356722,0.6521906802356723,10,130.62
TXN001733,CUST01051,2025-03-06 13:23:49,Online Purchase,Electronics,75.17,1344.31,1269.14,No,POS Terminal,Pakistan,10.6,25,Male,162,0,0,18-25,13,0,0,0.055917161964130185,0.0559171619641303,0,132.66
TXN001734,CUST01122,2025-03-06 15:18:41,Wire Transfer,Fashion & Apparel,231.79,3818.01,3586.22,,POS Terminal,United Kingdom,4.6,83,Male,117,0,0,66+,15,0,0,0.060709636695556166,0.060709636695556055,0,144.15
TXN001735,CUST00658,2025-03-06 17:59:18,Bank Transfer,Electronics,402.3,13861.02,13458.72,,Web Browser,United Kingdom,1.0,22,Female,160,0,0,18-25,17,0,0,0.02902383807252288,0.0290238380725228,0,132.66
TXN001736,CUST01439,2025-03-06 19:25:21,POS Purchase,Utilities,145.8,1449.29,1303.49,Yes,Mobile App,United Kingdom,17.8,49,Male,35,0,0,46-55,19,0,0,0.10060098393006228,0.10060098393006231,0,128.47
TXN001737,CUST00653,2025-03-07 21:54:58,POS Purchase,Groceries,673.38,4293.29,4657.29,Yes,Mobile App,United Kingdom,8.1,77,Female,6,0,0,66+,21,0,0,-0.08478346442937701,0.15684475076223595,0,130.62
TXN001738,CUST01287,2025-03-08 08:56:58,Wire Transfer,Home Improvement,124.47,1671.35,1546.88,,ATM Machine,India,0.1,77,Female,97,0,0,66+,8,1,0,0.07447273162413606,0.07447273162413619,0,202.64
TXN001739,CUST01642,2025-03-08 09:14:05,Bank Transfer,Fashion & Apparel,155.24,2303.31,2148.07,,POS Terminal,United Kingdom,21.0,71,Female,34,0,0,66+,9,1,0,0.06739865671576982,0.06739865671576992,0,144.15
TXN001740,CUST00710,2025-03-08 09:50:57,ATM Withdrawal,Fuel,136.81,2658.25,2521.44,No,Mobile App,Pakistan,2.8,72,Female,173,1,0,66+,9,1,0,0.05146619016270101,0.05146619016270103,45,147.4
TXN001741,CUST00884,2025-03-08 10:38:26,Online Purchase,Travel,138.29,3361.53,3223.24,No,Mobile App,Canada,4.8,81,Male,130,0,0,66+,10,1,0,0.04113900515539067,0.04113900515539055,0,483.02
TXN001742,CUST00904,2025-03-08 12:20:31,POS Purchase,Travel,28.39,3685.01,3656.62,No,Mobile App,United Kingdom,1.3,78,Male,80,0,0,66+,12,1,0,0.007704185334639614,0.007704185334639526,30,483.02
TXN001743,CUST01039,2025-03-09 18:21:55,POS Purchase,Restaurants,285.7,2441.77,2156.07,Yes,Mobile App,United Kingdom,8.0,24,Female,14,0,0,18-25,18,1,0,0.11700528714825713,0.1170052871482572,0,139.48
TXN001744,CUST00361,2025-03-10 04:33:19,Online Purchase,Healthcare,23.09,14075.56,14052.47,Yes,Mobile App,United Kingdom,0.2,47,Female,160,0,0,46-55,4,0,1,0.0016404320680669293,0.001640432068066919,25,103.71
TXN001745,CUST00968,2025-03-10 06:53:11,Online Purchase,Travel,313.15,10532.37,10219.22,No,POS Terminal,India,19.2,57,Male,46,0,0,56-65,6,0,0,0.02973214955418405,0.029732149554183906,0,483.02
TXN001746,CUST00011,2025-03-10 08:42:57,Wire Transfer,Groceries,393.22,2360.9,1967.68,,ATM Machine,United Kingdom,10.0,29,Male,66,0,1,26-35,8,0,0,0.16655512728196875,0.16655512728196875,0,130.62
TXN001747,CUST01030,2025-03-10 08:55:06,POS Purchase,Fuel,54.72,7991.03,7936.31,Yes,POS Terminal,United Kingdom,31.0,61,Male,166,0,0,56-65,8,0,0,0.006847677958911348,0.006847677958911429,0,147.4
TXN001748,CUST01470,2025-03-10 09:18:29,Bank Transfer,Utilities,309.32,800.65,491.33,,Web Browser,Pakistan,0.9,44,Female,54,0,0,36-45,9,0,0,0.3863361019171923,0.3863361019171923,0,128.47
TXN001749,CUST01603,2025-03-10 10:16:47,POS Purchase,Groceries,66.48,3316.2,3249.72,No,Mobile App,Canada,7.1,68,Male,162,0,0,66+,10,0,0,0.02004704179482541,0.020047041794825405,30,130.62
TXN001750,CUST01220,2025-03-10 10:16:55,POS Purchase,Online Services,24.15,5211.15,5187.0,No,POS Terminal,Australia,10.0,65,Female,77,0,0,56-65,10,0,0,0.0046342937739269905,0.004634293773927061,30,146.23
TXN001751,CUST00689,2025-03-10 11:58:33,ATM Withdrawal,Restaurants,37.79,2087.74,2049.95,No,POS Terminal,Germany,16.0,66,Male,40,1,0,66+,11,0,0,0.018100912948930407,0.018100912948930424,45,139.48
TXN001752,CUST00534,2025-03-10 14:09:37,Online Purchase,Entertainment,67.7,1818.28,1967.28,Yes,POS Terminal,United Kingdom,14.2,52,Male,46,0,0,46-55,14,0,0,-0.0819455749389533,0.0372329894185714,0,166.95
TXN001753,CUST00733,2025-03-10 19:19:34,POS Purchase,Electronics,572.57,4812.03,4239.46,No,Mobile App,United Kingdom,24.8,66,Female,134,0,0,66+,19,0,0,0.11898720498417502,0.11898720498417509,30,132.66
TXN001754,CUST00791,2025-03-11 06:44:30,Wire Transfer,Utilities,151.44,3146.98,2995.54,,Web Browser,United States,5.2,85,Male,19,0,0,66+,6,0,0,0.04812232680220403,0.04812232680220402,0,128.47
TXN001755,CUST00146,2025-03-11 09:09:49,POS Purchase,Fuel,57.28,443.61,386.33,Yes,Mobile App,Canada,10.2,22,Male,94,0,0,18-25,9,0,0,0.1291224273573635,0.12912242735736346,0,147.4
TXN001756,CUST00004,2025-03-11 12:07:48,Bill Payment,Groceries,72.91,2641.64,2568.73,,ATM Machine,United States,4.9,77,Male,95,0,0,66+,12,0,0,0.027600278614799842,0.027600278614799897,0,130.62
TXN001757,CUST01029,2025-03-11 16:10:34,POS Purchase,Utilities,119.99,5036.41,4916.42,No,Mobile App,United Kingdom,6.4,51,Male,107,0,0,46-55,16,0,0,0.023824509918771462,0.023824509918771504,30,128.47
TXN001758,CUST00482,2025-03-12 09:47:12,Wire Transfer,Utilities,112.19,11546.92,11434.73,,Web Browser,United States,2.8,23,Male,47,0,0,18-25,9,0,0,0.009716010849646529,0.009716010849646486,0,128.47
TXN001759,CUST01488,2025-03-12 10:43:19,Bank Transfer,Entertainment,574.46,2108.96,1534.5,,Mobile App,Australia,23.6,40,Male,122,0,0,36-45,10,0,0,0.27239018283893485,0.27239018283893485,0,166.95
TXN001760,CUST01447,2025-03-12 13:37:51,POS Purchase,Online Services,109.39,9562.71,9453.32,No,POS Terminal,United Kingdom,11.7,75,Female,3,0,0,66+,13,0,0,0.011439225909810025,0.011439225909810086,30,146.23
TXN001761,CUST00011,2025-03-12 17:48:55,Wire Transfer,Entertainment,509.28,6121.1,5611.82,,Mobile App,Canada,2.5,39,Male,65,0,1,36-45,17,0,0,0.0832007318945942,0.0832007318945941,0,166.95
TXN001762,CUST01020,2025-03-12 17:57:27,Online Purchase,Healthcare,165.3,3652.44,3487.14,Yes,Mobile App,India,0.3,78,Male,15,0,0,66+,17,0,0,0.045257416959621564,0.045257416959621516,0,103.71
TXN001763,CUST01012,2025-03-12 19:25:34,Bill Payment,Travel,179.5,3869.54,3690.04,,POS Terminal,United Kingdom,9.3,62,Female,159,0,0,56-65,19,0,0,0.04638794275288536,0.04638794275288536,0,483.02
TXN001764,CUST01296,2025-03-13 09:41:31,Online Purchase,Fashion & Apparel,185.98,8177.54,7991.56,Yes,Web Browser,United Kingdom,39.2,85,Female,14,0,0,66+,9,0,0,0.02274278083629057,0.02274278083629062,0,144.15
TXN001765,CUST00453,2025-03-13 11:06:07,Online Purchase,Utilities,821.14,4813.53,3992.39,No,Web Browser,Canada,29.5,63,Male,174,0,0,56-65,11,0,0,0.17058998281926152,0.17058998281926155,0,128.47
TXN001766,CUST01399,2025-03-13 13:18:55,Bank Transfer,Electronics,81.03,1838.36,1757.33,,ATM Machine,United States,25.0,69,Male,19,0,0,66+,13,0,0,0.04407732979394677,0.04407732979394678,0,132.66
TXN001767,CUST00135,2025-03-13 13:25:11,Bill Payment,Electronics,25.46,43198.0,43172.54,,Mobile App,Canada,0.8,36,Female,159,0,0,36-45,13,0,0,0.0005893791379230317,0.000589379137923052,0,132.66
TXN001768,CUST00768,2025-03-13 13:28:30,Bill Payment,Restaurants,119.55,14956.64,14837.09,,ATM Machine,Pakistan,2.2,50,Male,61,0,0,46-55,13,0,0,0.007993105403352576,0.007993105403352624,0,139.48
TXN001769,CUST00721,2025-03-13 23:13:07,Online Purchase,Groceries,209.83,1892.43,1682.6,Yes,Web Browser,United Kingdom,3.7,29,Male,166,0,0,26-35,23,0,0,0.11087860581368936,0.11087860581368927,0,130.62
TXN001770,CUST00272,2025-03-14 18:55:24,ATM Withdrawal,Restaurants,54.23,2929.44,2875.21,No,Web Browser,India,27.1,34,Female,94,0,0,26-35,18,0,0,0.018512070566388122,0.018512070566388112,30,139.48
TXN001771,CUST00073,2025-03-15 04:13:43,POS Purchase,Groceries,112.48,11401.08,11288.6,No,POS Terminal,United Kingdom,30.2,18,Male,86,0,0,18-25,4,1,1,0.009865732018370151,0.00986573201837019,55,130.62
TXN001772,CUST00947,2025-03-15 15:09:46,Bill Payment,Groceries,123.22,2671.92,2548.7,,ATM Machine,United Kingdom,2.6,32,Female,169,0,0,26-35,15,1,0,0.04611665019910785,0.04611665019910775,0,130.62
TXN001773,CUST00202,2025-03-15 20:50:58,Bank Transfer,Groceries,53.11,2084.44,2031.33,,Mobile App,India,13.0,20,Male,177,0,0,18-25,20,1,0,0.02547926541421203,0.02547926541421197,0,130.62
TXN001774,CUST00712,2025-03-16 08:20:03,Online Purchase,Restaurants,168.03,4517.17,4801.17,Yes,POS Terminal,Australia,16.9,69,Female,162,0,0,66+,8,1,0,-0.0628712224689352,0.03719806870230698,0,139.48
TXN001775,CUST00006,2025-03-16 15:43:02,ATM Withdrawal,Fashion & Apparel,46.44,817.86,771.42,Yes,Mobile App,India,1.7,75,Female,24,0,0,66+,15,1,0,0.05678233438485811,0.05678233438485804,0,144.15
TXN001776,CUST00743,2025-03-16 20:14:22,POS Purchase,Restaurants,294.73,34068.22,34489.22,Yes,POS Terminal,United Kingdom,66.8,20,Female,124,0,0,18-25,20,1,0,-0.012357557864778377,0.008651171091415989,0,139.48
TXN001777,CUST00155,2025-03-17 11:26:48,Bank Transfer,Home Improvement,319.19,5079.42,4760.23,,Mobile App,United Kingdom,13.6,37,Female,139,0,0,36-45,11,0,0,0.06283985179410258,0.06283985179410248,0,202.64
TXN001778,CUST01519,2025-03-17 13:22:10,POS Purchase,Groceries,91.7,10846.35,10754.65,No,POS Terminal,United States,11.4,83,Male,7,0,0,66+,13,0,0,0.008454457029323296,0.008454457029323228,30,130.62
TXN001779,CUST00228,2025-03-17 17:34:24,Online Purchase,Fuel,118.75,5294.4,5175.65,No,POS Terminal,Germany,4.3,46,Male,159,0,0,46-55,17,0,0,0.022429359323058326,0.022429359323058326,0,147.4
TXN001780,CUST00719,2025-03-18 00:04:58,Bill Payment,Groceries,170.2,5077.46,4907.26,,Mobile App,United Kingdom,28.3,33,Female,119,0,0,26-35,0,0,1,0.033520697356552255,0.03352069735655229,25,130.62
TXN001781,CUST00205,2025-03-18 10:28:28,Bill Payment,Fashion & Apparel,64.14,3570.27,3506.13,,Mobile App,United Kingdom,0.5,21,Male,85,0,0,18-25,10,0,0,0.017965027855036137,0.017965027855036175,0,144.15
TXN001782,CUST00349,2025-03-19 08:22:48,POS Purchase,Electronics,66.82,2556.58,2489.76,Yes,Mobile App,Canada,13.6,50,Female,45,0,0,46-55,8,0,0,0.026136479202684724,0.026136479202684835,0,132.66
TXN001783,CUST01256,2025-03-19 09:31:43,Online Purchase,Groceries,33.51,4239.54,4392.54,No,POS Terminal,United States,1.5,54,Female,127,0,0,46-55,9,0,0,-0.03608882095699062,0.007904159413521277,0,130.62
TXN001784,CUST00812,2025-03-19 10:59:43,Online Purchase,Groceries,402.38,9107.69,8705.31,Yes,Web Browser,Pakistan,3.1,56,Other,16,0,0,56-65,10,0,0,0.04418024768080611,0.044180247680805994,0,130.62
TXN001785,CUST00609,2025-03-20 13:34:01,POS Purchase,Fuel,39.53,5129.0,5089.47,No,Mobile App,United States,11.9,74,Female,140,0,0,66+,13,0,0,0.007707155390914358,0.007707155390914409,30,147.4
TXN001786,CUST01480,2025-03-20 16:14:50,Bill Payment,Online Services,281.08,2470.61,2189.53,,Mobile App,Pakistan,5.5,37,Female,2,0,0,36-45,16,0,0,0.11376947393558673,0.11376947393558674,0,146.23
TXN001787,CUST00108,2025-03-20 19:33:09,ATM Withdrawal,Online Services,41.17,12442.74,12401.57,Yes,POS Terminal,United Kingdom,38.1,56,Female,146,0,0,56-65,19,0,0,0.0033087567529338454,0.0033087567529338393,0,146.23
TXN001788,CUST00381,2025-03-20 20:52:58,Online Purchase,Electronics,118.69,2894.65,2775.96,Yes,Web Browser,Pakistan,13.0,24,Male,29,0,0,18-25,20,0,0,0.041003230096902925,0.041003230096902904,0,132.66
TXN001789,CUST00220,2025-03-21 07:05:37,Wire Transfer,Online Services,28.38,1573.7,1545.32,,Mobile App,Canada,4.1,24,Male,86,0,0,18-25,7,0,0,0.01803393276990539,0.01803393276990532,0,146.23
TXN001790,CUST01068,2025-03-21 08:26:38,Online Purchase,Entertainment,164.92,3667.88,3502.96,No,Web Browser,Canada,2.8,22,Female,17,1,0,18-25,8,0,0,0.04496330305244448,0.04496330305244446,15,166.95
TXN001791,CUST01715,2025-03-21 10:25:58,POS Purchase,Groceries,435.73,18197.38,17761.65,Yes,ATM Machine,Pakistan,22.1,49,Male,125,0,0,46-55,10,0,0,0.023944655769127177,0.023944655769127205,0,130.62
TXN001792,CUST00105,2025-03-21 13:04:49,Online Purchase,Fuel,356.02,542.54,186.52,Yes,POS Terminal,United Kingdom,11.0,83,Female,169,0,0,66+,13,0,0,0.6562096803922292,0.6562096803922292,10,147.4
TXN001793,CUST00461,2025-03-21 18:26:38,Bank Transfer,Jewelry & Luxury,163.11,1215.12,1052.01,,Mobile App,Pakistan,8.9,63,Female,59,0,0,56-65,18,0,0,0.13423365593521622,0.1342336559352163,0,145.81
TXN001794,CUST00894,2025-03-21 21:36:44,POS Purchase,Groceries,53.08,3989.1,3936.02,No,ATM Machine,Pakistan,22.2,37,Female,123,0,0,36-45,21,0,0,0.013306259557293608,0.013306259557293625,30,130.62
TXN001795,CUST00719,2025-03-22 04:01:20,Bill Payment,Electronics,192.28,2038.43,1846.15,,Web Browser,Australia,4.9,35,Female,145,0,0,26-35,4,1,1,0.09432749714240861,0.09432749714240862,25,132.66
TXN001796,CUST00540,2025-03-22 12:13:45,Bank Transfer,Online Services,56.36,5835.14,5778.78,,Web Browser,Canada,39.9,19,Male,32,0,0,18-25,12,1,0,0.00965872284126869,0.00965872284126859,0,146.23
TXN001797,CUST00581,2025-03-22 14:59:15,ATM Withdrawal,Groceries,26.86,1086.67,1059.81,No,POS Terminal,United Kingdom,4.8,60,Male,120,0,0,56-65,14,1,0,0.024717715589829596,0.024717715589829478,30,130.62
TXN001798,CUST00985,2025-03-22 17:58:25,Bank Transfer,Fuel,212.64,2920.68,2708.04,,Web Browser,United Kingdom,11.8,61,Male,34,0,0,56-65,17,1,0,0.07280496322774145,0.07280496322774148,0,147.4
TXN001799,CUST00071,2025-03-22 18:22:29,Online Purchase,Healthcare,73.72,2062.34,1988.62,Yes,Web Browser,Australia,16.6,19,Female,81,0,0,18-25,18,1,0,0.03574580331080241,0.035745803310802286,0,103.71
TXN001800,CUST00289,2025-03-23 08:45:10,Bank Transfer,Online Services,89.43,6996.46,6907.03,,Web Browser,United Kingdom,8.0,23,Female,145,0,0,18-25,8,1,0,0.012782178415941817,0.012782178415941777,0,146.23
TXN001801,CUST01191,2025-03-23 10:19:43,Online Purchase,Electronics,95.44,16474.85,16379.41,Yes,ATM Machine,Germany,19.4,35,Male,48,0,0,26-35,10,1,0,0.00579307247106946,0.00579307247106954,0,132.66
TXN001802,CUST01715,2025-03-23 15:46:12,Bank Transfer,Travel,590.29,5494.96,4904.67,,Mobile App,United States,21.1,50,Female,90,0,0,46-55,15,1,0,0.10742389389549696,0.10742389389549696,0,483.02
TXN001803,CUST01549,2025-03-23 19:16:40,POS Purchase,Healthcare,83.79,10119.33,10035.54,No,Mobile App,Germany,28.8,78,Male,48,0,0,66+,19,1,0,0.00828019246333493,0.008280192463335024,30,103.71
TXN001804,CUST00085,2025-03-24 12:00:04,POS Purchase,Home Improvement,325.17,1722.68,1397.51,Yes,POS Terminal,United States,2.7,24,Male,77,0,0,18-25,12,0,0,0.18875821394571252,0.1887582139457125,0,202.64
TXN001805,CUST00983,2025-03-24 12:06:16,Bill Payment,Utilities,57.44,7577.55,7520.11,,Mobile App,United States,7.4,41,Female,90,0,0,36-45,12,0,0,0.00758028650421317,0.007580286504213103,0,128.47
TXN001806,CUST01251,2025-03-24 17:15:35,POS Purchase,Utilities,354.01,9346.79,8992.78,Yes,Web Browser,United States,0.5,66,Female,83,0,0,66+,17,0,0,0.037875035172503096,0.03787503517250307,0,128.47
TXN001807,CUST01722,2025-03-24 19:23:55,Bank Transfer,Travel,61.53,10624.62,10563.09,,Mobile App,Pakistan,1.2,83,Male,158,0,0,66+,19,0,0,0.005791265946452734,0.005791265946452673,0,483.02
TXN001808,CUST00042,2025-03-25 17:37:48,Online Purchase,Travel,181.47,835.9,654.43,No,Mobile App,Germany,1.1,32,Female,125,0,0,26-35,17,0,0,0.2170953463332935,0.21709534633329347,0,483.02
TXN001809,CUST00727,2025-03-25 18:42:31,POS Purchase,Healthcare,132.65,1912.66,2018.66,Yes,POS Terminal,United Kingdom,61.8,83,Female,144,0,0,66+,18,0,0,-0.055420200140118996,0.06935367498666778,0,103.71
TXN001810,CUST00452,2025-03-26 18:51:12,ATM Withdrawal,Entertainment,45.74,3243.8,3198.06,No,POS Terminal,Pakistan,4.4,61,Male,66,0,0,56-65,18,0,0,0.01410074603859678,0.014100746038596708,30,166.95
TXN001811,CUST01723,2025-03-26 23:41:30,POS Purchase,Fashion & Apparel,275.96,2846.85,2570.89,Yes,Web Browser,Pakistan,10.9,81,Female,64,0,0,66+,23,0,0,0.09693520909074944,0.09693520909074942,0,144.15
TXN001812,CUST01371,2025-03-27 09:47:48,POS Purchase,Groceries,186.62,6828.01,6641.39,Yes,Mobile App,India,5.8,52,Male,63,0,0,46-55,9,0,0,0.02733153583547767,0.027331535835477688,0,130.62
TXN001813,CUST01546,2025-03-27 10:09:41,POS Purchase,Utilities,39.27,1667.13,2111.13,Yes,POS Terminal,United States,5.0,48,Female,140,0,0,46-55,10,0,0,-0.26632596138273557,0.02355545158445952,0,128.47
TXN001814,CUST00709,2025-03-27 15:26:50,Bill Payment,Electronics,158.63,2196.43,2037.8,,Web Browser,United States,0.8,56,Male,31,0,0,56-65,15,0,0,0.07222174164439563,0.07222174164439568,0,132.66
TXN001815,CUST00431,2025-03-27 19:11:31,Online Purchase,Restaurants,149.43,5296.88,5147.45,No,Mobile App,Pakistan,14.2,21,Male,51,0,0,18-25,19,0,0,0.02821094682152518,0.028210946821525126,0,139.48
TXN001816,CUST00969,2025-03-28 08:07:44,POS Purchase,Groceries,49.3,1008.5,959.2,No,Mobile App,United States,8.8,73,Female,142,0,0,66+,8,0,0,0.04888448190381751,0.04888448190381755,30,130.62
TXN001817,CUST01404,2025-03-28 11:12:30,Bank Transfer,Fashion & Apparel,118.04,6293.14,6175.1,,Web Browser,United States,12.2,38,Female,47,0,0,36-45,11,0,0,0.018756932151517358,0.018756932151517365,0,144.15
TXN001818,CUST01056,2025-03-28 12:21:35,Bill Payment,Online Services,577.14,3923.99,3346.85,,Mobile App,UAE,24.4,36,Male,142,0,0,36-45,12,0,0,0.14707988552468276,0.1470798855246828,0,146.23
TXN001819,CUST01120,2025-03-28 12:22:16,ATM Withdrawal,Groceries,66.35,3013.55,2947.2,Yes,Web Browser,United States,2.9,23,Female,53,0,0,18-25,12,0,0,0.022017222213004714,0.022017222213004593,0,130.62
TXN001820,CUST00700,2025-03-29 04:18:27,Online Purchase,Fashion & Apparel,173.11,6130.02,6408.02,No,Web Browser,United States,7.5,58,Male,102,0,0,56-65,4,1,1,-0.04535058613185601,0.028239712105343866,25,144.15
TXN001821,CUST00002,2025-03-29 08:51:20,Wire Transfer,Electronics,991.14,3623.59,2632.45,,Web Browser,Pakistan,83.3,23,Female,9,0,1,18-25,8,1,0,0.2735243225640871,0.273524322564087,0,132.66
TXN001822,CUST00071,2025-03-29 08:55:11,POS Purchase,Online Services,230.72,19058.02,18827.3,Yes,Web Browser,United Kingdom,0.4,49,Male,54,0,0,46-55,8,1,0,0.012106189415269853,0.012106189415269792,0,146.23
TXN001823,CUST00081,2025-03-29 23:01:13,Bank Transfer,Fuel,75.7,1864.82,1789.12,,POS Terminal,United States,7.9,38,Female,114,0,0,36-45,23,1,0,0.04059373022597358,0.040593730225973554,0,147.4
TXN001824,CUST01416,2025-03-29 23:02:35,Bill Payment,Utilities,383.36,1402.12,1018.76,,Mobile App,United Kingdom,2.8,72,Female,137,0,0,66+,23,1,0,0.27341454369098217,0.2734145436909823,0,128.47
TXN001825,CUST01636,2025-03-29 23:20:13,POS Purchase,Travel,180.02,7596.89,7416.87,No,Web Browser,Pakistan,2.9,70,Male,114,0,0,66+,23,1,0,0.02369653897845045,0.023696538978450393,30,483.02
TXN001826,CUST00557,2025-03-30 00:03:34,Online Purchase,Electronics,221.88,1499.32,1536.32,No,Web Browser,United States,21.3,75,Male,33,0,0,66+,0,1,1,-0.024677853960462078,0.14798708747965744,25,132.66
TXN001827,CUST01295,2025-03-30 10:28:19,POS Purchase,Healthcare,202.95,3417.5,3214.55,Yes,Web Browser,Germany,0.1,49,Female,33,0,0,46-55,10,1,0,0.0593855157278712,0.05938551572787125,0,103.71
TXN001828,CUST00371,2025-03-30 15:10:45,POS Purchase,Home Improvement,262.28,23369.13,23106.85,Yes,Web Browser,United States,1.2,54,Female,105,0,0,46-55,15,1,0,0.011223353201424377,0.01122335320142427,0,202.64
TXN001829,CUST01483,2025-03-30 16:55:00,POS Purchase,Groceries,750.88,774.93,1251.93,Yes,Web Browser,Pakistan,47.6,20,Female,18,0,0,18-25,16,1,0,-0.6155394680809881,0.9689649387686631,10,130.62
TXN001830,CUST00076,2025-03-30 17:19:52,Bank Transfer,Healthcare,431.39,2535.64,2104.25,,Web Browser,United Kingdom,7.4,67,Male,175,0,0,66+,17,1,0,0.17013061791105988,0.17013061791105993,0,103.71
TXN001831,CUST00125,2025-03-31 08:25:37,POS Purchase,Utilities,37.46,4496.88,4459.42,No,ATM Machine,United States,1.8,75,Female,146,0,0,66+,8,0,0,0.00833022006368861,0.008330220063688602,30,128.47
TXN001832,CUST01344,2025-03-31 08:44:24,POS Purchase,Fuel,66.83,3018.34,2951.51,Yes,POS Terminal,Pakistan,1.0,68,Male,150,0,0,66+,8,0,0,0.022141309461492054,0.022141309461492075,0,147.4
TXN001833,CUST00953,2025-03-31 12:23:29,Online Purchase,Electronics,235.49,5308.73,5073.24,Yes,Mobile App,United States,7.0,35,Female,6,0,0,26-35,12,0,0,0.044359008651786734,0.04435900865178678,0,132.66
TXN001834,CUST00106,2025-03-31 16:25:28,Online Purchase,Groceries,25.7,1612.49,1586.79,Yes,Mobile App,Canada,12.0,42,Male,64,0,0,36-45,16,0,0,0.015938083336950955,0.015938083336950928,0,130.62
TXN001835,CUST01161,2025-04-01 08:11:32,POS Purchase,Electronics,127.43,12075.52,11948.09,Yes,Mobile App,United Kingdom,3.6,62,Male,47,0,0,56-65,8,0,0,0.010552754663981367,0.010552754663981345,0,132.66
TXN001836,CUST01234,2025-04-01 08:56:49,ATM Withdrawal,Online Services,158.03,2106.78,1948.75,Yes,Web Browser,Pakistan,18.3,50,Male,21,0,0,46-55,8,0,0,0.07501020514719153,0.07501020514719144,0,146.23
TXN001837,CUST00260,2025-04-01 10:15:57,Bill Payment,Healthcare,76.99,4088.57,4011.58,,Web Browser,Canada,15.3,28,Female,25,0,0,26-35,10,0,0,0.0188305446647606,0.01883054466476054,0,103.71
TXN001838,CUST01432,2025-04-01 14:27:18,Bank Transfer,Fuel,136.86,5999.94,5863.08,,ATM Machine,UAE,0.4,42,Female,111,0,0,36-45,14,0,0,0.02281022810228097,0.022810228102281026,0,147.4
TXN001839,CUST00022,2025-04-01 16:37:27,POS Purchase,Groceries,53.47,2476.43,2422.96,No,Mobile App,United Kingdom,7.3,45,Female,136,0,0,36-45,16,0,0,0.021591565277435585,0.021591565277435665,30,130.62
TXN001840,CUST01580,2025-04-01 18:08:21,Bill Payment,Fuel,59.88,1581.42,1521.54,,ATM Machine,Canada,3.8,64,Female,85,0,0,56-65,18,0,0,0.0378647038737338,0.03786470387373373,0,147.4
TXN001841,CUST00128,2025-04-02 08:13:14,POS Purchase,Online Services,27.36,1777.44,1750.08,No,ATM Machine,Canada,3.9,26,Male,124,0,0,26-35,8,0,0,0.015392924655684651,0.01539292465568458,30,146.23
TXN001842,CUST01042,2025-04-02 09:58:16,ATM Withdrawal,Utilities,262.35,1901.11,1638.76,No,Web Browser,United Kingdom,3.3,71,Female,157,0,0,66+,9,0,0,0.13799832729300246,0.13799832729300252,30,128.47
TXN001843,CUST00414,2025-04-02 11:24:40,Bank Transfer,Restaurants,41.54,213.77,172.23,,Mobile App,United States,11.7,58,Female,82,0,0,56-65,11,0,0,0.19432099920475285,0.19432099920475276,0,139.48
TXN001844,CUST01120,2025-04-02 17:48:02,Online Purchase,Electronics,374.98,7818.42,7443.44,No,POS Terminal,Germany,14.4,63,Male,177,0,0,56-65,17,0,0,0.047961096999137996,0.047961096999137934,0,132.66
TXN001845,CUST00298,2025-04-02 22:01:54,Bill Payment,Electronics,45.0,2447.14,2402.14,,Web Browser,Pakistan,12.8,32,Female,137,0,0,26-35,22,0,0,0.0183888130634128,0.0183888130634128,0,132.66
TXN001846,CUST01312,2025-04-03 08:07:51,POS Purchase,Groceries,62.05,8812.36,8827.36,Yes,Mobile App,United Kingdom,1.5,24,Female,49,0,0,18-25,8,0,0,-0.001702154700897376,0.007041246612712144,0,130.62
TXN001847,CUST00330,2025-04-03 17:24:46,POS Purchase,Entertainment,229.88,4183.58,3953.7,Yes,Web Browser,India,6.0,40,Female,131,0,0,36-45,17,0,0,0.054948154451450695,0.054948154451450675,0,166.95
TXN001848,CUST00778,2025-04-03 18:23:32,Bill Payment,Travel,154.88,13104.39,12949.51,,Mobile App,Germany,37.9,61,Female,29,0,0,56-65,18,0,0,0.011818940065123153,0.011818940065123214,0,483.02
TXN001849,CUST00033,2025-04-04 09:34:41,Bank Transfer,Fashion & Apparel,39.31,3247.06,3207.75,,Web Browser,United States,11.7,84,Male,104,0,0,66+,9,0,0,0.012106336193356436,0.012106336193356453,0,144.15
TXN001850,CUST01480,2025-04-04 11:36:36,Bank Transfer,Restaurants,219.78,2173.75,1953.97,,Web Browser,United Kingdom,22.9,64,Female,92,0,0,56-65,11,0,0,0.10110638297872339,0.1011063829787234,0,139.48
TXN001851,CUST00896,2025-04-04 14:23:03,POS Purchase,Fuel,192.43,3883.1,3690.67,Yes,Web Browser,United Kingdom,0.3,47,Male,73,0,0,46-55,14,0,0,0.049555767299322664,0.049555767299322706,0,147.4
TXN001852,CUST00976,2025-04-04 17:34:03,Online Purchase,Utilities,347.97,3564.43,3216.46,No,Mobile App,United States,21.8,65,Female,116,0,0,56-65,17,0,0,0.09762290183844256,0.09762290183844262,0,128.47
TXN001853,CUST01082,2025-04-04 19:13:07,POS Purchase,Electronics,29.08,996.69,1186.69,Yes,Web Browser,Canada,7.0,41,Male,128,0,0,36-45,19,0,0,-0.1906309885721739,0.029176574461467455,0,132.66
TXN001854,CUST01615,2025-04-05 06:54:43,POS Purchase,Utilities,115.0,2187.37,2072.37,Yes,POS Terminal,United Kingdom,6.1,63,Female,146,0,0,56-65,6,1,0,0.05257455300200698,0.05257455300200698,0,128.47
TXN001855,CUST00485,2025-04-05 15:05:01,Bank Transfer,Healthcare,151.52,3203.21,3051.69,,ATM Machine,UAE,21.8,40,Female,120,0,0,36-45,15,1,0,0.0473025496299025,0.047302549629902504,0,103.71
TXN001856,CUST00174,2025-04-05 15:26:31,ATM Withdrawal,Utilities,290.34,8649.18,8358.84,Yes,POS Terminal,Pakistan,0.7,84,Female,58,0,0,66+,15,1,0,0.033568500135272954,0.03356850013527293,0,128.47
TXN001857,CUST00614,2025-04-05 18:25:40,POS Purchase,Online Services,264.38,4583.56,4319.18,Yes,Mobile App,Pakistan,19.6,31,Female,42,0,0,26-35,18,1,0,0.05768005654993064,0.057680056549930615,0,146.23
TXN001858,CUST00115,2025-04-06 02:53:48,POS Purchase,Electronics,56.52,3538.38,3481.86,No,Mobile App,United States,27.5,41,Male,51,0,0,36-45,2,1,1,0.015973411561222926,0.015973411561222933,55,132.66
TXN001859,CUST00620,2025-04-06 08:26:10,ATM Withdrawal,Fuel,38.35,1698.39,1660.04,Yes,Web Browser,Canada,6.4,56,Female,144,1,0,56-65,8,1,0,0.022580208314933632,0.022580208314933556,15,147.4
TXN001860,CUST00388,2025-04-06 11:32:57,POS Purchase,Entertainment,186.32,9430.77,9244.45,Yes,Mobile App,United States,5.1,40,Male,154,0,0,36-45,11,1,0,0.019756605240081108,0.019756605240081136,0,166.95
TXN001861,CUST00090,2025-04-06 18:02:07,POS Purchase,Electronics,148.7,2851.66,2702.96,No,Web Browser,Australia,17.0,62,Male,25,0,0,56-65,18,1,0,0.05214506638238774,0.0521450663823878,30,132.66
TXN001862,CUST00152,2025-04-07 01:06:22,ATM Withdrawal,Groceries,40.75,4348.55,4307.8,No,POS Terminal,United Kingdom,4.6,56,Male,164,0,0,56-65,1,0,1,0.009370939738533533,0.009370939738533533,55,130.62
TXN001863,CUST00345,2025-04-07 08:30:04,Online Purchase,Fashion & Apparel,220.22,5555.02,5334.8,Yes,POS Terminal,United States,1.6,59,Male,113,1,0,56-65,8,0,0,0.03964342162584478,0.03964342162584473,15,144.15
TXN001864,CUST00026,2025-04-07 13:51:07,ATM Withdrawal,Groceries,53.12,2915.68,2862.56,Yes,Web Browser,Pakistan,7.6,29,Female,39,0,0,26-35,13,0,0,0.018218734566207505,0.01821873456620754,0,130.62
TXN001865,CUST01521,2025-04-07 14:12:29,Online Purchase,Fashion & Apparel,398.56,11007.59,10609.03,Yes,Mobile App,Canada,0.5,26,Female,167,0,0,26-35,14,0,0,0.03620774392941593,0.036207743929415975,0,144.15
TXN001866,CUST00215,2025-04-07 21:37:11,POS Purchase,Electronics,44.75,9369.53,9324.78,Yes,Web Browser,United Kingdom,22.4,67,Other,138,0,0,66+,21,0,0,0.004776120040172772,0.004776120040172772,0,132.66
TXN001867,CUST00005,2025-04-08 04:00:42,Wire Transfer,Electronics,2484.41,16187.79,13703.38,,Mobile App,Germany,44.2,35,Female,8,3,1,26-35,4,0,1,0.15347431613580367,0.15347431613580356,70,132.66
TXN001868,CUST00919,2025-04-08 08:57:03,POS Purchase,Fuel,156.09,3868.95,3712.86,Yes,POS Terminal,Canada,4.4,31,Female,119,0,0,26-35,8,0,0,0.04034427945566619,0.040344279455666265,0,147.4
TXN001869,CUST00276,2025-04-08 09:31:58,POS Purchase,Online Services,351.55,2526.95,2978.95,Yes,Mobile App,Pakistan,11.3,69,Female,70,0,0,66+,9,0,0,-0.17887176240131386,0.13912028334553514,0,146.23
TXN001870,CUST01243,2025-04-08 10:16:35,POS Purchase,Fuel,41.45,13666.18,13624.73,Yes,POS Terminal,Pakistan,41.4,59,Male,109,0,0,56-65,10,0,0,0.0030330348348990522,0.003033034834898999,0,147.4
TXN001871,CUST00086,2025-04-08 10:36:01,POS Purchase,Electronics,436.36,2196.58,1760.22,Yes,Mobile App,United States,1.1,24,Female,112,1,0,18-25,10,0,0,0.1986542716404592,0.19865427164045926,15,132.66
TXN001872,CUST00375,2025-04-08 15:47:31,POS Purchase,Groceries,157.06,9856.21,9699.15,Yes,ATM Machine,United Kingdom,87.8,33,Male,61,0,0,26-35,15,0,0,0.015935131252276434,0.015935131252276486,0,130.62
TXN001873,CUST00813,2025-04-08 16:21:58,POS Purchase,Electronics,790.04,2730.19,1940.15,No,Mobile App,India,34.9,72,Female,116,0,0,66+,16,0,0,0.2893718019625008,0.2893718019625008,30,132.66
TXN001874,CUST01236,2025-04-08 18:01:05,POS Purchase,Fuel,809.83,1738.65,928.82,No,POS Terminal,United States,7.95,18,Male,65,0,0,18-25,18,0,0,0.4657809219796969,0.4657809219796969,30,147.4
TXN001875,CUST00658,2025-04-09 12:27:03,Bill Payment,Entertainment,57.24,3606.83,3549.59,,Mobile App,United Kingdom,31.6,23,Male,12,0,0,18-25,12,0,0,0.015869891289581096,0.015869891289581158,0,166.95
TXN001876,CUST00757,2025-04-09 21:56:47,Online Purchase,Jewelry & Luxury,232.5,1303.44,1070.94,Yes,POS Terminal,UAE,18.6,64,Female,138,0,0,56-65,21,0,0,0.17837414840729146,0.17837414840729146,0,145.81
TXN001877,CUST01269,2025-04-10 11:03:09,Bank Transfer,Restaurants,24.4,2759.79,2735.39,,Mobile App,Canada,31.6,56,Male,108,0,0,56-65,11,0,0,0.008841252414132993,0.00884125241413296,0,139.48
TXN001878,CUST01193,2025-04-10 19:05:17,Wire Transfer,Entertainment,80.25,2028.95,1948.7,,POS Terminal,UAE,10.0,19,Female,175,0,0,18-25,19,0,0,0.03955247788264866,0.03955247788264866,0,166.95
TXN001879,CUST01103,2025-04-11 09:32:43,POS Purchase,Restaurants,173.46,4222.1,4468.1,No,POS Terminal,Germany,3.3,80,Male,149,0,0,66+,9,0,0,-0.05826484450865682,0.04108382084744558,30,139.48
TXN001880,CUST00490,2025-04-11 10:33:31,Online Purchase,Fuel,245.01,6917.56,6672.55,No,Mobile App,United States,4.1,38,Male,55,0,0,36-45,10,0,0,0.03541855798865499,0.03541855798865495,0,147.4
TXN001881,CUST00448,2025-04-11 17:41:59,POS Purchase,Restaurants,125.03,3665.06,3540.03,No,Mobile App,United States,26.9,53,Male,31,0,0,46-55,17,0,0,0.034114039060752006,0.034114039060752076,30,139.48
TXN001882,CUST00825,2025-04-12 10:41:09,Wire Transfer,Home Improvement,27.35,3484.28,3456.93,,POS Terminal,Canada,1.0,68,Female,104,0,0,66+,10,1,0,0.007849541368661636,0.007849541368661532,0,202.64
TXN001883,CUST00906,2025-04-12 11:26:48,Online Purchase,Restaurants,32.17,2224.56,2269.56,No,Mobile App,UAE,4.0,68,Male,171,0,0,66+,11,1,0,-0.02022871938720466,0.014461286726363867,0,139.48
TXN001884,CUST01573,2025-04-12 14:47:47,ATM Withdrawal,Fuel,108.59,1974.05,1865.46,Yes,Mobile App,Germany,39.0,58,Female,176,0,0,56-65,14,1,0,0.055008738380486775,0.05500873838048682,0,147.4
TXN001885,CUST01102,2025-04-12 18:56:01,Bank Transfer,Healthcare,326.19,3178.4,2852.21,,POS Terminal,United States,15.1,74,Female,85,0,0,66+,18,1,0,0.1026271079788573,0.10262710797885728,0,103.71
TXN001886,CUST00051,2025-04-13 06:11:51,Online Purchase,Travel,131.82,3142.48,3424.48,No,Web Browser,Australia,131.3,51,Female,86,0,1,46-55,6,1,0,-0.08973804129222779,0.041947761004047755,20,483.02
TXN001887,CUST01263,2025-04-13 11:39:50,POS Purchase,Healthcare,80.5,1638.78,1558.28,No,POS Terminal,Germany,8.9,49,Female,47,0,0,46-55,11,1,0,0.049121907760651215,0.049121907760651215,30,103.71
TXN001888,CUST00220,2025-04-13 18:16:17,POS Purchase,Travel,261.95,1211.37,949.42,Yes,Mobile App,United Kingdom,6.1,42,Female,158,0,0,36-45,18,1,0,0.21624276645451015,0.21624276645451018,0,483.02
TXN001889,CUST00235,2025-04-13 20:48:15,Online Purchase,Groceries,41.7,2943.67,2901.97,No,POS Terminal,United Kingdom,3.8,29,Female,54,0,0,26-35,20,1,0,0.014165990073615681,0.01416599007361559,0,130.62
TXN001890,CUST00615,2025-04-13 22:35:27,Bill Payment,Fuel,126.04,2451.17,2325.13,,POS Terminal,UAE,3.2,75,Male,157,0,0,66+,22,1,0,0.0514203421223334,0.051420342122333415,0,147.4
TXN001891,CUST01676,2025-04-14 01:19:34,POS Purchase,Fuel,77.55,1064.32,986.77,Yes,Web Browser,Pakistan,0.9,77,Male,113,0,0,66+,1,0,1,0.07286342453397471,0.07286342453397475,25,147.4
TXN001892,CUST00802,2025-04-14 08:55:09,Bill Payment,Groceries,103.17,2620.36,2517.19,,POS Terminal,United Kingdom,2.4,52,Female,143,0,0,46-55,8,0,0,0.03937245264009528,0.03937245264009525,0,130.62
TXN001893,CUST01635,2025-04-14 09:40:16,Online Purchase,Utilities,106.02,1134.13,1028.11,No,POS Terminal,Canada,2.5,41,Male,176,0,0,36-45,9,0,0,0.09348134693553667,0.09348134693553647,0,128.47
TXN001894,CUST00129,2025-04-14 12:53:51,ATM Withdrawal,Restaurants,62.8,1271.1,1208.3,Yes,ATM Machine,Pakistan,10.0,28,Male,20,0,0,26-35,12,0,0,0.049406026276453435,0.04940602627645347,0,139.48
TXN001895,CUST00336,2025-04-14 15:10:43,POS Purchase,Travel,97.24,4945.87,4848.63,Yes,Web Browser,Pakistan,7.7,35,Male,99,0,0,26-35,15,0,0,0.019660848344173986,0.019660848344174028,0,483.02
TXN001896,CUST01143,2025-04-14 18:03:51,Online Purchase,Fuel,69.73,3948.81,3879.08,Yes,Mobile App,United Kingdom,5.7,38,Male,120,0,0,36-45,18,0,0,0.01765848445481044,0.017658484454810438,0,147.4
TXN001897,CUST00910,2025-04-14 22:48:11,ATM Withdrawal,Utilities,308.62,1520.01,1211.39,Yes,ATM Machine,United Kingdom,42.7,63,Female,86,0,0,56-65,22,0,0,0.20303813790698738,0.20303813790698746,0,128.47
TXN001898,CUST01495,2025-04-15 11:19:24,Online Purchase,Healthcare,93.07,9863.2,9770.13,No,POS Terminal,United Kingdom,2.2,85,Female,152,0,0,66+,11,0,0,0.009436085651715621,0.009436085651715467,0,103.71
TXN001899,CUST01638,2025-04-15 14:39:01,Wire Transfer,Electronics,28.17,1674.99,1646.82,,POS Terminal,Pakistan,4.8,30,Male,45,0,0,26-35,14,0,0,0.016818010853796184,0.016818010853796143,0,132.66
TXN001900,CUST01640,2025-04-15 19:50:29,Online Purchase,Electronics,202.03,4553.73,4351.7,No,POS Terminal,India,8.6,83,Female,151,0,0,66+,19,0,0,0.044365827574318145,0.0443658275743182,0,132.66
TXN001901,CUST00355,2025-04-15 21:16:09,POS Purchase,Fashion & Apparel,209.12,3871.85,3662.73,Yes,ATM Machine,United States,17.0,25,Male,168,0,0,18-25,21,0,0,0.0540103568061779,0.054010356806177925,0,144.15
TXN001902,CUST01654,2025-04-16 08:40:04,Wire Transfer,Entertainment,625.37,8766.01,8140.64,,Web Browser,Pakistan,20.5,42,Female,67,0,0,36-45,8,0,0,0.07134032473154832,0.07134032473154833,0,166.95
TXN001903,CUST01157,2025-04-16 09:39:19,Online Purchase,Travel,134.41,6099.53,5965.12,No,POS Terminal,United States,1.5,46,Male,178,0,0,46-55,9,0,0,0.02203612409480728,0.022036124094807305,0,483.02
TXN001904,CUST00332,2025-04-16 12:20:04,Bill Payment,Restaurants,91.43,3728.47,3637.04,,POS Terminal,United States,4.3,72,Male,47,0,0,66+,12,0,0,0.024522123015606894,0.024522123015606943,0,139.48
TXN001905,CUST01165,2025-04-16 13:52:55,ATM Withdrawal,Travel,594.92,3748.04,3153.12,Yes,POS Terminal,United Kingdom,11.8,43,Male,2,0,0,36-45,13,0,0,0.15872829532235516,0.15872829532235513,0,483.02
TXN001906,CUST01703,2025-04-16 17:11:28,ATM Withdrawal,Fashion & Apparel,61.39,1399.75,1338.36,Yes,Mobile App,India,16.2,47,Male,68,0,0,46-55,17,0,0,0.04385783175567073,0.04385783175567066,0,144.15
TXN001907,CUST00032,2025-04-16 19:21:59,Bank Transfer,Home Improvement,276.78,20081.41,19804.63,,POS Terminal,United States,1.6,25,Male,64,0,0,18-25,19,0,0,0.013782896718905636,0.013782896718905693,0,202.64
TXN001908,CUST00082,2025-04-17 03:21:46,Online Purchase,Groceries,276.13,3085.53,2809.4,Yes,Web Browser,Pakistan,4.2,29,Male,146,0,0,26-35,3,0,1,0.0894919187303316,0.08949191873033158,25,130.62
TXN001909,CUST00061,2025-04-17 05:33:05,Online Purchase,Entertainment,1298.47,6028.1,4729.63,No,Web Browser,Pakistan,28.2,18,Male,28,0,1,18-25,5,0,1,0.21540286325707939,0.21540286325707933,25,166.95
TXN001910,CUST00131,2025-04-17 06:42:33,POS Purchase,Utilities,171.82,4466.56,4294.74,Yes,Web Browser,Germany,1.7,75,Female,137,0,0,66+,6,0,0,0.03846808281988837,0.038468082819888234,0,128.47
TXN001911,CUST00670,2025-04-17 07:11:30,ATM Withdrawal,Home Improvement,115.1,3911.55,3796.45,No,Web Browser,Canada,1.3,20,Female,54,0,0,18-25,7,0,0,0.029425675243829264,0.02942567524382917,30,202.64
TXN001912,CUST00469,2025-04-17 11:21:35,Bank Transfer,Utilities,212.31,3931.61,3719.3,,Web Browser,Pakistan,0.7,71,Male,157,0,0,66+,11,0,0,0.05400077830710572,0.054000778307105736,0,128.47
TXN001913,CUST01398,2025-04-17 11:52:03,Online Purchase,Groceries,9.09,6158.0,6148.91,No,Mobile App,United Kingdom,0.9,34,Male,131,0,0,26-35,11,0,0,0.001476128613186123,0.0014761286131860993,0,130.62
TXN001914,CUST00042,2025-04-17 12:14:01,ATM Withdrawal,Healthcare,125.88,479.26,353.38,No,POS Terminal,Australia,18.6,32,Female,177,0,0,26-35,12,0,0,0.26265492634478155,0.26265492634478155,30,103.71
TXN001915,CUST00219,2025-04-17 15:27:07,Bank Transfer,Electronics,62.72,10071.66,10008.94,,Web Browser,United Kingdom,5.8,80,Male,143,0,0,66+,15,0,0,0.006227374633377154,0.006227374633377219,0,132.66
TXN001916,CUST01257,2025-04-17 22:14:18,Bill Payment,Fuel,49.54,2812.86,2763.32,,ATM Machine,United States,13.3,67,Male,168,0,0,66+,22,0,0,0.017611967890332245,0.01761196789033226,0,147.4
TXN001917,CUST01201,2025-04-17 22:58:48,POS Purchase,Groceries,155.89,12030.84,11874.95,Yes,ATM Machine,United States,5.6,85,Male,84,0,0,66+,22,0,0,0.01295753247487286,0.012957532474872909,0,130.62
TXN001918,CUST00983,2025-04-18 16:23:34,POS Purchase,Groceries,19.74,2364.45,2344.71,No,Web Browser,Canada,3.2,61,Female,143,0,0,56-65,16,0,0,0.008348664594303024,0.008348664594303114,30,130.62
TXN001919,CUST00054,2025-04-18 16:34:20,Bank Transfer,Online Services,1036.39,2799.69,1763.3,,ATM Machine,United Kingdom,233.1,27,Other,40,0,1,26-35,16,0,0,0.3701802699584597,0.3701802699584597,20,146.23
TXN001920,CUST01070,2025-04-18 17:46:51,Online Purchase,Fuel,120.35,1736.69,1616.34,Yes,Web Browser,United States,23.5,64,Female,49,0,0,56-65,17,0,0,0.06929849311045733,0.06929849311045724,0,147.4
TXN001921,CUST00271,2025-04-18 21:55:18,Bank Transfer,Electronics,57.94,12790.88,12732.94,,Web Browser,Canada,10.6,72,Female,130,0,0,66+,21,0,0,0.00452978997535734,0.004529789975357443,0,132.66
TXN001922,CUST01434,2025-04-18 23:44:44,POS Purchase,Jewelry & Luxury,116.03,1428.03,1312.0,No,Web Browser,Germany,2.8,34,Male,46,0,0,26-35,23,0,0,0.08125179443008898,0.08125179443008901,30,145.81
TXN001923,CUST01609,2025-04-19 11:56:51,Online Purchase,Fashion & Apparel,173.12,2008.23,2500.23,No,Web Browser,Pakistan,15.9,49,Male,118,1,0,46-55,11,1,0,-0.24499185850226318,0.08620526533315408,15,144.15
TXN001924,CUST00120,2025-04-19 12:29:13,POS Purchase,Utilities,44.92,267.47,222.55,Yes,Web Browser,United Kingdom,0.1,54,Male,97,0,0,46-55,12,1,0,0.1679440684936629,0.16794406849366283,0,128.47
TXN001925,CUST00198,2025-04-19 12:51:12,Bank Transfer,Groceries,67.33,4600.94,4533.61,,Mobile App,Canada,33.2,43,Male,167,0,0,36-45,12,1,0,0.014633966102579023,0.014633966102579039,0,130.62
TXN001926,CUST00162,2025-04-19 15:30:11,Online Purchase,Online Services,98.13,8169.67,8071.54,Yes,POS Terminal,Germany,1.1,77,Male,153,0,0,66+,15,1,0,0.012011501076542884,0.01201150107654287,0,146.23
TXN001927,CUST00952,2025-04-19 20:29:57,Online Purchase,Entertainment,40.27,1275.57,1235.3,Yes,POS Terminal,India,10.4,33,Male,33,0,0,26-35,20,1,0,0.0315701999890245,0.031570199989024515,0,166.95
TXN001928,CUST01570,2025-04-20 09:42:38,Online Purchase,Online Services,39.26,1439.39,1400.13,Yes,Web Browser,Australia,2.1,35,Female,120,0,0,26-35,9,1,0,0.027275443069633656,0.02727544306963366,0,146.23
TXN001929,CUST00631,2025-04-20 15:01:59,POS Purchase,Jewelry & Luxury,539.1,6833.75,6294.65,Yes,Mobile App,United States,9.2,30,Male,178,1,0,26-35,15,1,0,0.07888787269068964,0.0788878726906896,15,145.81
TXN001930,CUST01369,2025-04-20 15:22:06,Online Purchase,Fashion & Apparel,47.0,1059.28,1012.28,Yes,Web Browser,UAE,11.0,61,Female,111,0,0,56-65,15,1,0,0.044369760592100294,0.044369760592100294,0,144.15
TXN001931,CUST01054,2025-04-20 22:08:14,Bank Transfer,Online Services,109.47,6749.24,6639.77,,ATM Machine,Canada,14.6,25,Female,116,0,0,18-25,22,1,0,0.016219603985041183,0.01621960398504128,0,146.23
TXN001932,CUST01017,2025-04-21 11:28:51,ATM Withdrawal,Electronics,75.58,6884.71,6809.13,No,Mobile App,India,1.2,66,Female,62,0,0,66+,11,0,0,0.01097794968851265,0.01097794968851266,30,132.66
TXN001933,CUST01582,2025-04-21 17:10:00,Wire Transfer,Groceries,174.05,3162.67,2988.62,,POS Terminal,Pakistan,2.6,35,Female,53,0,0,26-35,17,0,0,0.055032614847581374,0.05503261484758132,0,130.62
TXN001934,CUST01081,2025-04-22 01:11:50,Online Purchase,Groceries,279.58,946.13,666.55,No,POS Terminal,United States,1.2,31,Male,24,0,0,26-35,1,0,1,0.2954985044338516,0.29549850443385156,25,130.62
TXN001935,CUST01501,2025-04-22 07:31:54,ATM Withdrawal,Fuel,16.29,6402.42,6386.13,No,Web Browser,India,16.1,68,Female,87,0,0,66+,7,0,0,0.002544350417498378,0.0025443504174983834,30,147.4
TXN001936,CUST00457,2025-04-22 12:46:04,Bill Payment,Fuel,1608.75,6202.3,4593.55,,Web Browser,Pakistan,1.8,80,Female,101,0,0,66+,12,0,0,0.259379584992664,0.259379584992664,0,147.4
TXN001937,CUST01665,2025-04-22 14:09:24,Bill Payment,Healthcare,468.0,1069.16,601.16,,POS Terminal,Pakistan,0.7,28,Male,89,0,0,26-35,14,0,0,0.43772681357327253,0.4377268135732724,0,103.71
TXN001938,CUST00033,2025-04-22 21:22:46,Online Purchase,Entertainment,39.34,3479.7,3440.36,No,Mobile App,Pakistan,15.2,22,Female,26,0,0,18-25,21,0,0,0.011305572319452738,0.011305572319452829,0,166.95
TXN001939,CUST00010,2025-04-23 04:14:07,Bank Transfer,Jewelry & Luxury,665.13,8553.08,7887.95,,Mobile App,United States,11.3,68,Female,67,0,1,66+,4,0,1,0.07776496887670875,0.07776496887670874,25,145.81
TXN001940,CUST00940,2025-04-23 12:37:38,POS Purchase,Travel,140.15,7394.31,7254.16,Yes,POS Terminal,United States,4.6,18,Male,99,0,0,18-25,12,0,0,0.018953763096218653,0.01895376309621858,0,483.02
TXN001941,CUST00368,2025-04-23 14:21:32,Online Purchase,Fuel,106.8,10622.38,10515.58,No,Mobile App,United Kingdom,10.4,57,Female,173,0,0,56-65,14,0,0,0.010054243964158624,0.010054243964158691,0,147.4
TXN001942,CUST00043,2025-04-24 05:35:08,Online Purchase,Entertainment,864.95,23909.54,24164.54,No,Web Browser,India,455.0,20,Male,84,1,1,18-25,5,0,1,-0.010665198912233359,0.03617593646720096,60,166.95
TXN001943,CUST00687,2025-04-24 10:01:00,POS Purchase,Fashion & Apparel,15.36,2356.17,2340.81,Yes,POS Terminal,Australia,3.8,83,Female,117,0,0,66+,10,0,0,0.006519054227835906,0.006519054227835852,0,144.15
TXN001944,CUST00229,2025-04-24 19:51:12,POS Purchase,Utilities,1614.91,1397.47,1853.47,Yes,Web Browser,United Kingdom,33.0,30,Male,79,0,0,26-35,19,0,0,-0.3263039635913472,1.1555954689546108,10,128.47
TXN001945,CUST00558,2025-04-24 20:50:06,Online Purchase,Online Services,167.38,4041.17,3873.79,Yes,POS Terminal,India,0.1,31,Female,73,0,0,26-35,20,0,0,0.041418698050317136,0.04141869805031711,0,146.23
TXN001946,CUST00891,2025-04-25 11:52:56,Online Purchase,Online Services,312.23,5607.2,5294.97,Yes,POS Terminal,Germany,8.1,78,Female,6,0,0,66+,11,0,0,0.05568376373234405,0.055683763732344134,0,146.23
TXN001947,CUST01395,2025-04-25 14:03:14,Bill Payment,Entertainment,18.65,5122.36,5103.71,,Web Browser,Pakistan,8.7,47,Female,142,0,0,46-55,14,0,0,0.0036408998977033313,0.0036408998977034025,0,166.95
TXN001948,CUST00893,2025-04-25 19:38:54,Online Purchase,Fuel,204.66,8703.4,8498.74,Yes,POS Terminal,India,14.5,28,Female,164,0,0,26-35,19,0,0,0.023514948181170562,0.02351494818117058,0,147.4
TXN001949,CUST00238,2025-04-26 14:24:21,Online Purchase,Fuel,53.9,4777.5,4781.5,Yes,POS Terminal,United Kingdom,35.4,78,Female,91,0,0,66+,14,1,0,-0.000837257980115123,0.011282051282051281,0,147.4
TXN001950,CUST01521,2025-04-26 18:22:50,POS Purchase,Jewelry & Luxury,11.29,11460.23,11448.94,No,Mobile App,United States,1.4,64,Male,53,0,0,56-65,18,1,0,0.0009851460223746866,0.000985146022374769,30,145.81
TXN001951,CUST00232,2025-04-26 19:11:13,Bill Payment,Electronics,34.03,10287.06,10253.03,,POS Terminal,United States,3.9,38,Female,47,0,0,36-45,19,1,0,0.0033080394203979404,0.0033080394203980536,0,132.66
TXN001952,CUST00935,2025-04-26 20:08:54,ATM Withdrawal,Restaurants,241.44,8507.51,8266.07,Yes,Mobile App,United Kingdom,20.9,67,Female,24,0,0,66+,20,1,0,0.028379631643101273,0.028379631643101214,0,139.48
TXN001953,CUST01340,2025-04-27 08:37:31,ATM Withdrawal,Groceries,337.03,1116.69,779.66,No,ATM Machine,Canada,3.4,63,Female,111,0,0,56-65,8,1,0,0.3018116039366342,0.30181160393663414,30,130.62
TXN001954,CUST00260,2025-04-27 10:06:09,Online Purchase,Fashion & Apparel,56.83,4623.64,4566.81,Yes,ATM Machine,Canada,4.9,25,Male,116,0,0,18-25,10,1,0,0.012291181839416547,0.012291181839416562,0,144.15
TXN001955,CUST00294,2025-04-27 15:31:38,Bank Transfer,Healthcare,89.26,7818.29,7729.03,,ATM Machine,UAE,5.4,68,Male,51,0,0,66+,15,1,0,0.011416818767275225,0.011416818767275197,0,103.71
TXN001956,CUST00590,2025-04-28 14:25:24,Bill Payment,Groceries,91.22,1921.53,1830.31,,Mobile App,United Kingdom,11.2,33,Female,42,0,0,26-35,14,0,0,0.04747258694894174,0.04747258694894173,0,130.62
TXN001957,CUST00029,2025-04-28 15:05:22,Bank Transfer,Electronics,286.66,2253.38,1966.72,,Web Browser,Pakistan,15.8,36,Female,119,0,0,36-45,15,0,0,0.12721334173552623,0.1272133417355262,0,132.66
TXN001958,CUST00033,2025-04-28 22:51:28,Online Purchase,Jewelry & Luxury,270.31,659.58,389.27,No,Web Browser,Pakistan,31.8,29,Male,33,1,1,26-35,22,0,0,0.409821401497923,0.4098214014979229,15,145.81
TXN001959,CUST00398,2025-04-29 00:40:20,Bill Payment,Restaurants,137.27,12602.03,12464.76,,POS Terminal,UAE,29.1,56,Male,160,0,0,56-65,0,0,1,0.01089268951113435,0.010892689511134318,25,139.48
TXN001960,CUST00297,2025-04-29 01:46:05,Online Purchase,Healthcare,75.79,5821.77,5892.77,No,POS Terminal,United States,4.1,23,Female,120,0,0,18-25,1,0,1,-0.012195603742504427,0.013018377572456486,25,103.71
TXN001961,CUST00043,2025-04-29 01:50:53,Bank Transfer,Fashion & Apparel,700.33,2902.93,2202.6,,Web Browser,United States,139.7,59,Female,110,1,1,56-65,1,0,1,0.241249358406851,0.24124935840685105,60,144.15
TXN001962,CUST00334,2025-04-29 12:20:38,Online Purchase,Online Services,172.46,4265.99,4093.53,Yes,ATM Machine,Canada,5.8,56,Male,44,0,0,56-65,12,0,0,0.040426723925747504,0.0404267239257476,0,146.23
TXN001963,CUST00669,2025-04-29 14:11:00,ATM Withdrawal,Fuel,159.01,7261.7,7102.69,No,Mobile App,United Kingdom,13.3,41,Female,36,0,0,36-45,14,0,0,0.02189707644215545,0.021897076442155418,30,147.4
TXN001964,CUST01337,2025-04-29 16:46:38,Online Purchase,Online Services,295.31,3609.81,3314.5,Yes,Mobile App,UAE,11.0,55,Female,113,0,0,46-55,16,0,0,0.08180762976444743,0.08180762976444744,0,146.23
TXN001965,CUST00194,2025-04-29 19:33:04,Online Purchase,Fuel,142.36,48141.12,47998.76,Yes,Web Browser,India,30.6,80,Female,155,0,0,66+,19,0,0,0.0029571393436629762,0.0029571393436629645,0,147.4
TXN001966,CUST01186,2025-04-30 09:10:59,POS Purchase,Healthcare,95.18,5461.72,5511.72,No,Web Browser,Canada,6.5,28,Female,145,0,0,26-35,9,0,0,-0.00915462528287792,0.01742674468848641,30,103.71
TXN001967,CUST00783,2025-04-30 10:37:12,ATM Withdrawal,Electronics,1148.77,3774.01,2625.24,No,Web Browser,Germany,9.9,69,Male,36,0,0,66+,10,0,0,0.3043897604934805,0.3043897604934804,30,132.66
TXN001968,CUST00320,2025-04-30 12:33:55,POS Purchase,Entertainment,218.61,3199.26,2980.65,Yes,Web Browser,United States,3.6,44,Female,4,0,0,36-45,12,0,0,0.0683314266424111,0.06833142664241106,0,166.95
TXN001969,CUST01415,2025-04-30 13:15:28,Online Purchase,Healthcare,74.73,31853.96,31779.23,Yes,POS Terminal,India,9.6,68,Female,21,0,0,66+,13,0,0,0.002346019144872398,0.0023460191448724118,0,103.71
TXN001970,CUST00994,2025-04-30 17:55:20,POS Purchase,Utilities,159.7,5379.48,5219.78,Yes,ATM Machine,United Kingdom,78.8,57,Male,28,0,0,56-65,17,0,0,0.029686884234163866,0.029686884234163897,0,128.47
TXN001971,CUST00321,2025-04-30 18:30:20,POS Purchase,Groceries,100.83,1074.5,973.67,Yes,Web Browser,Germany,13.1,66,Female,106,0,0,66+,18,0,0,0.09383899488134019,0.09383899488134016,0,130.62
TXN001972,CUST01078,2025-04-30 19:46:15,Bank Transfer,Utilities,192.57,6609.44,6416.87,,Mobile App,UAE,14.3,42,Female,131,0,0,36-45,19,0,0,0.029135599990316837,0.029135599990316882,0,128.47
TXN001973,CUST00271,2025-04-30 20:29:14,Bill Payment,Electronics,40.98,3179.35,3138.37,,Mobile App,United Kingdom,11.8,61,Female,161,0,0,56-65,20,0,0,0.012889427084152427,0.012889427084152421,0,132.66
TXN001974,CUST01702,2025-05-01 05:35:51,Bill Payment,Online Services,986.49,920.53,-65.96,,Web Browser,Canada,1.4,72,Male,103,0,0,66+,5,0,1,1.0,1.071654373024236,35,146.23
TXN001975,CUST00110,2025-05-01 19:21:10,ATM Withdrawal,Healthcare,210.09,5357.38,5147.29,No,POS Terminal,United Kingdom,4.1,62,Male,24,0,0,56-65,19,0,0,0.039215064079830095,0.03921506407983007,30,103.71
TXN001976,CUST00087,2025-05-02 14:15:26,Online Purchase,Electronics,312.02,8690.35,8938.35,No,Mobile App,United States,1.6,52,Male,161,0,0,46-55,14,0,0,-0.02853740068006467,0.03590419258142652,0,132.66
TXN001977,CUST00689,2025-05-02 21:28:03,POS Purchase,Entertainment,240.28,5493.8,5253.52,No,Mobile App,United Kingdom,7.2,65,Other,55,0,0,56-65,21,0,0,0.04373657577632963,0.04373657577632968,30,166.95
TXN001978,CUST00053,2025-05-03 01:20:13,POS Purchase,Jewelry & Luxury,446.52,2963.6,3127.6,No,Web Browser,United States,403.8,29,Male,6,0,1,26-35,1,1,1,-0.05533810230800378,0.1506681063571332,75,145.81
TXN001979,CUST00822,2025-05-03 09:22:35,Bank Transfer,Utilities,386.63,4642.95,4256.32,,Web Browser,Australia,3.6,23,Female,70,0,0,18-25,9,1,0,0.08327248839638594,0.08327248839638592,0,128.47
TXN001980,CUST00468,2025-05-03 11:51:49,ATM Withdrawal,Groceries,123.38,2539.31,2415.93,No,POS Terminal,Germany,39.6,77,Female,136,0,0,66+,11,1,0,0.04858800225258047,0.04858800225258043,30,130.62
TXN001981,CUST00984,2025-05-03 14:23:14,ATM Withdrawal,Utilities,173.24,6077.51,5904.27,No,Mobile App,United States,12.8,49,Male,71,0,0,46-55,14,1,0,0.02850509501424099,0.02850509501424103,30,128.47
TXN001982,CUST01276,2025-05-04 08:43:28,POS Purchase,Restaurants,65.18,2828.49,2763.31,Yes,Web Browser,United Kingdom,1.4,85,Male,134,0,0,66+,8,1,0,0.023044097734126634,0.023044097734126693,0,139.48
TXN001983,CUST00939,2025-05-04 14:29:31,ATM Withdrawal,Groceries,158.67,7453.14,7294.47,Yes,POS Terminal,Canada,30.1,28,Female,145,0,0,26-35,14,1,0,0.021289013757959743,0.02128901375795973,0,130.62
TXN001984,CUST00921,2025-05-04 17:13:27,Bank Transfer,Travel,109.19,7426.79,7317.6,,Web Browser,United States,11.9,31,Female,158,0,0,26-35,17,1,0,0.014702179541901629,0.014702179541901682,0,483.02
TXN001985,CUST00662,2025-05-04 18:51:51,Online Purchase,Travel,82.42,3069.54,2987.12,No,Mobile App,United States,6.4,29,Female,138,0,0,26-35,18,1,0,0.026850928803664416,0.026850928803664395,0,483.02
TXN001986,CUST01307,2025-05-04 20:12:03,POS Purchase,Groceries,29.01,1928.92,1899.91,No,Web Browser,India,16.9,63,Male,161,0,0,56-65,20,1,0,0.015039503971134101,0.015039503971134106,30,130.62
TXN001987,CUST00038,2025-05-05 00:31:31,Wire Transfer,Utilities,1273.79,4557.02,3283.23,,Web Browser,UAE,346.6,36,Female,89,0,1,36-45,0,0,1,0.2795225827404752,0.2795225827404751,45,128.47
TXN001988,CUST00520,2025-05-05 18:42:28,POS Purchase,Groceries,94.56,5786.57,5692.01,Yes,Mobile App,United Kingdom,5.0,44,Female,69,0,0,36-45,18,0,0,0.016341286807210403,0.01634128680721049,0,130.62
TXN001989,CUST01052,2025-05-05 21:14:17,POS Purchase,Entertainment,733.92,6270.61,5536.69,No,Mobile App,United Kingdom,4.0,73,Female,136,1,0,66+,21,0,0,0.11704124479117663,0.11704124479117661,45,166.95
TXN001990,CUST01707,2025-05-06 11:13:46,Online Purchase,Healthcare,123.91,2853.87,2729.96,No,Mobile App,UAE,1.2,64,Male,47,0,0,56-65,11,0,0,0.043418235588866996,0.043418235588867045,0,103.71
TXN001991,CUST00375,2025-05-07 13:11:26,Wire Transfer,Groceries,173.13,2881.89,2708.76,,Web Browser,United States,3.1,58,Male,172,0,0,56-65,13,0,0,0.06007515901023275,0.060075159010232866,0,130.62
TXN001992,CUST00550,2025-05-07 16:35:37,POS Purchase,Groceries,121.48,11751.79,11630.31,Yes,Web Browser,Australia,56.3,64,Other,174,0,0,56-65,16,0,0,0.01033714863863304,0.010337148638632923,0,130.62
TXN001993,CUST00939,2025-05-08 06:12:18,Bill Payment,Utilities,180.8,7689.27,7508.47,,Web Browser,United Kingdom,39.5,77,Female,57,0,0,66+,6,0,0,0.02351328539640306,0.02351328539640304,0,128.47
TXN001994,CUST00748,2025-05-08 06:28:26,Wire Transfer,Electronics,136.08,2042.79,1906.71,,ATM Machine,UAE,1.9,24,Male,42,0,0,18-25,6,0,0,0.066614776849309,0.06661477684930904,0,132.66
TXN001995,CUST01067,2025-05-08 08:37:37,Online Purchase,Utilities,304.9,2664.47,2889.47,No,POS Terminal,UAE,1.0,65,Male,178,0,0,56-65,8,0,0,-0.08444456120729452,0.1144317631649071,0,128.47
TXN001996,CUST00003,2025-05-08 11:20:28,Bill Payment,Healthcare,138.5,4211.49,4072.99,,Mobile App,United States,20.9,22,Female,25,0,0,18-25,11,0,0,0.03288622316567296,0.03288622316567296,0,103.71
TXN001997,CUST01459,2025-05-08 11:59:00,ATM Withdrawal,Groceries,105.29,3761.35,3656.06,Yes,Web Browser,Pakistan,18.3,61,Other,88,0,0,56-65,11,0,0,0.027992609036649067,0.027992609036649078,0,130.62
TXN001998,CUST00336,2025-05-08 17:33:42,Wire Transfer,Groceries,994.01,1379.03,385.02,,ATM Machine,United Kingdom,10.0,38,Female,165,0,0,36-45,17,0,0,0.7208037533628711,0.7208037533628711,10,130.62
TXN001999,CUST00059,2025-05-08 18:54:53,POS Purchase,Groceries,115.46,2095.12,2430.12,No,Web Browser,United States,9.2,22,Female,49,0,0,18-25,18,0,0,-0.1598953759211883,0.05510901523540418,30,130.62
TXN002000,CUST01203,2025-05-09 08:36:09,ATM Withdrawal,Entertainment,73.74,9163.61,9089.87,No,ATM Machine,United Kingdom,8.6,27,Female,153,1,0,26-35,8,0,0,0.00804704696075016,0.008047046960750183,45,166.95
TXN002001,CUST00826,2025-05-09 09:20:41,Online Purchase,Healthcare,137.78,8639.38,8501.6,Yes,Mobile App,United States,2.4,78,Male,121,0,0,66+,9,0,0,0.015947903669013153,0.01594790366901329,0,103.71
TXN002002,CUST00434,2025-05-09 15:36:06,Bill Payment,Restaurants,78.97,18556.13,18477.16,,Mobile App,Pakistan,3.7,22,Male,2,0,0,18-25,15,0,0,0.004255736514025347,0.004255736514025284,0,139.48
TXN002003,CUST01121,2025-05-09 16:03:17,Online Purchase,Fashion & Apparel,335.29,5205.06,4869.77,No,Web Browser,United Kingdom,3.9,52,Female,125,0,0,46-55,16,0,0,0.06441616427092098,0.06441616427092099,0,144.15
TXN002004,CUST01282,2025-05-09 16:55:36,Online Purchase,Fashion & Apparel,94.67,2133.99,2039.32,Yes,Mobile App,Canada,16.2,25,Female,31,0,0,18-25,16,0,0,0.044362907042675856,0.04436290704267593,0,144.15
TXN002005,CUST01073,2025-05-09 17:59:38,Online Purchase,Fuel,12.03,6414.02,6401.99,No,Web Browser,Canada,12.9,52,Female,54,0,0,46-55,17,0,0,0.0018755788101690756,0.0018755788101689733,0,147.4
TXN002006,CUST00438,2025-05-10 16:31:51,Bank Transfer,Electronics,89.5,3828.8,3739.3,,Web Browser,United Kingdom,1.3,36,Female,117,0,0,36-45,16,1,0,0.023375470121186792,0.023375470121186792,0,132.66
TXN002007,CUST00839,2025-05-10 18:05:44,Online Purchase,Groceries,172.49,4537.91,4365.42,Yes,Mobile App,Canada,4.7,51,Female,58,0,0,46-55,18,1,0,0.03801089047601204,0.03801089047601209,0,130.62
TXN002008,CUST01679,2025-05-10 21:05:15,ATM Withdrawal,Online Services,168.24,1303.88,1135.64,Yes,Mobile App,United States,5.1,47,Male,171,0,0,46-55,21,1,0,0.12903027886001778,0.12903027886001778,0,146.23
TXN002009,CUST01298,2025-05-11 10:02:08,Online Purchase,Travel,130.06,1895.69,1765.63,Yes,Web Browser,Pakistan,6.6,47,Female,107,0,0,46-55,10,1,0,0.0686082640094108,0.06860826400941082,0,483.02
TXN002010,CUST00118,2025-05-11 12:54:51,ATM Withdrawal,Entertainment,99.85,5268.2,5168.35,No,POS Terminal,UAE,10.2,66,Female,18,0,0,66+,12,1,0,0.018953342697695504,0.018953342697695608,30,166.95
TXN002011,CUST01549,2025-05-12 10:49:22,POS Purchase,Entertainment,160.06,1838.31,1678.25,Yes,Web Browser,Australia,5.9,71,Female,19,0,0,66+,10,0,0,0.08706910151171454,0.08706910151171457,0,166.95
TXN002012,CUST00828,2025-05-12 17:19:46,POS Purchase,Fashion & Apparel,19.75,7316.22,7728.22,No,Mobile App,United States,1.9,75,Male,129,0,0,66+,17,0,0,-0.05631323278960993,0.0026994814262009618,30,144.15
TXN002013,CUST00252,2025-05-13 00:37:35,ATM Withdrawal,Restaurants,149.59,4016.9,3867.31,No,Mobile App,Canada,8.5,27,Female,112,0,0,26-35,0,0,1,0.0372401603226369,0.037240160322636856,55,139.48
TXN002014,CUST00024,2025-05-13 09:58:17,Bank Transfer,Utilities,950.75,1157.57,206.82,,Web Browser,United States,0.3,57,Female,24,0,0,56-65,9,0,0,0.8213326191936557,0.8213326191936557,10,128.47
TXN002015,CUST01406,2025-05-13 12:12:28,Wire Transfer,Fashion & Apparel,107.82,970.86,863.04,,POS Terminal,Canada,0.0,73,Male,73,0,0,66+,12,0,0,0.11105617699771342,0.11105617699771336,0,144.15
TXN002016,CUST00536,2025-05-13 19:55:09,ATM Withdrawal,Restaurants,419.62,4386.22,3966.6,No,Web Browser,United Kingdom,29.5,30,Female,168,0,0,26-35,19,0,0,0.09566779596098698,0.0956677959609869,30,139.48
TXN002017,CUST00823,2025-05-14 06:57:15,Bank Transfer,Groceries,44.12,3350.45,3306.33,,Web Browser,UAE,30.2,54,Male,57,0,0,46-55,6,0,0,0.013168380366816366,0.013168380366816397,0,130.62
TXN002018,CUST00798,2025-05-14 07:24:29,Bill Payment,Healthcare,221.65,6734.96,6513.31,,Mobile App,UAE,0.9,56,Male,113,0,0,56-65,7,0,0,0.032910366208559465,0.03291036620855952,0,103.71
TXN002019,CUST00517,2025-05-14 10:45:57,POS Purchase,Electronics,117.69,2484.04,2366.35,No,POS Terminal,United Kingdom,2.2,48,Male,151,0,0,46-55,10,0,0,0.047378464114909605,0.047378464114909584,30,132.66
TXN002020,CUST00890,2025-05-14 11:30:00,Online Purchase,Utilities,185.41,5562.31,5376.9,No,Mobile App,India,2.4,68,Male,14,0,0,66+,11,0,0,0.03333327340619289,0.03333327340619275,0,128.47
TXN002021,CUST00767,2025-05-14 13:16:42,POS Purchase,Utilities,27.88,3749.3,3887.3,No,POS Terminal,Pakistan,6.7,33,Male,114,0,0,26-35,13,0,0,-0.03680687061584829,0.007436054730216307,30,128.47
TXN002022,CUST00617,2025-05-14 16:02:32,Bank Transfer,Online Services,83.18,2093.17,2009.99,,Mobile App,Canada,13.8,39,Female,168,0,0,36-45,16,0,0,0.03973876942627692,0.039738769426276896,0,146.23
TXN002023,CUST01550,2025-05-14 17:25:18,POS Purchase,Entertainment,67.71,5967.74,6308.74,Yes,ATM Machine,United States,19.5,43,Male,144,0,0,36-45,17,0,0,-0.057140559072613756,0.011346003679784977,0,166.95
TXN002024,CUST01031,2025-05-15 12:11:02,ATM Withdrawal,Electronics,147.68,6896.83,6749.15,No,ATM Machine,United Kingdom,5.8,40,Male,91,0,0,36-45,12,0,0,0.0214127359961026,0.021412735996102557,30,132.66
TXN002025,CUST00842,2025-05-15 16:16:51,Online Purchase,Entertainment,167.29,9105.43,8938.14,Yes,Mobile App,UAE,13.5,75,Male,87,0,0,66+,16,0,0,0.01837255352026218,0.018372553520262083,0,166.95
TXN002026,CUST00017,2025-05-15 19:34:32,ATM Withdrawal,Groceries,665.54,10737.68,10072.14,No,Web Browser,United Kingdom,85.9,83,Female,17,1,1,66+,19,0,0,0.061981731621728424,0.06198173162172834,45,130.62
TXN002027,CUST00720,2025-05-16 09:00:35,ATM Withdrawal,Electronics,301.52,3077.03,2775.51,Yes,ATM Machine,United States,17.3,32,Female,64,0,0,26-35,9,0,0,0.09799059482682976,0.09799059482682976,0,132.66
TXN002028,CUST01066,2025-05-16 10:17:29,Online Purchase,Fashion & Apparel,51.92,4901.35,4849.43,No,POS Terminal,UAE,3.2,49,Male,162,0,0,46-55,10,0,0,0.010592999887786033,0.010592999887786017,0,144.15
TXN002029,CUST00673,2025-05-16 12:16:31,POS Purchase,Fuel,182.62,1414.07,1231.45,Yes,Mobile App,United States,1.5,82,Male,23,0,0,66+,12,0,0,0.12914495039142326,0.12914495039142335,0,147.4
TXN002030,CUST00560,2025-05-16 14:55:24,Bill Payment,Electronics,133.61,13853.63,13720.02,,Web Browser,United Kingdom,6.7,20,Male,141,0,0,18-25,14,0,0,0.009644403668930004,0.009644403668930095,0,132.66
TXN002031,CUST00200,2025-05-16 19:22:44,POS Purchase,Healthcare,364.94,1625.6,1260.66,Yes,Web Browser,Pakistan,9.3,50,Female,170,0,0,46-55,19,0,0,0.22449557086614164,0.22449557086614175,0,103.71
TXN002032,CUST01474,2025-05-17 08:25:58,Online Purchase,Groceries,18.96,7205.16,7186.2,No,Web Browser,United Kingdom,5.6,64,Female,106,0,0,56-65,8,1,0,0.0026314474626517714,0.0026314474626517666,0,130.62
TXN002033,CUST00066,2025-05-17 14:14:05,Bill Payment,Fuel,145.8,560.62,414.82,,POS Terminal,United Kingdom,10.6,33,Female,59,0,0,26-35,14,1,0,0.26006920908993614,0.26006920908993614,0,147.4
TXN002034,CUST00925,2025-05-17 20:03:49,ATM Withdrawal,Restaurants,233.25,5162.41,4929.16,Yes,Web Browser,United States,0.4,71,Female,9,0,0,66+,20,1,0,0.04518238574619219,0.04518238574619219,0,139.48
TXN002035,CUST01661,2025-05-17 23:27:39,POS Purchase,Online Services,385.37,16786.07,16941.07,No,Mobile App,Germany,5.1,20,Male,19,0,0,18-25,23,1,0,-0.009233846874223687,0.02295772625754569,30,146.23
TXN002036,CUST01418,2025-05-18 12:46:13,POS Purchase,Fashion & Apparel,121.0,10682.11,10561.11,No,Mobile App,Canada,2.5,36,Female,56,0,0,36-45,12,1,0,0.01132735012090308,0.01132735012090308,30,144.15
TXN002037,CUST00456,2025-05-18 12:55:29,Online Purchase,Restaurants,102.58,4362.56,4259.98,Yes,POS Terminal,United States,0.4,74,Male,123,0,0,66+,12,1,0,0.023513716716790332,0.023513716716790138,0,139.48
TXN002038,CUST00101,2025-05-18 13:03:23,Bank Transfer,Home Improvement,136.62,2161.87,2025.25,,Mobile App,Canada,5.5,39,Female,147,0,0,36-45,13,1,0,0.06319528926346168,0.06319528926346173,0,202.64
TXN002039,CUST00671,2025-05-18 23:20:42,Wire Transfer,Restaurants,202.63,8161.82,7959.19,,Mobile App,UAE,11.2,34,Female,130,0,0,26-35,23,1,0,0.024826570544314884,0.02482657054431487,0,139.48
TXN002040,CUST00105,2025-05-19 15:11:22,POS Purchase,Online Services,130.04,8369.45,8239.41,No,POS Terminal,United Kingdom,11.3,36,Male,95,0,0,36-45,15,0,0,0.015537460645562237,0.015537460645562131,30,146.23
TXN002041,CUST00010,2025-05-19 18:06:49,Online Purchase,Restaurants,251.57,6324.06,6558.06,No,POS Terminal,Canada,21.4,33,Male,67,0,0,26-35,18,0,0,-0.03700154647489113,0.039779824985847693,0,139.48
TXN002042,CUST01101,2025-05-19 19:16:05,POS Purchase,Fashion & Apparel,367.12,1388.08,1020.96,Yes,Mobile App,United Kingdom,8.1,47,Female,158,0,0,46-55,19,0,0,0.2644804334044147,0.26448043340441474,0,144.15
TXN002043,CUST00015,2025-05-20 03:55:26,POS Purchase,Utilities,603.99,3021.9,3131.9,Yes,ATM Machine,United States,121.6,83,Male,85,0,1,66+,3,0,1,-0.036400939806082264,0.1998709421225057,45,128.47
TXN002044,CUST01629,2025-05-20 15:21:44,POS Purchase,Utilities,312.14,1326.76,1014.62,No,Web Browser,United Kingdom,18.4,64,Female,98,0,0,56-65,15,0,0,0.23526485573879224,0.23526485573879224,30,128.47
TXN002045,CUST00192,2025-05-20 19:42:18,Bank Transfer,Groceries,106.93,3560.33,3453.4,,POS Terminal,Germany,7.7,63,Female,4,0,0,56-65,19,0,0,0.03003373282813667,0.03003373282813672,0,130.62
TXN002046,CUST00697,2025-05-20 19:46:12,ATM Withdrawal,Groceries,75.0,3217.62,3142.62,Yes,Mobile App,United Kingdom,1.2,77,Female,53,0,0,66+,19,0,0,0.02330915397094747,0.02330915397094747,0,130.62
TXN002047,CUST00668,2025-05-21 11:30:44,ATM Withdrawal,Travel,33.48,34476.7,34443.22,No,Web Browser,United Kingdom,17.4,25,Male,1,0,0,18-25,11,0,0,0.0009710906206219252,0.0009710906206220433,30,483.02
TXN002048,CUST00130,2025-05-21 11:56:38,Online Purchase,Electronics,55.53,23315.22,23259.69,No,Web Browser,United States,9.5,62,Male,17,0,0,56-65,11,0,0,0.0023817060272218094,0.002381706027221703,0,132.66
TXN002049,CUST00610,2025-05-21 14:46:28,Online Purchase,Fuel,75.49,2429.6,2354.11,No,POS Terminal,United Kingdom,0.4,34,Female,132,0,0,26-35,14,0,0,0.03107095818241677,0.03107095818241686,0,147.4
TXN002050,CUST00169,2025-05-21 17:43:03,POS Purchase,Electronics,145.21,3001.46,2856.25,No,Mobile App,UAE,4.8,53,Male,98,0,0,46-55,17,0,0,0.04837978850292859,0.048379788502928574,30,132.66
TXN002051,CUST01174,2025-05-21 17:59:05,Bank Transfer,Fuel,138.51,10041.51,9903.0,,Mobile App,Pakistan,3.1,79,Female,159,0,0,66+,17,0,0,0.013793742176226505,0.013793742176226483,0,147.4
TXN002052,CUST01019,2025-05-22 07:12:29,Online Purchase,Utilities,342.81,5957.73,5614.92,Yes,POS Terminal,United Kingdom,25.6,82,Male,124,0,0,66+,7,0,0,0.05754037192017757,0.057540371920177656,0,128.47
TXN002053,CUST00586,2025-05-22 11:05:31,Online Purchase,Online Services,98.49,2397.72,2835.72,No,POS Terminal,United States,7.0,25,Male,52,0,0,18-25,11,0,0,-0.18267353986286974,0.041076522696561736,0,146.23
TXN002054,CUST01668,2025-05-22 16:01:22,ATM Withdrawal,Electronics,124.08,6767.79,6643.71,No,Mobile App,UAE,4.2,37,Female,147,0,0,36-45,16,0,0,0.01833390220441236,0.01833390220441237,30,132.66
TXN002055,CUST01594,2025-05-22 16:04:17,POS Purchase,Travel,117.59,2729.25,2611.66,Yes,POS Terminal,Germany,23.1,53,Male,44,0,0,46-55,16,0,0,0.04308509663827064,0.043085096638270586,0,483.02
TXN002056,CUST00499,2025-05-22 17:02:46,ATM Withdrawal,Fashion & Apparel,114.73,2716.61,2601.88,Yes,Mobile App,United States,36.5,37,Male,11,0,0,36-45,17,0,0,0.04223278276970195,0.042232782769701945,0,144.15
TXN002057,CUST01162,2025-05-22 17:43:02,POS Purchase,Online Services,236.61,2308.09,2071.48,Yes,ATM Machine,United Kingdom,16.3,59,Female,57,0,0,56-65,17,0,0,0.10251333353552076,0.10251333353552071,0,146.23
TXN002058,CUST00093,2025-05-22 23:32:32,Online Purchase,Fashion & Apparel,550.5,2077.59,1527.09,Yes,Mobile App,United Kingdom,2.3,31,Male,71,0,0,26-35,23,0,0,0.2649704705933318,0.2649704705933317,0,144.15
TXN002059,CUST00339,2025-05-23 11:26:37,Bank Transfer,Electronics,214.2,1443.04,1228.84,,Web Browser,Canada,2.0,71,Male,149,0,0,66+,11,0,0,0.14843663377314562,0.1484366337731456,0,132.66
TXN002060,CUST01620,2025-05-23 13:01:35,POS Purchase,Electronics,468.59,2653.9,2185.31,Yes,Web Browser,Canada,9.1,59,Female,9,0,0,56-65,13,0,0,0.17656656241757418,0.17656656241757412,0,132.66
TXN002061,CUST01162,2025-05-23 17:54:21,POS Purchase,Groceries,118.21,6751.89,6633.68,Yes,Mobile App,United Kingdom,3.5,55,Female,15,0,0,46-55,17,0,0,0.017507690439269603,0.017507690439269596,0,130.62
TXN002062,CUST00609,2025-05-23 20:54:26,ATM Withdrawal,Groceries,39.58,27644.96,27605.38,Yes,Mobile App,United Kingdom,22.7,78,Female,71,0,0,66+,20,0,0,0.0014317257105815348,0.0014317257105816033,0,130.62
TXN002063,CUST00036,2025-05-24 00:19:11,Online Purchase,Restaurants,599.68,3910.58,4216.58,No,Web Browser,India,11.1,62,Female,31,0,1,56-65,0,1,1,-0.07824926225777251,0.15334809670176802,25,139.48
TXN002064,CUST00569,2025-05-24 12:06:33,ATM Withdrawal,Jewelry & Luxury,143.84,4496.8,4352.96,Yes,POS Terminal,United Kingdom,14.3,64,Male,77,0,0,56-65,12,1,0,0.03198719089130051,0.03198719089130048,0,145.81
TXN002065,CUST00006,2025-05-24 17:54:21,Bank Transfer,Fuel,206.01,1400.99,1194.98,,Web Browser,Australia,1.7,63,Female,112,0,0,56-65,17,1,0,0.1470460174590825,0.1470460174590825,0,147.4
TXN002066,CUST00242,2025-05-25 06:31:45,Online Purchase,Electronics,275.63,7674.11,7398.48,Yes,Mobile App,United States,7.5,49,Male,45,0,0,46-55,6,1,0,0.03591686853589538,0.03591686853589537,0,132.66
TXN002067,CUST01615,2025-05-25 10:08:26,POS Purchase,Fuel,116.53,2319.81,2203.28,No,Mobile App,Canada,18.2,43,Female,23,0,0,36-45,10,1,0,0.05023256214948627,0.05023256214948638,30,147.4
TXN002068,CUST00603,2025-05-25 21:52:58,ATM Withdrawal,Online Services,52.02,5883.55,5831.53,No,Web Browser,Germany,44.7,83,Male,8,0,0,66+,21,1,0,0.008841600734250653,0.00884160073425058,30,146.23
TXN002069,CUST00567,2025-05-26 02:09:21,Bill Payment,Groceries,154.21,5843.15,5688.94,,ATM Machine,United Kingdom,2.2,53,Male,41,0,0,46-55,2,0,1,0.026391586729760497,0.026391586729760493,25,130.62
TXN002070,CUST00622,2025-05-26 10:14:53,ATM Withdrawal,Home Improvement,537.35,6527.39,5990.04,Yes,POS Terminal,Pakistan,1.3,78,Female,7,0,0,66+,10,0,0,0.08232233710564259,0.08232233710564253,0,202.64
TXN002071,CUST00070,2025-05-26 11:15:25,Online Purchase,Utilities,126.04,3153.88,3027.84,Yes,POS Terminal,Pakistan,9.1,76,Male,48,0,0,66+,11,0,0,0.03996347356272273,0.03996347356272274,0,128.47
TXN002072,CUST01431,2025-05-26 13:36:41,POS Purchase,Groceries,374.04,3175.02,2800.98,No,Mobile App,Germany,1.4,23,Female,115,0,0,18-25,13,0,0,0.11780713192357842,0.11780713192357845,30,130.62
TXN002073,CUST01717,2025-05-26 14:03:37,POS Purchase,Entertainment,162.98,3826.91,3663.93,Yes,POS Terminal,India,4.7,24,Male,151,0,0,18-25,14,0,0,0.042587884219905885,0.04258788421990588,0,166.95
TXN002074,CUST00587,2025-05-26 14:49:52,Online Purchase,Utilities,192.86,1339.52,1146.66,No,Web Browser,United States,16.9,68,Female,22,0,0,66+,14,0,0,0.14397694696607732,0.1439769469660774,0,128.47
TXN002075,CUST00760,2025-05-26 15:36:57,Bank Transfer,Travel,68.16,14963.0,14894.84,,POS Terminal,United Kingdom,3.7,42,Female,166,0,0,36-45,15,0,0,0.004555236249415215,0.004555236249415224,0,483.02
TXN002076,CUST00643,2025-05-27 13:06:57,POS Purchase,Fuel,245.97,14707.31,14777.31,Yes,ATM Machine,United Kingdom,0.1,50,Female,160,0,0,46-55,13,0,0,-0.0047595379440563915,0.016724336401422152,0,147.4
TXN002077,CUST01351,2025-05-27 15:12:29,POS Purchase,Online Services,190.41,45468.76,45278.35,Yes,Web Browser,Canada,2.0,52,Female,98,0,0,46-55,15,0,0,0.004187710419197785,0.0041877104191977085,0,146.23
TXN002078,CUST00321,2025-05-27 15:25:52,Online Purchase,Groceries,573.13,1562.53,989.4,Yes,Mobile App,United Kingdom,12.3,20,Male,92,0,0,18-25,15,0,0,0.36679615751377576,0.36679615751377576,0,130.62
TXN002079,CUST01706,2025-05-27 16:04:46,POS Purchase,Healthcare,29.85,3241.67,3211.82,No,POS Terminal,UAE,30.6,52,Male,132,0,0,46-55,16,0,0,0.009208216752476319,0.009208216752476347,30,103.71
TXN002080,CUST01618,2025-05-28 11:10:07,ATM Withdrawal,Fashion & Apparel,129.33,4822.37,4693.04,Yes,Web Browser,Germany,14.3,59,Male,43,0,0,56-65,11,0,0,0.02681876338812657,0.02681876338812659,0,144.15
TXN002081,CUST00107,2025-05-28 15:05:31,Bank Transfer,Travel,84.72,5168.25,5083.53,,ATM Machine,United States,5.2,24,Female,49,0,0,18-25,15,0,0,0.016392395878682388,0.01639239587868234,0,483.02
TXN002082,CUST01316,2025-05-28 17:21:23,Bank Transfer,Online Services,286.65,2005.72,1719.07,,ATM Machine,United Kingdom,9.6,19,Male,171,0,0,18-25,17,0,0,0.14291625949783623,0.14291625949783618,0,146.23
TXN002083,CUST01545,2025-05-28 19:22:17,Online Purchase,Fuel,143.68,30166.11,30022.43,Yes,POS Terminal,United States,0.6,81,Male,69,0,0,66+,19,0,0,0.004762960819277007,0.004762960819276997,0,147.4
TXN002084,CUST00045,2025-05-28 19:51:20,POS Purchase,Travel,19.99,3260.95,3568.95,Yes,Mobile App,Canada,14.9,30,Female,117,0,0,26-35,19,0,0,-0.09445100354191263,0.006130115457152057,0,483.02
TXN002085,CUST01312,2025-05-28 22:08:59,Online Purchase,Fuel,95.26,4573.26,4747.26,Yes,Mobile App,UAE,0.2,62,Male,100,0,0,56-65,22,0,0,-0.03804725731753716,0.02082978006935971,0,147.4
TXN002086,CUST01000,2025-05-29 08:44:45,Online Purchase,Healthcare,62.58,906.3,843.72,Yes,Mobile App,United Kingdom,3.6,43,Female,13,0,0,36-45,8,0,0,0.06904998344918893,0.06904998344918901,0,103.71
TXN002087,CUST01105,2025-05-29 08:52:07,Bank Transfer,Online Services,265.46,3996.21,3730.75,,Web Browser,UAE,12.1,35,Female,35,0,0,26-35,8,0,0,0.06642794047359875,0.06642794047359873,0,146.23
TXN002088,CUST00864,2025-05-29 12:28:36,ATM Withdrawal,Fashion & Apparel,143.79,4519.75,4375.96,No,POS Terminal,Canada,0.6,58,Male,131,0,0,56-65,12,0,0,0.03181370651031583,0.031813706510315835,30,144.15
TXN002089,CUST01707,2025-05-29 14:33:22,POS Purchase,Utilities,62.19,1873.0,1810.81,Yes,Web Browser,Pakistan,42.9,71,Male,129,0,0,66+,14,0,0,0.033203416978110016,0.03320341697810998,0,128.47
TXN002090,CUST00786,2025-05-29 18:03:39,Online Purchase,Fuel,39.84,2053.33,2013.49,No,Web Browser,United Kingdom,41.7,26,Female,129,0,0,26-35,18,0,0,0.019402628900371553,0.019402628900371595,0,147.4
TXN002091,CUST00577,2025-05-29 19:51:46,Bill Payment,Fuel,94.22,1291.44,1197.22,,POS Terminal,United Kingdom,10.6,79,Female,44,0,0,66+,19,0,0,0.07295731896177912,0.0729573189617791,0,147.4
TXN002092,CUST00545,2025-05-30 20:02:40,POS Purchase,Utilities,50.38,1946.57,1896.19,Yes,POS Terminal,United States,9.4,22,Female,66,0,0,18-25,20,0,0,0.025881422193910254,0.025881422193910316,0,128.47
TXN002093,CUST00289,2025-05-30 22:29:44,Online Purchase,Electronics,140.58,3935.8,3795.22,Yes,Web Browser,Germany,2.1,24,Male,92,0,0,18-25,22,0,0,0.035718278367803336,0.035718278367803245,0,132.66
TXN002094,CUST01017,2025-05-31 07:03:08,Online Purchase,Electronics,334.89,28100.19,27765.3,Yes,Mobile App,United Kingdom,0.3,33,Female,78,0,0,26-35,7,1,0,0.011917713011904882,0.011917713011904902,0,132.66
TXN002095,CUST00288,2025-05-31 08:59:58,Wire Transfer,Utilities,15.63,1251.85,1236.22,,POS Terminal,Canada,0.9,39,Female,120,0,0,36-45,8,1,0,0.012485521428286043,0.012485521428286139,0,128.47
TXN002096,CUST00678,2025-05-31 10:12:07,Online Purchase,Utilities,61.12,14278.79,14217.67,No,POS Terminal,United Kingdom,7.8,78,Male,123,0,0,66+,10,1,0,0.004280474746109495,0.004280474746109438,0,128.47
TXN002097,CUST00438,2025-05-31 17:21:22,Online Purchase,Travel,14.05,5260.36,5246.31,No,Web Browser,Pakistan,0.1,80,Female,98,0,0,66+,17,1,0,0.0026709198609979686,0.002670919860998107,0,483.02
TXN002098,CUST00464,2025-05-31 20:26:07,POS Purchase,Groceries,41.66,1574.68,1648.68,Yes,Mobile App,Canada,14.9,82,Female,158,0,0,66+,20,1,0,-0.0469936749053776,0.02645616887240582,0,130.62
TXN002099,CUST00486,2025-06-01 04:04:39,Bill Payment,Groceries,122.83,3445.83,3323.0,,POS Terminal,India,3.2,79,Female,17,0,0,66+,4,1,1,0.03564598369623572,0.03564598369623574,25,130.62
TXN002100,CUST01728,2025-06-01 10:35:15,POS Purchase,Utilities,32.0,11091.72,11133.72,Yes,Web Browser,Canada,0.3,84,Female,96,0,0,66+,10,1,0,-0.003786608388960414,0.002885034963017458,0,128.47
TXN002101,CUST01011,2025-06-02 09:41:50,Online Purchase,Fuel,696.25,7271.22,6574.97,Yes,POS Terminal,India,7.4,25,Female,18,0,0,18-25,9,0,0,0.09575422006210788,0.09575422006210788,0,147.4
TXN002102,CUST01062,2025-06-02 09:44:03,POS Purchase,Electronics,347.28,2890.21,2542.93,Yes,Mobile App,United Kingdom,10.7,80,Female,23,0,0,66+,9,0,0,0.12015735880783757,0.12015735880783748,0,132.66
TXN002103,CUST00971,2025-06-02 10:52:09,Online Purchase,Healthcare,274.86,1952.1,1677.24,Yes,Web Browser,India,0.7,26,Male,17,0,0,26-35,10,0,0,0.14080221300138307,0.14080221300138315,0,103.71
TXN002104,CUST00389,2025-06-02 12:23:15,ATM Withdrawal,Electronics,29.83,5171.58,5141.75,Yes,ATM Machine,Pakistan,24.9,68,Male,85,0,0,66+,12,0,0,0.005768063145112311,0.005768063145112325,0,132.66
TXN002105,CUST00504,2025-06-02 20:05:43,Wire Transfer,Utilities,101.19,4205.51,4104.32,,ATM Machine,Canada,23.2,47,Female,14,0,0,46-55,20,0,0,0.024061291020589775,0.024061291020589654,0,128.47
TXN002106,CUST00111,2025-06-02 20:37:35,POS Purchase,Fuel,247.46,4766.23,4518.77,No,Mobile App,Pakistan,9.6,42,Male,162,0,0,36-45,20,0,0,0.05191944157122068,0.051919441571220866,30,147.4
TXN002107,CUST00051,2025-06-03 02:24:09,ATM Withdrawal,Restaurants,287.24,4659.29,4372.05,No,Mobile App,UAE,14.5,78,Male,115,0,0,66+,2,0,1,0.061648877833317905,0.061648877833317954,55,139.48
TXN002108,CUST00424,2025-06-03 05:29:39,Bank Transfer,Jewelry & Luxury,23.11,3318.47,3295.36,,Web Browser,United States,14.1,53,Male,1,0,0,46-55,5,0,1,0.006964052711038423,0.006964052711038521,25,145.81
TXN002109,CUST00491,2025-06-03 12:51:29,POS Purchase,Electronics,579.79,3865.75,3285.96,No,Web Browser,United Kingdom,0.9,57,Female,48,0,0,56-65,12,0,0,0.14998124555390285,0.14998124555390285,30,132.66
TXN002110,CUST01431,2025-06-03 13:05:07,ATM Withdrawal,Travel,125.48,30553.76,30428.28,Yes,ATM Machine,UAE,10.8,59,Other,30,0,0,56-65,13,0,0,0.0041068595158173515,0.004106859515817366,0,483.02
TXN002111,CUST00979,2025-06-03 18:31:11,Online Purchase,Restaurants,550.4,3288.24,2737.84,Yes,Mobile App,Pakistan,2.0,61,Male,63,0,0,56-65,18,0,0,0.16738437583631355,0.16738437583631366,0,139.48
TXN002112,CUST00425,2025-06-03 19:51:18,Wire Transfer,Utilities,14.65,9048.15,9033.5,,POS Terminal,Pakistan,1.4,73,Male,110,0,0,66+,19,0,0,0.0016191155098003059,0.001619115509800346,0,128.47
TXN002113,CUST01027,2025-06-04 08:37:05,POS Purchase,Utilities,129.47,3810.54,3681.07,Yes,ATM Machine,United Kingdom,3.1,44,Male,120,0,0,36-45,8,0,0,0.03397681168548285,0.033976811685482895,0,128.47
TXN002114,CUST00388,2025-06-04 15:39:12,Online Purchase,Jewelry & Luxury,89.74,7815.46,7725.72,Yes,Web Browser,Pakistan,9.3,30,Female,26,0,0,26-35,15,0,0,0.011482369559821147,0.011482369559821175,0,145.81
TXN002115,CUST00048,2025-06-04 16:23:12,Online Purchase,Utilities,97.65,793.01,695.36,No,POS Terminal,Canada,17.4,36,Female,68,0,0,36-45,16,0,0,0.12313842196189201,0.12313842196189204,0,128.47
TXN002116,CUST00378,2025-06-04 17:10:11,POS Purchase,Healthcare,110.28,3017.05,2906.77,Yes,Web Browser,United Kingdom,15.6,47,Male,109,0,0,46-55,17,0,0,0.036552261314860605,0.03655226131486054,0,103.71
TXN002117,CUST00725,2025-06-04 17:38:45,Online Purchase,Travel,427.56,1725.0,1297.44,Yes,Mobile App,United Kingdom,3.1,47,Female,103,0,0,46-55,17,0,0,0.24786086956521736,0.24786086956521738,0,483.02
TXN002118,CUST01357,2025-06-05 11:24:10,Bill Payment,Fuel,60.38,3170.35,3109.97,,POS Terminal,United Kingdom,24.3,73,Female,4,0,0,66+,11,0,0,0.01904521582790547,0.019045215827905436,0,147.4
TXN002119,CUST00619,2025-06-05 15:07:38,Online Purchase,Online Services,19.31,22018.88,21999.57,Yes,Mobile App,Canada,0.4,79,Female,90,0,0,66+,15,0,0,0.0008769746690113807,0.000876974669011321,0,146.23
TXN002120,CUST01658,2025-06-05 16:51:56,POS Purchase,Travel,84.18,1141.75,1618.75,No,Mobile App,UAE,5.9,67,Male,62,0,0,66+,16,0,0,-0.41777972410772934,0.073728924895993,30,483.02
TXN002121,CUST01284,2025-06-06 09:26:53,POS Purchase,Fashion & Apparel,86.78,2378.16,2291.38,No,Mobile App,Pakistan,7.0,51,Male,110,0,0,46-55,9,0,0,0.03649039593635405,0.036490395936354156,30,144.15
TXN002122,CUST00152,2025-06-06 11:57:43,ATM Withdrawal,Electronics,36.89,1840.81,1803.92,Yes,Mobile App,United Kingdom,7.0,36,Male,26,0,0,36-45,11,0,0,0.020040091046876034,0.020040091046876103,0,132.66
TXN002123,CUST00319,2025-06-06 12:40:18,POS Purchase,Groceries,139.11,1429.26,1290.15,No,Mobile App,Pakistan,7.0,28,Male,70,0,0,26-35,12,0,0,0.09733008689811504,0.09733008689811512,30,130.62
TXN002124,CUST00958,2025-06-06 18:17:19,Bill Payment,Groceries,162.21,2502.06,2339.85,,Mobile App,Pakistan,7.8,56,Male,128,0,0,56-65,18,0,0,0.06483057960240764,0.06483057960240762,0,130.62
TXN002125,CUST00438,2025-06-07 13:09:57,ATM Withdrawal,Healthcare,286.12,854.27,568.15,No,Mobile App,United Kingdom,4.8,82,Other,129,0,0,66+,13,1,0,0.33492923782878953,0.33492923782878953,30,103.71
TXN002126,CUST01370,2025-06-07 13:15:14,ATM Withdrawal,Online Services,116.4,5801.94,5685.54,No,Web Browser,United States,10.0,63,Male,156,0,0,56-65,13,1,0,0.02006225503883178,0.02006225503883184,30,146.23
TXN002127,CUST00976,2025-06-07 16:31:40,Online Purchase,Healthcare,38.99,1388.45,1349.46,Yes,Mobile App,United States,24.0,63,Female,12,0,0,56-65,16,1,0,0.028081673808923624,0.02808167380892362,0,103.71
TXN002128,CUST00058,2025-06-08 00:42:21,Wire Transfer,Utilities,1948.44,921.15,-1027.29,,Mobile App,United States,57.5,65,Female,35,0,1,56-65,0,1,1,1.0,2.1152255333007655,35,128.47
TXN002129,CUST01556,2025-06-08 09:09:27,POS Purchase,Healthcare,214.18,1765.54,1551.36,No,Web Browser,Canada,9.1,47,Male,136,0,0,46-55,9,1,0,0.12131132684617742,0.12131132684617738,30,103.71
TXN002130,CUST01107,2025-06-08 13:21:49,Bill Payment,Fashion & Apparel,87.98,5498.89,5410.91,,Web Browser,Pakistan,4.5,39,Male,103,0,0,36-45,13,1,0,0.015999592645061178,0.015999592645061095,0,144.15
TXN002131,CUST01270,2025-06-08 14:58:45,Bank Transfer,Groceries,110.25,9364.92,9254.67,,Mobile App,United Kingdom,8.1,27,Female,21,0,0,26-35,14,1,0,0.011772657961840571,0.011772657961840571,0,130.62
TXN002132,CUST00466,2025-06-08 15:48:54,Bill Payment,Groceries,71.69,5560.61,5488.92,,Mobile App,UAE,8.95,71,Female,4,0,0,66+,15,1,0,0.012892470430402349,0.01289247043040242,0,130.62
TXN002133,CUST01057,2025-06-08 17:13:50,Online Purchase,Fashion & Apparel,106.27,4037.46,3931.19,Yes,ATM Machine,United States,9.2,69,Female,45,0,0,66+,17,1,0,0.02632100379941844,0.026321003799418444,0,144.15
TXN002134,CUST00691,2025-06-08 17:56:02,Online Purchase,Online Services,39.46,1708.8,1669.34,Yes,Web Browser,United Kingdom,7.7,75,Female,42,0,0,66+,17,1,0,0.0230922284644195,0.023092228464419478,0,146.23
TXN002135,CUST00053,2025-06-09 03:36:10,Wire Transfer,Electronics,539.58,751.2,211.62,,Web Browser,Australia,387.8,77,Female,40,1,1,66+,3,0,1,0.7182907348242812,0.7182907348242812,70,132.66
TXN002136,CUST01467,2025-06-09 09:10:27,POS Purchase,Healthcare,56.08,1455.11,1399.03,No,POS Terminal,Pakistan,12.6,67,Female,54,0,0,66+,9,0,0,0.03854004164633597,0.03854004164633602,30,103.71
TXN002137,CUST00877,2025-06-09 09:35:13,ATM Withdrawal,Fuel,210.56,11720.89,11510.33,Yes,Web Browser,India,0.8,49,Female,85,0,0,46-55,9,0,0,0.017964506108324497,0.01796450610832454,0,147.4
TXN002138,CUST01502,2025-06-09 10:37:01,Online Purchase,Fashion & Apparel,21.24,8394.07,8462.07,No,POS Terminal,Germany,23.8,83,Female,64,0,0,66+,10,0,0,-0.008100956985109726,0.0025303577406430968,0,144.15
TXN002139,CUST01507,2025-06-09 12:21:20,ATM Withdrawal,Groceries,85.48,544.56,459.08,Yes,Mobile App,United Kingdom,34.6,82,Female,38,0,0,66+,12,0,0,0.15697076538857052,0.1569707653885706,0,130.62
TXN002140,CUST01113,2025-06-09 15:31:44,ATM Withdrawal,Restaurants,52.35,14173.87,14121.52,Yes,POS Terminal,Canada,9.0,51,Male,166,0,0,46-55,15,0,0,0.0036934161241778257,0.0036934161241778,0,139.48
TXN002141,CUST00580,2025-06-09 17:40:32,Online Purchase,Travel,429.94,8218.45,7788.51,No,Mobile App,United Kingdom,24.9,54,Female,101,0,0,46-55,17,0,0,0.05231400081523894,0.052314000815238876,0,483.02
TXN002142,CUST01359,2025-06-09 18:17:23,POS Purchase,Fashion & Apparel,31.66,1195.49,1163.83,No,Web Browser,Pakistan,0.7,22,Male,166,1,0,18-25,18,0,0,0.02648286476674843,0.02648286476674836,45,144.15
TXN002143,CUST01618,2025-06-09 20:08:18,POS Purchase,Groceries,43.32,3208.45,3165.13,Yes,ATM Machine,Canada,13.2,21,Female,41,0,0,18-25,20,0,0,0.013501846686094441,0.013501846686094533,0,130.62
TXN002144,CUST00144,2025-06-09 20:29:50,POS Purchase,Online Services,45.73,4261.15,4215.42,Yes,Mobile App,Canada,3.2,82,Female,111,0,0,66+,20,0,0,0.010731844689813681,0.010731844689813783,0,146.23
TXN002145,CUST00639,2025-06-09 20:53:55,POS Purchase,Healthcare,84.34,1445.31,1649.31,Yes,Web Browser,Australia,7.2,42,Female,66,0,0,36-45,20,0,0,-0.1411461900907072,0.058354263099265904,0,103.71
TXN002146,CUST00213,2025-06-10 08:14:10,Online Purchase,Groceries,131.41,2706.0,2574.59,No,Mobile App,India,6.5,77,Male,147,0,0,66+,8,0,0,0.04856245380635619,0.048562453806356244,0,130.62
TXN002147,CUST00365,2025-06-10 13:48:32,Online Purchase,Fuel,211.71,325.61,113.9,Yes,ATM Machine,United States,12.5,75,Female,38,0,0,66+,13,0,0,0.6501950185805104,0.6501950185805104,10,147.4
TXN002148,CUST00068,2025-06-10 14:06:20,ATM Withdrawal,Groceries,167.76,830.33,662.57,No,Mobile App,Germany,6.9,75,Female,71,0,0,66+,14,0,0,0.20204015271036815,0.20204015271036815,30,130.62
TXN002149,CUST00852,2025-06-10 18:54:56,POS Purchase,Online Services,277.86,1625.69,1347.83,No,Mobile App,United States,8.3,44,Female,144,0,0,36-45,18,0,0,0.1709181947357738,0.17091819473577374,30,146.23
TXN002150,CUST01606,2025-06-11 13:20:44,POS Purchase,Fashion & Apparel,92.24,2857.03,2764.79,Yes,POS Terminal,United States,27.5,38,Female,131,0,0,36-45,13,0,0,0.03228527526837318,0.0322852752683731,0,144.15
TXN002151,CUST01588,2025-06-11 16:32:44,ATM Withdrawal,Entertainment,455.62,13177.52,12721.9,Yes,POS Terminal,United Kingdom,14.2,73,Female,49,0,0,66+,16,0,0,0.03457554987584923,0.034575549875849175,0,166.95
TXN002152,CUST00517,2025-06-11 17:25:40,Bill Payment,Fashion & Apparel,646.74,1329.66,682.92,,Web Browser,United Kingdom,18.7,72,Female,46,0,0,66+,17,0,0,0.48639501827534865,0.4863950182753486,0,144.15
TXN002153,CUST00707,2025-06-11 20:39:48,Bank Transfer,Travel,241.52,785.78,544.26,,Mobile App,United Kingdom,18.7,36,Male,138,0,0,36-45,20,0,0,0.30736338415332537,0.30736338415332537,0,483.02
TXN002154,CUST00016,2025-06-12 01:41:25,Online Purchase,Utilities,401.94,1270.52,868.58,No,ATM Machine,India,245.4,39,Female,35,2,1,36-45,1,0,1,0.3163586562982086,0.3163586562982086,75,128.47
TXN002155,CUST00030,2025-06-12 12:31:32,POS Purchase,Home Improvement,34.98,2849.11,2814.13,Yes,ATM Machine,India,7.9,78,Male,118,0,0,66+,12,0,0,0.012277518242538903,0.012277518242538896,0,202.64
TXN002156,CUST00287,2025-06-12 13:52:21,Online Purchase,Fashion & Apparel,262.39,3177.33,2914.94,No,Web Browser,United States,11.8,84,Male,135,0,0,66+,13,0,0,0.08258191626302584,0.08258191626302587,0,144.15
TXN002157,CUST00583,2025-06-12 15:47:23,POS Purchase,Fuel,57.92,10594.71,10536.79,No,Web Browser,United States,33.3,70,Male,171,0,0,66+,15,0,0,0.005466879225575618,0.005466879225575783,30,147.4
TXN002158,CUST01272,2025-06-12 20:58:22,POS Purchase,Groceries,150.75,1226.39,1075.64,No,POS Terminal,United States,26.4,68,Male,77,0,0,66+,20,0,0,0.12292174593726302,0.12292174593726302,30,130.62
TXN002159,CUST01325,2025-06-13 05:45:18,POS Purchase,Fashion & Apparel,21.1,2845.21,2824.11,No,Web Browser,Pakistan,11.8,62,Female,57,0,0,56-65,5,0,1,0.007415972810442782,0.007415972810442815,55,144.15
TXN002160,CUST00791,2025-06-13 09:58:20,Online Purchase,Utilities,127.86,1932.48,1804.62,Yes,Mobile App,Canada,7.3,70,Male,76,0,0,66+,9,0,0,0.06616368604073529,0.06616368604073522,0,128.47
TXN002161,CUST00957,2025-06-13 18:06:49,Online Purchase,Utilities,122.92,6218.97,6096.05,Yes,Mobile App,Canada,2.6,63,Female,147,0,0,56-65,18,0,0,0.019765330914926438,0.019765330914926427,0,128.47
TXN002162,CUST00915,2025-06-13 18:08:09,Bill Payment,Restaurants,131.27,2983.21,2851.94,,Web Browser,Germany,9.0,30,Male,56,0,0,26-35,18,0,0,0.04400293643424364,0.044002936434243654,0,139.48
TXN002163,CUST00331,2025-06-13 19:00:25,Bill Payment,Restaurants,98.91,2584.03,2485.12,,Web Browser,Germany,7.2,82,Female,128,0,0,66+,19,0,0,0.038277419379806076,0.03827741937980596,0,139.48
TXN002164,CUST00916,2025-06-14 13:32:31,Online Purchase,Groceries,77.26,6910.98,6833.72,No,Mobile App,UAE,0.3,72,Female,16,0,0,66+,13,1,0,0.011179311761862907,0.011179311761863008,0,130.62
TXN002165,CUST00128,2025-06-14 17:29:44,Wire Transfer,Fuel,44.49,23250.06,23205.57,,Mobile App,United Kingdom,14.5,21,Female,99,0,0,18-25,17,1,0,0.0019135434489202005,0.0019135434489201317,0,147.4
TXN002166,CUST00676,2025-06-14 17:47:06,POS Purchase,Entertainment,238.0,12888.28,12650.28,Yes,ATM Machine,United States,11.0,44,Male,50,0,0,36-45,17,1,0,0.0184663896190958,0.0184663896190958,0,166.95
TXN002167,CUST00265,2025-06-14 20:21:54,Online Purchase,Electronics,186.57,1153.1,966.53,Yes,Mobile App,United Kingdom,15.3,48,Female,35,0,0,46-55,20,1,0,0.1617986297805914,0.16179862978059145,0,132.66
TXN002168,CUST00762,2025-06-15 10:11:20,POS Purchase,Fuel,112.02,13812.12,13700.1,No,POS Terminal,Canada,8.0,44,Female,75,0,0,36-45,10,1,0,0.008110268372994184,0.008110268372994152,30,147.4
TXN002169,CUST00171,2025-06-16 10:21:46,Bank Transfer,Fuel,125.52,1852.7,1727.18,,Mobile App,India,8.5,56,Male,49,0,0,56-65,10,0,0,0.06774977060506288,0.06774977060506288,0,147.4
TXN002170,CUST01612,2025-06-16 10:53:38,Online Purchase,Fashion & Apparel,42.38,1584.8,1542.42,Yes,POS Terminal,United States,3.4,77,Male,44,0,0,66+,10,0,0,0.02674154467440679,0.026741544674406866,0,144.15
TXN002171,CUST00127,2025-06-16 17:12:01,POS Purchase,Groceries,82.95,11778.36,11695.41,Yes,Mobile App,United States,5.8,59,Male,158,0,0,56-65,17,0,0,0.007042576385846648,0.0070425763858465865,0,130.62
TXN002172,CUST00506,2025-06-16 19:15:24,Bill Payment,Groceries,531.27,4409.92,3878.65,,Mobile App,United Kingdom,7.1,39,Female,72,0,0,36-45,19,0,0,0.12047157318046585,0.12047157318046585,0,130.62
TXN002173,CUST01123,2025-06-16 21:30:47,Online Purchase,Restaurants,56.61,2026.99,1970.38,No,Web Browser,United Kingdom,6.6,20,Female,75,0,0,18-25,21,0,0,0.027928110153478753,0.0279281101534788,0,139.48
TXN002174,CUST00008,2025-06-18 08:54:27,ATM Withdrawal,Utilities,232.62,6137.3,5904.68,Yes,Mobile App,United Kingdom,3.5,73,Female,101,0,0,66+,8,0,0,0.037902660779169976,0.03790266077916999,0,128.47
TXN002175,CUST00544,2025-06-18 12:00:57,Bank Transfer,Entertainment,402.49,10612.35,10209.86,,Mobile App,UAE,13.2,27,Female,124,0,0,26-35,12,0,0,0.037926566688810656,0.03792656668881068,0,166.95
TXN002176,CUST01663,2025-06-18 16:09:06,Online Purchase,Electronics,322.87,438.1,115.23,Yes,Web Browser,Pakistan,4.4,65,Male,126,0,0,56-65,16,0,0,0.7369778589363158,0.7369778589363158,10,132.66
TXN002177,CUST01524,2025-06-18 16:47:35,POS Purchase,Groceries,1062.5,3752.62,2690.12,No,Web Browser,Pakistan,10.7,69,Male,34,0,0,66+,16,0,0,0.2831355159861643,0.2831355159861643,30,130.62
TXN002178,CUST00035,2025-06-19 00:57:05,Wire Transfer,Entertainment,2663.97,1422.72,-1241.25,,Web Browser,United Kingdom,49.0,35,Female,7,1,1,26-35,0,0,1,1.0,1.8724485492577596,50,166.95
TXN002179,CUST01655,2025-06-19 03:12:27,Online Purchase,Fashion & Apparel,23.32,9286.67,9263.35,No,Mobile App,Canada,49.7,78,Male,174,1,0,66+,3,0,1,0.002511126162553392,0.0025111261625534232,40,144.15
TXN002180,CUST00444,2025-06-19 07:04:30,Online Purchase,Restaurants,68.07,2522.19,2454.12,Yes,Web Browser,United States,17.8,23,Male,164,0,0,18-25,7,0,0,0.026988450513244507,0.02698845051324444,0,139.48
TXN002181,CUST01546,2025-06-19 10:40:41,POS Purchase,Groceries,120.67,18116.52,17995.85,Yes,Web Browser,United Kingdom,7.8,76,Male,177,0,0,66+,10,0,0,0.006660771494746336,0.006660771494746231,0,130.62
TXN002182,CUST01731,2025-06-20 14:02:14,Online Purchase,Fuel,213.52,14366.23,14152.71,Yes,Mobile App,Canada,2.2,59,Male,51,0,0,56-65,14,0,0,0.014862632715750787,0.014862632715750758,0,147.4
TXN002183,CUST00965,2025-06-20 15:05:43,Bank Transfer,Entertainment,66.61,4945.54,4878.93,,POS Terminal,United Kingdom,15.0,26,Female,77,0,0,26-35,15,0,0,0.013468701092297235,0.013468701092297301,0,166.95
TXN002184,CUST01105,2025-06-20 15:34:40,ATM Withdrawal,Restaurants,114.98,6422.98,6308.0,No,POS Terminal,United Kingdom,3.1,52,Female,29,0,0,46-55,15,0,0,0.017901347972436404,0.017901347972436473,30,139.48
TXN002185,CUST01359,2025-06-20 18:24:29,POS Purchase,Fuel,22.97,531.67,508.7,No,ATM Machine,Australia,1.1,61,Male,175,0,0,56-65,18,0,0,0.04320349088720442,0.04320349088720447,30,147.4
TXN002186,CUST01427,2025-06-20 20:39:50,POS Purchase,Healthcare,174.55,3480.14,3779.14,Yes,POS Terminal,Germany,0.0,27,Male,88,0,0,26-35,20,0,0,-0.08591608383570776,0.05015602820576184,0,103.71
TXN002187,CUST00012,2025-06-21 05:14:39,Online Purchase,Healthcare,733.27,1438.23,704.96,No,POS Terminal,United Kingdom,61.1,52,Female,14,0,1,46-55,5,1,1,0.5098419585184567,0.5098419585184567,35,103.71
TXN002188,CUST00429,2025-06-21 08:10:37,Online Purchase,Restaurants,64.31,2983.61,2919.3,No,Web Browser,Canada,2.8,25,Other,69,0,0,18-25,8,1,0,0.021554425678959363,0.02155442567895938,0,139.48
TXN002189,CUST01725,2025-06-21 13:05:35,POS Purchase,Restaurants,36.38,3418.69,3382.31,No,POS Terminal,Pakistan,11.8,34,Female,179,0,0,26-35,13,1,0,0.010641503031863115,0.010641503031863083,30,139.48
TXN002190,CUST00961,2025-06-21 16:29:03,Bank Transfer,Restaurants,733.5,9746.15,9012.65,,Web Browser,Germany,11.9,72,Male,87,0,0,66+,16,1,0,0.07526048747454123,0.07526048747454123,0,139.48
TXN002191,CUST01671,2025-06-22 11:42:57,POS Purchase,Restaurants,4.58,2824.88,3036.88,No,Mobile App,Canada,1.5,65,Male,29,0,0,56-65,11,1,0,-0.07504743564328396,0.0016213078077652856,30,139.48
TXN002192,CUST01085,2025-06-22 16:48:40,POS Purchase,Fashion & Apparel,198.19,5361.54,5163.35,No,ATM Machine,United States,11.3,27,Female,5,0,0,26-35,16,1,0,0.03696512569149901,0.03696512569149908,30,144.15
TXN002193,CUST00041,2025-06-23 03:40:24,Online Purchase,Online Services,1754.01,5697.25,3943.24,No,Web Browser,United Kingdom,27.1,24,Male,19,1,1,18-25,3,0,1,0.30786958620387034,0.3078695862038703,40,146.23
TXN002194,CUST00410,2025-06-23 07:53:43,Online Purchase,Travel,81.59,34661.04,34856.04,Yes,Mobile App,United Kingdom,13.0,67,Female,80,0,0,66+,7,0,0,-0.0056259131289770874,0.0023539397548371314,0,483.02
TXN002195,CUST00926,2025-06-23 08:41:24,Bank Transfer,Entertainment,124.82,5489.52,5364.7,,POS Terminal,UAE,22.1,85,Male,102,0,0,66+,8,0,0,0.022737871435025394,0.022737871435025283,0,166.95
TXN002196,CUST01493,2025-06-23 10:46:52,POS Purchase,Electronics,169.85,2252.03,2082.18,No,Web Browser,United Kingdom,8.0,28,Female,175,0,0,26-35,10,0,0,0.07542084252874089,0.07542084252874073,30,132.66
TXN002197,CUST00247,2025-06-23 11:24:47,Online Purchase,Travel,258.5,3608.01,3349.51,No,POS Terminal,Pakistan,27.0,56,Female,30,0,0,56-65,11,0,0,0.07164614288763058,0.07164614288763058,0,483.02
TXN002198,CUST00782,2025-06-23 12:15:26,POS Purchase,Electronics,267.97,2501.73,2233.76,Yes,Mobile App,Pakistan,8.7,34,Female,24,0,0,26-35,12,0,0,0.10711387719697961,0.1071138771969797,0,132.66
TXN002199,CUST01540,2025-06-23 15:11:43,POS Purchase,Electronics,27.49,2298.75,2271.26,No,Mobile App,United Kingdom,15.9,62,Other,39,0,0,56-65,15,0,0,0.011958673191952053,0.011958673191952146,30,132.66
TXN002200,CUST01301,2025-06-23 15:43:17,POS Purchase,Entertainment,130.9,9708.42,9577.52,No,Web Browser,India,29.9,61,Female,88,0,0,56-65,15,0,0,0.013483141438050645,0.013483141438050683,30,166.95
TXN002201,CUST00437,2025-06-23 23:09:56,Bank Transfer,Travel,31.5,6378.59,6347.09,,Mobile App,United States,8.8,68,Female,140,0,0,66+,23,0,0,0.004938395476116195,0.004938395476116195,0,483.02
TXN002202,CUST01685,2025-06-24 04:45:45,ATM Withdrawal,Groceries,94.63,20923.69,20829.06,Yes,POS Terminal,Canada,6.4,48,Female,160,0,0,46-55,4,0,1,0.004522624833382514,0.004522624833382639,25,130.62
TXN002203,CUST01105,2025-06-24 10:08:51,ATM Withdrawal,Fashion & Apparel,25.21,15235.01,15209.8,Yes,ATM Machine,Australia,3.0,41,Male,22,0,0,36-45,10,0,0,0.0016547412833992853,0.0016547412833992233,0,144.15
TXN002204,CUST00926,2025-06-24 15:37:39,POS Purchase,Travel,487.67,12180.46,11692.79,No,Web Browser,United States,20.7,25,Male,148,0,0,18-25,15,0,0,0.040037075775463185,0.04003707577546333,30,483.02
TXN002205,CUST01282,2025-06-25 08:09:22,POS Purchase,Groceries,72.73,1645.0,2012.0,No,Web Browser,Canada,2.1,21,Male,128,0,0,18-25,8,0,0,-0.2231003039513678,0.04421276595744681,30,130.62
TXN002206,CUST00282,2025-06-25 11:19:02,Online Purchase,Jewelry & Luxury,149.61,1623.96,1895.96,No,Web Browser,Canada,16.7,32,Female,62,0,0,26-35,11,0,0,-0.16749181014310696,0.09212665336584645,0,145.81
TXN002207,CUST01563,2025-06-25 15:32:46,Bill Payment,Healthcare,151.47,7234.95,7083.48,,Web Browser,United States,3.7,28,Male,171,0,0,26-35,15,0,0,0.020935873779362714,0.020935873779362676,0,103.71
TXN002208,CUST00576,2025-06-26 10:41:58,Bank Transfer,Travel,167.18,4001.81,3834.63,,POS Terminal,United States,2.9,67,Female,70,0,0,66+,10,0,0,0.04177609631641678,0.04177609631641682,0,483.02
TXN002209,CUST01617,2025-06-26 11:26:22,POS Purchase,Fuel,418.87,1425.87,1803.87,No,ATM Machine,United Kingdom,16.2,42,Male,101,0,0,36-45,11,0,0,-0.2651013065707253,0.29376450868592513,30,147.4
TXN002210,CUST00641,2025-06-26 11:28:57,ATM Withdrawal,Groceries,73.82,13761.74,13687.92,Yes,Mobile App,Canada,10.4,29,Female,47,0,0,26-35,11,0,0,0.005364147266261368,0.0053641472662613885,0,130.62
TXN002211,CUST01587,2025-06-26 14:11:32,POS Purchase,Fuel,93.34,10700.08,10606.74,No,POS Terminal,India,5.7,68,Female,98,0,0,66+,14,0,0,0.008723299265052237,0.008723299265052224,30,147.4
TXN002212,CUST01063,2025-06-26 14:36:18,Bank Transfer,Jewelry & Luxury,34.79,3499.03,3464.24,,POS Terminal,Pakistan,27.2,83,Male,59,0,0,66+,14,0,0,0.009942755563684912,0.009942755563684793,0,145.81
TXN002213,CUST01561,2025-06-26 18:13:31,Online Purchase,Fuel,86.04,3726.93,3640.89,Yes,Mobile App,United States,11.3,50,Male,101,0,0,46-55,18,0,0,0.02308602522719771,0.023086025227197722,0,147.4
TXN002214,CUST01168,2025-06-26 18:43:48,Bank Transfer,Utilities,378.08,3018.73,2640.65,,Mobile App,Germany,2.1,60,Male,163,0,0,56-65,18,0,0,0.12524472211824175,0.12524472211824178,0,128.47
TXN002215,CUST01094,2025-06-27 14:09:31,Bill Payment,Groceries,39.75,2459.2,2419.45,,ATM Machine,Pakistan,20.7,71,Female,143,0,0,66+,14,0,0,0.016163793103448277,0.016163793103448277,0,130.62
TXN002216,CUST00938,2025-06-27 14:34:39,Online Purchase,Electronics,7.57,23144.03,23136.46,No,POS Terminal,Pakistan,18.6,52,Male,43,0,0,46-55,14,0,0,0.0003270821892297802,0.0003270821892297928,0,132.66
TXN002217,CUST01462,2025-06-27 15:54:33,POS Purchase,Fuel,124.53,5160.63,5036.1,No,POS Terminal,United States,23.7,28,Male,119,0,0,26-35,15,0,0,0.024130774730992097,0.024130774730992146,30,147.4
TXN002218,CUST00272,2025-06-27 20:58:21,Bank Transfer,Home Improvement,150.14,4524.19,4374.05,,Mobile App,Pakistan,11.0,22,Female,36,0,0,18-25,20,0,0,0.03318605098371188,0.033186050983712,0,202.64
TXN002219,CUST00055,2025-06-27 22:38:56,Bank Transfer,Electronics,192.42,8212.82,8020.4,,Mobile App,Australia,833.8,30,Male,4,0,1,26-35,22,0,0,0.023429224066763923,0.023429224066763912,20,132.66
TXN002220,CUST00287,2025-06-27 23:52:11,Online Purchase,Fuel,94.72,3873.87,3779.15,Yes,Web Browser,Pakistan,10.3,29,Female,141,0,0,26-35,23,0,0,0.02445100119518719,0.02445100119518724,0,147.4
TXN002221,CUST00049,2025-06-28 08:47:00,Bank Transfer,Electronics,134.38,3391.89,3257.51,,Web Browser,United States,18.3,47,Female,7,0,1,46-55,8,1,0,0.0396180300658334,0.039618030065833504,0,132.66
TXN002222,CUST01603,2025-06-28 10:22:40,ATM Withdrawal,Healthcare,60.68,1825.33,1764.65,Yes,Mobile App,United States,4.5,49,Male,21,0,0,46-55,10,1,0,0.03324330395051845,0.03324330395051854,0,103.71
TXN002223,CUST01157,2025-06-28 12:38:43,Bank Transfer,Groceries,62.39,2139.01,2076.62,,Mobile App,UAE,1.9,50,Female,4,0,0,46-55,12,1,0,0.029167699075740797,0.029167699075740645,0,130.62
TXN002224,CUST00671,2025-06-28 17:53:00,ATM Withdrawal,Travel,139.61,2867.74,2728.13,Yes,Web Browser,United States,0.4,27,Female,138,0,0,26-35,17,1,0,0.048682934994106745,0.04868293499410686,0,483.02
TXN002225,CUST01237,2025-06-28 17:53:55,Online Purchase,Healthcare,128.33,932.32,803.99,Yes,Web Browser,United States,10.5,78,Female,115,0,0,66+,17,1,0,0.13764587266174708,0.13764587266174705,0,103.71
TXN002226,CUST01509,2025-06-28 19:51:53,ATM Withdrawal,Online Services,394.93,1946.41,1551.48,No,ATM Machine,Germany,39.8,60,Male,149,0,0,56-65,19,1,0,0.2029017524570877,0.20290175245708766,30,146.23
TXN002227,CUST00785,2025-06-29 18:08:42,POS Purchase,Utilities,75.03,5160.6,5085.57,No,Web Browser,United Kingdom,4.0,34,Female,144,0,0,26-35,18,1,0,0.014539007092198707,0.01453900709219858,30,128.47
TXN002228,CUST01412,2025-06-29 20:33:05,ATM Withdrawal,Utilities,672.55,4253.42,3580.87,Yes,Mobile App,United Kingdom,4.4,40,Female,179,0,0,36-45,20,1,0,0.15811981887516402,0.15811981887516396,0,128.47
TXN002229,CUST00720,2025-06-30 12:15:14,Online Purchase,Restaurants,132.71,2169.18,2458.18,Yes,Mobile App,UAE,19.5,85,Female,7,0,0,66+,12,0,0,-0.13323006850514943,0.061179800662001314,0,139.48
TXN002230,CUST01339,2025-06-30 13:17:57,Bill Payment,Online Services,288.27,3702.11,3413.84,,Web Browser,United States,15.3,35,Male,14,0,0,26-35,13,0,0,0.07786640591446499,0.07786640591446499,0,146.23
TXN002231,CUST00227,2025-06-30 14:51:52,POS Purchase,Travel,199.9,769.24,569.34,Yes,Mobile App,United Kingdom,18.1,24,Other,126,0,0,18-25,14,0,0,0.2598668815974208,0.25986688159742083,0,483.02
TXN002232,CUST00091,2025-06-30 18:15:44,ATM Withdrawal,Entertainment,66.64,1101.38,1034.74,Yes,POS Terminal,United States,29.7,73,Female,14,0,0,66+,18,0,0,0.06050591076649303,0.06050591076649294,0,166.95
TXN002233,CUST00402,2025-07-01 00:44:10,Bill Payment,Groceries,257.21,5646.69,5389.48,,POS Terminal,UAE,1.1,63,Male,44,0,0,56-65,0,0,1,0.04555057918886995,0.04555057918886994,25,130.62
TXN002234,CUST01454,2025-07-01 08:56:47,POS Purchase,Electronics,19.36,28362.99,28343.63,Yes,POS Terminal,Germany,14.3,81,Male,145,0,0,66+,8,0,0,0.000682579657504395,0.0006825796575043745,0,132.66
TXN002235,CUST00429,2025-07-01 20:43:09,Bank Transfer,Healthcare,139.07,2006.66,1867.59,,Mobile App,Australia,5.5,42,Male,155,0,0,36-45,20,0,0,0.0693042169575315,0.06930421695753142,0,103.71
TXN002236,CUST00187,2025-07-02 08:57:33,Wire Transfer,Groceries,61.66,4040.53,3978.87,,POS Terminal,Germany,49.8,21,Female,173,0,0,18-25,8,0,0,0.015260374257832587,0.01526037425783251,0,130.62
TXN002237,CUST00340,2025-07-02 12:52:07,POS Purchase,Restaurants,211.68,14763.94,14552.26,No,Web Browser,United States,23.7,38,Male,66,0,0,36-45,12,0,0,0.01433763615945339,0.014337636159453371,30,139.48
TXN002238,CUST00718,2025-07-03 11:15:25,Bill Payment,Fashion & Apparel,374.17,9383.46,9009.29,,Mobile App,United Kingdom,3.2,59,Female,115,0,0,56-65,11,0,0,0.03987548303077951,0.039875483030779695,0,144.15
TXN002239,CUST00823,2025-07-03 11:30:17,POS Purchase,Fuel,80.73,4830.86,4750.13,No,Mobile App,UAE,3.7,35,Male,109,0,0,26-35,11,0,0,0.016711310201496125,0.016711310201496216,30,147.4
TXN002240,CUST01511,2025-07-03 13:24:26,POS Purchase,Healthcare,173.63,8372.63,8199.0,No,Web Browser,United States,3.7,24,Female,91,0,0,18-25,13,0,0,0.020737808788875087,0.02073780878887518,30,103.71
TXN002241,CUST01585,2025-07-03 17:14:53,Bank Transfer,Groceries,130.4,5283.48,5153.08,,Web Browser,Canada,1.8,44,Female,108,0,0,36-45,17,0,0,0.024680702870077988,0.024680702870078057,0,130.62
TXN002242,CUST01472,2025-07-03 18:26:40,Bank Transfer,Restaurants,103.14,1063.51,960.37,,Mobile App,Pakistan,11.8,77,Female,35,0,0,66+,18,0,0,0.09698075241417568,0.0969807524141757,0,139.48
TXN002243,CUST00378,2025-07-03 19:37:34,Online Purchase,Travel,51.73,5878.45,5886.45,Yes,Web Browser,India,5.7,36,Male,145,0,0,36-45,19,0,0,-0.0013609029591133718,0.00879993875936684,0,483.02
TXN002244,CUST01573,2025-07-04 08:55:39,ATM Withdrawal,Healthcare,99.48,13875.5,13776.02,Yes,Web Browser,Pakistan,8.7,47,Male,60,0,0,46-55,8,0,0,0.0071694713704010355,0.007169471370401067,0,103.71
TXN002245,CUST00285,2025-07-04 16:37:07,Online Purchase,Electronics,382.79,13481.45,13098.66,Yes,POS Terminal,Pakistan,6.1,54,Female,16,0,0,46-55,16,0,0,0.028393830040537246,0.028393830040537183,0,132.66
TXN002246,CUST00544,2025-07-04 17:33:31,POS Purchase,Healthcare,48.99,2029.79,1980.8,Yes,ATM Machine,United Kingdom,32.2,54,Female,15,0,0,46-55,17,0,0,0.024135501702146532,0.02413550170214653,0,103.71
TXN002247,CUST00977,2025-07-04 18:47:44,Bank Transfer,Travel,299.09,2738.18,2439.09,,POS Terminal,United States,9.1,30,Female,106,0,0,26-35,18,0,0,0.10922948820019127,0.10922948820019136,0,483.02
TXN002248,CUST01097,2025-07-05 08:25:44,POS Purchase,Restaurants,198.48,3003.24,2804.76,Yes,POS Terminal,Germany,19.8,41,Male,25,0,0,36-45,8,1,0,0.06608862428577122,0.06608862428577136,0,139.48
TXN002249,CUST00003,2025-07-05 16:31:56,Bank Transfer,Electronics,24.49,1833.07,1808.58,,POS Terminal,UAE,4.7,75,Male,57,0,0,66+,16,1,0,0.01336010081448063,0.013360100814480625,0,132.66
TXN002250,CUST01581,2025-07-05 16:59:13,ATM Withdrawal,Groceries,62.47,4329.5,4267.03,No,Web Browser,United States,14.9,74,Female,149,0,0,66+,16,1,0,0.01442891788890178,0.01442891788890172,30,130.62
TXN002251,CUST00387,2025-07-05 20:58:36,ATM Withdrawal,Fuel,621.59,1026.81,405.22,No,Web Browser,United Kingdom,18.9,58,Female,21,0,0,56-65,20,1,0,0.6053602906087786,0.6053602906087787,40,147.4
TXN002252,CUST01242,2025-07-06 03:20:39,Online Purchase,Fuel,81.34,3760.48,3679.14,Yes,Web Browser,United Kingdom,3.0,80,Male,18,0,0,66+,3,1,1,0.021630217419052924,0.021630217419052886,25,147.4
TXN002253,CUST00916,2025-07-06 08:31:29,ATM Withdrawal,Groceries,131.25,2334.79,2203.54,Yes,POS Terminal,United States,7.4,35,Female,131,0,0,26-35,8,1,0,0.056214905837355826,0.056214905837355826,0,130.62
TXN002254,CUST00098,2025-07-06 12:55:41,Bank Transfer,Groceries,64.12,2755.77,2691.65,,Web Browser,India,7.0,77,Female,74,0,0,66+,12,1,0,0.023267544098382626,0.023267544098382668,0,130.62
TXN002255,CUST01174,2025-07-06 15:28:37,ATM Withdrawal,Travel,79.95,1153.73,1073.78,No,Web Browser,Pakistan,30.3,50,Female,56,0,0,46-55,15,1,0,0.06929697589557353,0.06929697589557349,30,483.02
TXN002256,CUST00799,2025-07-07 13:46:16,Bill Payment,Entertainment,70.61,14432.65,14362.04,,Mobile App,United Kingdom,8.0,28,Female,157,0,0,26-35,13,0,0,0.004892379431358674,0.00489237943135876,0,166.95
TXN002257,CUST01175,2025-07-07 16:21:13,Online Purchase,Entertainment,133.94,8408.66,8450.66,Yes,Mobile App,Germany,5.3,26,Female,88,0,0,26-35,16,0,0,-0.004994850546936135,0.01592881624420538,0,166.95
TXN002258,CUST00602,2025-07-07 20:56:35,ATM Withdrawal,Utilities,70.69,900.59,829.9,Yes,Mobile App,United Kingdom,10.8,60,Female,16,0,0,56-65,20,0,0,0.07849298793013475,0.07849298793013468,0,128.47
TXN002259,CUST00080,2025-07-08 06:32:05,POS Purchase,Fashion & Apparel,76.96,1123.57,1046.61,No,POS Terminal,India,15.8,80,Female,97,0,0,66+,6,0,0,0.06849595485817532,0.06849595485817528,30,144.15
TXN002260,CUST01220,2025-07-08 13:09:12,Bill Payment,Online Services,135.56,2111.45,1975.89,,Mobile App,United Kingdom,21.4,70,Male,145,0,0,66+,13,0,0,0.06420232541618306,0.0642023254161832,0,146.23
TXN002261,CUST00703,2025-07-08 16:19:33,ATM Withdrawal,Fashion & Apparel,43.84,858.76,814.92,Yes,ATM Machine,United Kingdom,13.4,34,Male,104,0,0,26-35,16,0,0,0.051050351669849586,0.05105035166984955,0,144.15
TXN002262,CUST01520,2025-07-08 16:59:40,Bank Transfer,Fashion & Apparel,247.53,1388.84,1141.31,,POS Terminal,United Kingdom,5.4,64,Female,146,0,0,56-65,16,0,0,0.17822787362115144,0.17822787362115147,0,144.15
TXN002263,CUST01457,2025-07-08 18:50:27,ATM Withdrawal,Fashion & Apparel,179.31,4464.45,4285.14,Yes,ATM Machine,United Kingdom,23.9,34,Male,40,0,0,26-35,18,0,0,0.04016396196619953,0.040163961966199646,0,144.15
TXN002264,CUST01184,2025-07-08 20:21:09,Online Purchase,Electronics,702.48,30797.11,30094.63,Yes,Mobile App,United Kingdom,31.6,39,Female,154,0,0,36-45,20,0,0,0.022809932490418728,0.022809932490418745,0,132.66
TXN002265,CUST00618,2025-07-08 20:48:56,ATM Withdrawal,Utilities,96.3,3460.48,3364.18,Yes,Mobile App,United Kingdom,9.8,47,Male,180,0,0,46-55,20,0,0,0.027828509339744827,0.027828509339744775,0,128.47
TXN002266,CUST00223,2025-07-08 23:17:44,Bank Transfer,Fuel,134.94,3749.96,3615.02,,Web Browser,UAE,57.6,75,Male,71,0,0,66+,23,0,0,0.03598438383342757,0.03598438383342756,0,147.4
TXN002267,CUST01223,2025-07-08 23:57:47,POS Purchase,Online Services,22.06,537.51,515.45,No,Web Browser,Canada,6.1,67,Male,85,0,0,66+,23,0,0,0.04104109690982483,0.04104109690982493,30,146.23
TXN002268,CUST00947,2025-07-09 06:15:23,POS Purchase,Restaurants,373.28,740.98,367.7,Yes,POS Terminal,Pakistan,4.2,57,Female,65,0,0,56-65,6,0,0,0.5037652838133283,0.5037652838133282,10,139.48
TXN002269,CUST00394,2025-07-09 12:03:15,Bank Transfer,Entertainment,312.9,6466.87,6153.97,,Web Browser,Germany,2.2,76,Female,2,0,0,66+,12,0,0,0.048385076551716616,0.04838507655171667,0,166.95
TXN002270,CUST01279,2025-07-09 14:03:56,Bill Payment,Jewelry & Luxury,181.44,31153.45,30972.01,,Mobile App,United Kingdom,16.2,36,Female,18,0,0,36-45,14,0,0,0.00582407405921342,0.005824074059213345,0,145.81
TXN002271,CUST00807,2025-07-09 16:14:56,Online Purchase,Fuel,15.49,4489.27,4473.78,No,Mobile App,Germany,8.3,81,Female,96,0,0,66+,16,0,0,0.0034504496276679037,0.0034504496276677498,0,147.4
TXN002272,CUST01432,2025-07-09 16:44:57,Online Purchase,Fuel,50.35,5523.33,5769.33,No,POS Terminal,Pakistan,1.4,51,Male,112,0,0,46-55,16,0,0,-0.044538349148068285,0.009115877559370888,0,147.4
TXN002273,CUST00813,2025-07-09 18:12:50,POS Purchase,Groceries,47.0,2399.13,2352.13,No,Mobile App,Pakistan,6.7,63,Female,10,0,0,56-65,18,0,0,0.01959043486597225,0.01959043486597225,30,130.62
TXN002274,CUST00326,2025-07-09 23:01:15,Bank Transfer,Electronics,46.98,4571.78,4524.8,,Web Browser,Germany,27.3,77,Male,7,1,0,66+,23,0,0,0.010276085025963534,0.01027608502596363,15,132.66
TXN002275,CUST00085,2025-07-10 13:09:58,Online Purchase,Electronics,101.25,5963.47,5862.22,Yes,Web Browser,United Kingdom,2.8,45,Female,111,0,0,36-45,13,0,0,0.016978369975869753,0.016978369975869753,0,132.66
TXN002276,CUST00949,2025-07-10 16:04:40,POS Purchase,Fuel,236.79,3364.68,3127.89,Yes,Web Browser,United States,2.9,49,Female,4,0,0,46-55,16,0,0,0.07037519169727878,0.0703751916972788,0,147.4
TXN002277,CUST01054,2025-07-10 19:05:30,POS Purchase,Home Improvement,207.78,8240.12,8032.34,Yes,POS Terminal,United States,9.7,74,Female,4,0,0,66+,19,0,0,0.025215652199239894,0.025215652199239814,0,202.64
TXN002278,CUST01137,2025-07-10 19:08:36,ATM Withdrawal,Electronics,161.1,1980.49,1819.39,Yes,Mobile App,Australia,44.8,79,Male,114,1,0,66+,19,0,0,0.08134350590005499,0.08134350590005503,15,132.66
TXN002279,CUST01254,2025-07-10 19:24:01,ATM Withdrawal,Healthcare,455.41,8154.12,7698.71,No,Mobile App,United Kingdom,7.4,49,Female,70,0,0,46-55,19,0,0,0.055850294084462807,0.05585029408446283,30,103.71
TXN002280,CUST00921,2025-07-11 08:47:26,Wire Transfer,Fashion & Apparel,496.32,727.87,231.55,,Mobile App,United Kingdom,14.0,47,Female,143,1,0,46-55,8,0,0,0.6818800060450355,0.6818800060450355,25,144.15
TXN002281,CUST00321,2025-07-11 12:38:24,Bill Payment,Electronics,97.28,3909.13,3811.85,,Mobile App,United Kingdom,4.9,60,Female,174,0,0,56-65,12,0,0,0.024885332542023467,0.024885332542023415,0,132.66
TXN002282,CUST00445,2025-07-11 13:41:51,Online Purchase,Healthcare,44.08,2902.9,2858.82,Yes,POS Terminal,Canada,2.0,63,Male,25,0,0,56-65,13,0,0,0.015184815184815159,0.015184815184815183,0,103.71
TXN002283,CUST00077,2025-07-11 14:08:13,Online Purchase,Fuel,79.42,1649.51,1570.09,No,Web Browser,India,25.1,84,Male,35,0,0,66+,14,0,0,0.04814763172093535,0.04814763172093531,0,147.4
TXN002284,CUST00657,2025-07-11 19:38:11,POS Purchase,Fuel,72.24,2717.6,2645.36,Yes,ATM Machine,United Kingdom,2.8,19,Male,142,0,0,18-25,19,0,0,0.026582278481012578,0.026582278481012658,0,147.4
TXN002285,CUST01171,2025-07-11 19:54:59,POS Purchase,Electronics,173.87,690.67,921.67,Yes,Mobile App,United States,17.9,48,Male,117,0,0,46-55,19,0,0,-0.3344578452806695,0.2517410630257576,0,132.66
TXN002286,CUST00165,2025-07-11 20:19:27,POS Purchase,Electronics,260.25,29855.46,29595.21,No,Web Browser,Pakistan,8.5,72,Female,121,0,0,66+,20,0,0,0.00871699849876706,0.00871699849876706,30,132.66
TXN002287,CUST00532,2025-07-12 07:53:35,Online Purchase,Groceries,86.8,3512.74,3425.94,No,POS Terminal,United States,11.0,40,Female,47,0,0,36-45,7,1,0,0.02471005539834993,0.024710055398350007,0,130.62
TXN002288,CUST00928,2025-07-12 08:09:21,Online Purchase,Utilities,112.71,7897.98,7785.27,Yes,POS Terminal,United Kingdom,5.2,21,Male,37,0,0,18-25,8,1,0,0.014270737581001615,0.014270737581001725,0,128.47
TXN002289,CUST00368,2025-07-12 10:35:58,POS Purchase,Utilities,441.84,2178.25,1736.41,No,POS Terminal,United States,13.3,82,Female,80,0,0,66+,10,1,0,0.2028417307471594,0.20284173074715942,30,128.47
TXN002290,CUST00213,2025-07-12 11:11:19,Online Purchase,Fashion & Apparel,22.02,3874.58,4212.58,No,Mobile App,UAE,5.2,27,Female,44,0,0,26-35,11,1,0,-0.08723526162835714,0.00568319663034445,0,144.15
TXN002291,CUST00707,2025-07-12 18:57:58,Online Purchase,Groceries,156.49,812.69,656.2,Yes,ATM Machine,United States,10.6,82,Male,42,0,0,66+,18,1,0,0.19255804796416837,0.19255804796416837,0,130.62
TXN002292,CUST01376,2025-07-13 08:42:22,POS Purchase,Online Services,34.64,3999.13,3964.49,Yes,POS Terminal,United States,6.3,59,Female,71,0,0,56-65,8,1,0,0.00866188395976133,0.008661883959761248,0,146.23
TXN002293,CUST00123,2025-07-13 13:37:35,Online Purchase,Electronics,86.49,1742.63,1656.14,Yes,Web Browser,United Kingdom,5.6,37,Male,81,0,0,36-45,13,1,0,0.049631878252985435,0.04963187825298542,0,132.66
TXN002294,CUST00055,2025-07-13 17:05:56,Bank Transfer,Online Services,27.33,9698.79,9671.46,,Mobile App,United States,22.5,78,Male,21,0,0,66+,17,1,0,0.0028178772815992247,0.0028178772815990443,0,146.23
TXN002295,CUST01088,2025-07-13 17:50:35,Bank Transfer,Electronics,253.24,2645.45,2392.21,,Mobile App,United States,7.6,29,Male,144,0,0,26-35,17,1,0,0.09572662495983662,0.0957266249598367,0,132.66
TXN002296,CUST00853,2025-07-13 20:30:45,Online Purchase,Entertainment,404.71,4534.22,5023.22,Yes,Web Browser,United States,10.1,29,Female,151,0,0,26-35,20,1,0,-0.10784655354173374,0.08925680712448887,0,166.95
TXN002297,CUST00824,2025-07-13 21:15:42,Online Purchase,Jewelry & Luxury,115.62,1809.77,2243.77,No,Web Browser,United States,3.8,38,Male,138,0,0,36-45,21,1,0,-0.23980947855252324,0.06388657122175746,0,145.81
TXN002298,CUST01162,2025-07-14 14:07:18,Online Purchase,Travel,85.55,15837.16,15751.61,Yes,POS Terminal,United States,25.4,40,Male,58,0,0,36-45,14,0,0,0.005401852352315647,0.005401852352315693,0,483.02
TXN002299,CUST00528,2025-07-14 15:45:45,Online Purchase,Restaurants,157.89,1909.87,1978.87,Yes,Web Browser,United States,63.0,62,Female,106,0,0,56-65,15,0,0,-0.03612811343180426,0.08267054825721122,0,139.48
TXN002300,CUST01408,2025-07-14 21:15:01,POS Purchase,Utilities,189.35,4906.07,4716.72,No,Web Browser,Canada,25.4,26,Female,66,0,0,26-35,21,0,0,0.038595046544382665,0.038595046544382776,30,128.47
TXN002301,CUST01369,2025-07-14 22:03:00,Online Purchase,Utilities,45.98,24535.88,24489.9,Yes,Mobile App,UAE,16.2,43,Male,139,0,0,36-45,22,0,0,0.0018739902542725005,0.0018739902542725183,0,128.47
TXN002302,CUST00177,2025-07-16 20:35:41,POS Purchase,Fuel,301.46,3995.58,3694.12,No,Mobile App,UAE,14.6,74,Male,38,0,0,66+,20,0,0,0.07544837044934653,0.07544837044934652,30,147.4
TXN002303,CUST01610,2025-07-17 08:12:03,POS Purchase,Home Improvement,117.72,15615.58,15497.86,No,POS Terminal,Canada,15.5,77,Male,85,0,0,66+,8,0,0,0.007538624886171333,0.007538624886171375,30,202.64
TXN002304,CUST00238,2025-07-17 09:43:33,Online Purchase,Groceries,119.12,5737.54,5618.42,No,POS Terminal,India,32.3,73,Male,48,0,0,66+,9,0,0,0.020761511030859898,0.020761511030859915,0,130.62
TXN002305,CUST00015,2025-07-17 18:29:27,POS Purchase,Online Services,87.81,7914.32,7826.51,Yes,Web Browser,Germany,8.0,78,Male,180,0,0,66+,18,0,0,0.011095078288469444,0.01109507828846951,0,146.23
TXN002306,CUST00359,2025-07-18 06:37:52,Online Purchase,Fuel,166.55,3019.71,2853.16,Yes,Mobile App,United Kingdom,26.2,75,Female,108,0,0,66+,6,0,0,0.05515430289663583,0.055154302896635775,0,147.4
TXN002307,CUST01615,2025-07-18 14:29:00,Online Purchase,Groceries,109.25,2762.72,2653.47,No,POS Terminal,United Kingdom,21.7,76,Female,33,0,0,66+,14,0,0,0.039544362077952165,0.039544362077952165,0,130.62
TXN002308,CUST00470,2025-07-19 03:40:12,Online Purchase,Groceries,108.84,3038.42,3215.42,Yes,POS Terminal,Pakistan,17.6,58,Male,108,0,0,56-65,3,1,1,-0.05825396094022551,0.035821249201887825,25,130.62
TXN002309,CUST00258,2025-07-20 10:19:31,POS Purchase,Groceries,285.38,2224.67,1939.29,No,Web Browser,United States,8.8,78,Female,168,0,0,66+,10,1,0,0.12827969991054858,0.12827969991054852,30,130.62
TXN002310,CUST00513,2025-07-20 19:02:31,Online Purchase,Groceries,152.23,1621.7,1469.47,Yes,ATM Machine,Pakistan,4.2,37,Female,149,0,0,36-45,19,1,0,0.09387062958623667,0.09387062958623665,0,130.62
TXN002311,CUST01169,2025-07-21 11:54:01,POS Purchase,Fuel,249.15,650.31,401.16,Yes,Web Browser,United Kingdom,67.0,64,Female,3,0,0,56-65,11,0,0,0.3831249711675969,0.38312497116759703,0,147.4
TXN002312,CUST00663,2025-07-21 15:01:16,POS Purchase,Fuel,378.03,2337.91,1959.88,No,Mobile App,United States,21.3,51,Female,105,0,0,46-55,15,0,0,0.1616957025719552,0.16169570257195529,30,147.4
TXN002313,CUST01208,2025-07-21 16:04:36,POS Purchase,Electronics,35.59,26029.74,25994.15,Yes,POS Terminal,Canada,6.9,20,Male,78,0,0,18-25,16,0,0,0.001367282193368053,0.0013672821933680475,0,132.66
TXN002315,CUST00995,2025-07-22 09:18:19,Online Purchase,Entertainment,155.79,789.81,905.81,Yes,POS Terminal,India,13.1,75,Male,146,0,0,66+,9,0,0,-0.14687076638685254,0.19724997151213583,0,166.95
TXN002316,CUST01265,2025-07-22 09:21:48,POS Purchase,Fashion & Apparel,142.1,5361.66,5219.56,Yes,Web Browser,Canada,0.4,59,Other,127,0,0,56-65,9,0,0,0.02650298601552494,0.026502986015525042,0,144.15
TXN002317,CUST00243,2025-07-22 19:16:16,POS Purchase,Restaurants,288.33,1914.02,1625.69,No,Mobile App,Australia,13.6,21,Male,137,1,0,18-25,19,0,0,0.15064105913208845,0.15064105913208847,45,139.48
TXN002318,CUST00781,2025-07-23 13:21:30,Bill Payment,Online Services,85.75,1504.23,1418.48,,Web Browser,Germany,7.1,56,Female,107,0,0,56-65,13,0,0,0.05700591000046536,0.05700591000046536,0,146.23
TXN002319,CUST00286,2025-07-23 14:55:29,ATM Withdrawal,Travel,35.6,30491.78,30456.18,No,POS Terminal,Canada,6.8,29,Female,140,0,0,26-35,14,0,0,0.0011675277730587897,0.0011675277730588377,30,483.02
TXN002320,CUST01253,2025-07-23 16:49:36,ATM Withdrawal,Fashion & Apparel,141.22,2196.98,2055.76,Yes,Mobile App,United Kingdom,1.5,48,Female,114,0,0,46-55,16,0,0,0.06427914682882857,0.06427914682882867,0,144.15
TXN002321,CUST00333,2025-07-24 00:26:17,Online Purchase,Online Services,343.0,3031.29,2688.29,No,POS Terminal,United States,5.7,85,Female,109,1,0,66+,0,0,1,0.11315314602034117,0.11315314602034117,40,146.23
TXN002322,CUST00038,2025-07-24 05:37:54,ATM Withdrawal,Travel,1566.71,1252.89,-313.82,Yes,Mobile App,United Kingdom,41.0,23,Male,61,1,1,18-25,5,0,1,1.0,1.2504768974131806,50,483.02
TXN002323,CUST00737,2025-07-24 16:23:11,ATM Withdrawal,Fashion & Apparel,43.4,6639.02,6595.62,Yes,POS Terminal,UAE,0.1,83,Female,35,0,0,66+,16,0,0,0.006537109392651407,0.006537109392651325,0,144.15
TXN002324,CUST01012,2025-07-24 16:30:53,POS Purchase,Healthcare,73.53,1066.18,992.65,Yes,Mobile App,Australia,8.6,22,Female,55,0,0,18-25,16,0,0,0.0689658406648034,0.06896584066480331,0,103.71
TXN002325,CUST00684,2025-07-24 18:31:40,Online Purchase,Groceries,170.13,2030.64,1860.51,Yes,Mobile App,United States,25.9,81,Female,124,0,0,66+,18,0,0,0.08378146791159442,0.08378146791159437,0,130.62
TXN002326,CUST00884,2025-07-25 18:40:51,ATM Withdrawal,Healthcare,50.24,14421.46,14371.22,Yes,Mobile App,Pakistan,16.0,78,Male,100,0,0,66+,18,0,0,0.003483697212348804,0.0034836972123488195,0,103.71
TXN002327,CUST00249,2025-07-25 20:37:50,POS Purchase,Online Services,56.33,1220.77,1484.77,Yes,Web Browser,Canada,27.6,35,Female,111,0,0,26-35,20,0,0,-0.2162569525791099,0.04614300810144417,0,146.23
TXN002328,CUST01446,2025-07-26 17:44:51,Bank Transfer,Travel,105.59,10814.16,10708.57,,Mobile App,United Kingdom,1.1,61,Male,101,0,0,56-65,17,1,0,0.009764050097279877,0.009764050097279863,0,483.02
TXN002329,CUST00051,2025-07-26 18:32:10,Wire Transfer,Groceries,176.18,2280.63,2104.45,,ATM Machine,Pakistan,16.2,55,Male,63,0,0,46-55,18,1,0,0.0772505842683821,0.07725058426838198,0,130.62
TXN002330,CUST01173,2025-07-27 08:12:16,Online Purchase,Electronics,25.41,3091.86,3470.86,Yes,Mobile App,Canada,6.7,69,Male,14,0,0,66+,8,1,0,-0.12257993570213399,0.00821835400050455,0,132.66
TXN002331,CUST01186,2025-07-27 09:46:24,POS Purchase,Utilities,18.58,6214.43,6531.43,Yes,Web Browser,United Kingdom,4.5,34,Male,112,0,0,26-35,9,1,0,-0.051010309875563806,0.0029898156387633294,0,128.47
TXN002332,CUST01293,2025-07-27 11:46:37,ATM Withdrawal,Online Services,108.13,5962.96,5854.83,Yes,Web Browser,Pakistan,5.1,34,Male,15,0,0,26-35,11,1,0,0.018133611494962253,0.018133611494962232,0,146.23
TXN002333,CUST01376,2025-07-27 11:58:42,Online Purchase,Fashion & Apparel,157.54,10102.67,10329.67,Yes,Mobile App,Canada,9.0,59,Male,26,0,0,56-65,11,1,0,-0.022469307618679022,0.015593897454831246,0,144.15
TXN002334,CUST00538,2025-07-27 18:30:17,POS Purchase,Restaurants,205.37,6991.98,6786.61,Yes,Web Browser,India,5.3,50,Female,3,0,0,46-55,18,1,0,0.02937222360475858,0.029372223604758597,0,139.48
TXN002335,CUST01297,2025-07-27 23:59:33,Bank Transfer,Electronics,76.8,2602.09,2525.29,,Mobile App,United States,1.5,66,Female,137,0,0,66+,23,1,0,0.029514736231260323,0.029514736231260254,0,132.66
TXN002336,CUST00501,2025-07-28 08:23:23,POS Purchase,Utilities,85.79,5701.89,5616.1,Yes,POS Terminal,United States,0.8,22,Male,71,0,0,18-25,8,0,0,0.015045888293179974,0.01504588829317998,0,128.47
TXN002337,CUST01418,2025-07-28 18:32:02,Bank Transfer,Travel,19.67,1755.54,1735.87,,Web Browser,Germany,11.9,55,Male,100,0,0,46-55,18,0,0,0.011204529660389437,0.011204529660389397,0,483.02
TXN002338,CUST00001,2025-07-28 19:50:30,Wire Transfer,Travel,934.98,7201.17,6266.19,,POS Terminal,Canada,90.3,45,Female,41,1,1,36-45,19,0,0,0.12983723478268122,0.12983723478268114,15,483.02
TXN002339,CUST00724,2025-07-28 21:56:39,POS Purchase,Online Services,43.57,19330.95,19287.38,No,Mobile App,Pakistan,6.8,22,Male,144,0,0,18-25,21,0,0,0.0022538985409408076,0.002253898540940823,30,146.23
TXN002340,CUST01232,2025-07-28 23:49:35,POS Purchase,Entertainment,42.15,2855.82,2813.67,No,Web Browser,Canada,1.3,79,Male,99,0,0,66+,23,0,0,0.014759333571443609,0.014759333571443578,30,166.95
TXN002341,CUST01225,2025-07-29 10:12:29,POS Purchase,Restaurants,44.59,6713.48,7048.48,Yes,POS Terminal,United Kingdom,22.9,74,Female,157,0,0,66+,10,0,0,-0.04989960497387346,0.006641860853089605,0,139.48
TXN002342,CUST01008,2025-07-29 16:47:12,Bill Payment,Healthcare,45.14,972.03,926.89,,Mobile App,United Kingdom,20.3,81,Female,105,0,0,66+,16,0,0,0.046438895918850226,0.04643889591885024,0,103.71
TXN002343,CUST01010,2025-07-29 17:50:36,POS Purchase,Travel,77.28,7711.93,7634.65,Yes,ATM Machine,Germany,28.3,62,Female,128,0,0,56-65,17,0,0,0.010020837844741932,0.010020837844741847,0,483.02
TXN002344,CUST00391,2025-07-29 20:50:40,Bank Transfer,Electronics,127.66,565.84,438.18,,POS Terminal,India,32.9,75,Female,156,0,0,66+,20,0,0,0.22561148027711017,0.22561148027711012,0,132.66
TXN002345,CUST00564,2025-07-29 21:31:04,Online Purchase,Home Improvement,210.36,2533.86,2323.5,Yes,Mobile App,Pakistan,19.8,60,Female,177,0,0,56-65,21,0,0,0.0830195827709503,0.08301958277095026,0,202.64
TXN002346,CUST00051,2025-07-29 23:40:38,POS Purchase,Electronics,852.45,4441.41,4887.41,No,Web Browser,United Kingdom,68.0,44,Male,2,1,1,36-45,23,0,0,-0.10041856077236734,0.1919322917722075,45,132.66
TXN002347,CUST00590,2025-07-31 11:14:00,POS Purchase,Restaurants,55.75,6314.83,6259.08,Yes,POS Terminal,United States,33.1,85,Female,16,0,0,66+,11,0,0,0.00882842451815805,0.00882842451815805,0,139.48
TXN002348,CUST00136,2025-07-31 16:46:49,ATM Withdrawal,Online Services,193.67,3426.8,3233.13,Yes,ATM Machine,Pakistan,30.3,27,Female,123,0,0,26-35,16,0,0,0.056516283413096786,0.05651628341309676,0,146.23
TXN002349,CUST00807,2025-08-01 12:44:11,POS Purchase,Groceries,153.94,3700.5,3546.56,Yes,Mobile App,India,6.6,68,Male,176,0,0,66+,12,0,0,0.04159978381299826,0.04159978381299824,0,130.62
TXN002350,CUST00711,2025-08-01 18:56:15,ATM Withdrawal,Fashion & Apparel,63.77,1641.46,1577.69,Yes,POS Terminal,United States,2.2,18,Female,79,0,0,18-25,18,0,0,0.03884956075688715,0.03884956075688716,0,144.15
TXN002351,CUST01433,2025-08-01 19:46:27,POS Purchase,Groceries,172.18,427.56,255.38,Yes,POS Terminal,United Kingdom,1.5,76,Male,78,0,0,66+,19,0,0,0.40270371409860606,0.40270371409860606,0,130.62
TXN002352,CUST00953,2025-08-02 07:44:55,Online Purchase,Groceries,43.48,1634.33,1750.33,Yes,Mobile App,Germany,1.5,51,Male,148,0,0,46-55,7,1,0,-0.07097709764857771,0.026604174187587572,0,130.62
TXN002353,CUST01574,2025-08-02 13:34:39,POS Purchase,Electronics,34.1,10622.71,10588.61,Yes,Mobile App,United States,1.9,38,Male,139,0,0,36-45,13,1,0,0.0032101036364542146,0.0032101036364543516,0,132.66
TXN002354,CUST00693,2025-08-02 16:09:49,POS Purchase,Entertainment,138.46,1882.8,1744.34,Yes,Mobile App,Canada,10.7,53,Male,146,0,0,46-55,16,1,0,0.07353940939026983,0.07353940939026982,0,166.95
TXN002355,CUST01332,2025-08-02 17:26:25,POS Purchase,Restaurants,146.04,3588.16,3442.12,No,Web Browser,India,6.4,37,Female,2,0,0,36-45,17,1,0,0.040700526174975465,0.04070052617497547,30,139.48
TXN002356,CUST00156,2025-08-02 19:13:21,ATM Withdrawal,Travel,24.85,3852.52,3827.67,Yes,POS Terminal,United Kingdom,26.0,62,Male,128,0,0,56-65,19,1,0,0.006450323424667467,0.00645032342466749,0,483.02
TXN002357,CUST01022,2025-08-03 07:40:47,Online Purchase,Travel,114.68,7222.3,7107.62,Yes,ATM Machine,Germany,30.3,59,Male,159,0,0,56-65,7,1,0,0.015878598230480635,0.015878598230480594,0,483.02
TXN002358,CUST01084,2025-08-03 09:59:39,Online Purchase,Fashion & Apparel,8.17,10322.94,10314.77,Yes,POS Terminal,United States,0.7,20,Male,52,0,0,18-25,9,1,0,0.0007914411979533033,0.0007914411979532962,0,144.15
TXN002359,CUST00531,2025-08-03 10:45:32,Bill Payment,Fuel,155.72,12879.38,12723.66,,Web Browser,Pakistan,1.3,27,Female,101,0,0,26-35,10,1,0,0.01209064411485641,0.01209064411485646,0,147.4
TXN002360,CUST01284,2025-08-03 17:00:30,Bill Payment,Utilities,150.02,15662.39,15512.37,,POS Terminal,Pakistan,6.8,77,Male,137,0,0,66+,17,1,0,0.009578359369163878,0.009578359369163967,0,128.47
TXN002361,CUST00771,2025-08-04 08:08:27,Bank Transfer,Restaurants,503.75,24487.63,23983.88,,POS Terminal,Pakistan,1.8,32,Female,134,1,0,26-35,8,0,0,0.020571611054234322,0.020571611054234322,15,139.48
TXN002362,CUST01624,2025-08-04 09:15:12,Wire Transfer,Online Services,240.37,2451.88,2211.51,,ATM Machine,United States,28.0,24,Female,75,0,0,18-25,9,0,0,0.09803497724195306,0.0980349772419531,0,146.23
TXN002363,CUST00151,2025-08-04 10:22:35,Online Purchase,Restaurants,81.22,709.24,1051.24,Yes,Web Browser,United Kingdom,19.4,48,Female,31,0,0,46-55,10,0,0,-0.4822063053409283,0.11451694771868479,0,139.48
TXN002364,CUST00713,2025-08-04 15:14:00,ATM Withdrawal,Utilities,29.93,2184.05,2154.12,Yes,Mobile App,United States,2.0,38,Female,73,0,0,36-45,15,0,0,0.013703898720267525,0.013703898720267392,0,128.47
TXN002365,CUST00859,2025-08-04 16:09:25,POS Purchase,Restaurants,526.68,8573.99,8047.31,Yes,POS Terminal,United States,0.4,66,Male,97,0,0,66+,16,0,0,0.061427643372572095,0.06142764337257216,0,139.48
TXN002366,CUST01727,2025-08-04 18:44:16,Online Purchase,Groceries,31.26,2708.57,2677.31,Yes,Mobile App,UAE,33.9,72,Female,22,0,0,66+,18,0,0,0.011541145327608375,0.011541145327608296,0,130.62
TXN002367,CUST01385,2025-08-04 20:43:58,POS Purchase,Electronics,223.52,725.16,501.64,Yes,POS Terminal,United Kingdom,54.3,31,Other,113,0,0,26-35,20,0,0,0.3082354239064482,0.30823542390644826,0,132.66
TXN002368,CUST01339,2025-08-05 01:34:56,Online Purchase,Fuel,119.49,12967.5,12848.01,No,Mobile App,Pakistan,3.5,80,Female,75,0,0,66+,1,0,1,0.009214574898785409,0.009214574898785424,25,147.4
TXN002369,CUST00239,2025-08-05 11:07:56,POS Purchase,Fashion & Apparel,55.76,25269.6,25213.84,Yes,POS Terminal,Pakistan,1.3,28,Female,110,0,0,26-35,11,0,0,0.0022066039826510275,0.002206603982651091,0,144.15
TXN002370,CUST01512,2025-08-05 13:12:22,POS Purchase,Online Services,606.17,3004.31,3436.31,Yes,Web Browser,United Kingdom,6.0,79,Male,14,0,0,66+,13,0,0,-0.14379341679120997,0.20176679503779568,0,146.23
TXN002371,CUST00317,2025-08-05 13:27:13,ATM Withdrawal,Utilities,85.15,1850.25,1765.1,No,Mobile App,United States,2.9,70,Male,5,0,0,66+,13,0,0,0.04602080799891911,0.04602080799891907,30,128.47
TXN002372,CUST00256,2025-08-05 20:27:08,ATM Withdrawal,Travel,108.6,10058.14,9949.54,No,Web Browser,UAE,6.7,68,Female,166,0,0,66+,20,0,0,0.01079722493423223,0.010797224934232373,30,483.02
TXN002373,CUST01090,2025-08-06 10:06:55,Bank Transfer,Utilities,65.19,2808.57,2743.38,,ATM Machine,Pakistan,9.7,57,Female,173,0,0,56-65,10,0,0,0.023211100310834357,0.023211100310834336,0,128.47
TXN002374,CUST00773,2025-08-06 12:40:06,ATM Withdrawal,Fashion & Apparel,63.94,3842.46,3778.52,Yes,Web Browser,United Kingdom,1.2,40,Female,56,0,0,36-45,12,0,0,0.01664038142231801,0.016640381422317992,0,144.15
TXN002375,CUST00687,2025-08-06 15:04:22,Online Purchase,Electronics,27.13,2746.22,2719.09,Yes,Mobile App,Canada,26.6,57,Male,159,0,0,56-65,15,0,0,0.009879033726358288,0.009879033726358413,0,132.66
TXN002376,CUST00420,2025-08-07 06:05:53,POS Purchase,Online Services,38.77,3092.55,3053.78,Yes,POS Terminal,India,7.0,61,Male,48,0,0,56-65,6,0,0,0.012536579845111633,0.01253657984511164,0,146.23
TXN002377,CUST01198,2025-08-07 07:56:55,Online Purchase,Electronics,40.81,8986.31,8945.5,No,ATM Machine,United Kingdom,18.5,39,Female,75,0,0,36-45,7,0,0,0.004541352345957294,0.0045413523459573515,0,132.66
TXN002378,CUST00690,2025-08-07 09:58:22,Bill Payment,Electronics,80.32,8654.55,8574.23,,Web Browser,Canada,2.6,19,Male,98,0,0,18-25,9,0,0,0.009280667394607428,0.00928066739460746,0,132.66
TXN002379,CUST00631,2025-08-07 14:30:58,Online Purchase,Fuel,188.87,2773.47,2584.6,No,Mobile App,United Kingdom,18.1,21,Male,123,0,0,18-25,14,0,0,0.06809880763087392,0.06809880763087396,0,147.4
TXN002380,CUST01128,2025-08-07 16:38:35,Online Purchase,Electronics,99.86,1598.67,1498.81,Yes,Web Browser,Canada,0.4,45,Male,10,0,0,36-45,16,0,0,0.06246442355207774,0.06246442355207766,0,132.66
TXN002381,CUST01564,2025-08-08 08:09:48,ATM Withdrawal,Fuel,35.16,2884.38,2849.22,Yes,POS Terminal,United States,3.6,82,Male,16,0,0,66+,8,0,0,0.012189794687246586,0.012189794687246477,0,147.4
TXN002382,CUST00913,2025-08-08 08:19:06,POS Purchase,Groceries,30.55,42731.33,42700.78,Yes,ATM Machine,Australia,9.6,39,Female,110,0,0,36-45,8,0,0,0.0007149321118720833,0.0007149321118720152,0,130.62
TXN002383,CUST00707,2025-08-08 18:20:41,Online Purchase,Utilities,18.43,4196.44,4178.01,No,POS Terminal,United Kingdom,3.6,78,Female,95,0,0,66+,18,0,0,0.004391817826538538,0.004391817826538686,0,128.47
TXN002384,CUST00930,2025-08-08 19:16:53,Bill Payment,Fuel,104.51,4228.1,4123.59,,Web Browser,United Kingdom,66.7,63,Male,83,0,0,56-65,19,0,0,0.024717958421040232,0.024717958421040184,0,147.4
TXN002385,CUST00170,2025-08-08 20:46:45,Online Purchase,Entertainment,104.71,1548.55,1443.84,Yes,Web Browser,United Kingdom,3.5,39,Male,146,0,0,36-45,20,0,0,0.067618094346324,0.06761809434632397,0,166.95
TXN002386,CUST00470,2025-08-09 15:50:52,Bank Transfer,Utilities,165.25,2675.12,2509.87,,Mobile App,Pakistan,39.7,45,Female,125,0,0,36-45,15,1,0,0.061772929812494395,0.061772929812494395,0,128.47
TXN002387,CUST00156,2025-08-09 16:17:37,Online Purchase,Groceries,166.98,4505.28,4338.3,No,Web Browser,Canada,20.7,81,Male,160,0,0,66+,16,1,0,0.03706317920306831,0.0370631792030684,0,130.62
TXN002388,CUST00904,2025-08-09 20:21:21,Bill Payment,Electronics,85.82,471.68,385.86,,POS Terminal,Pakistan,33.7,30,Male,133,0,0,26-35,20,1,0,0.18194538670284938,0.18194538670284938,0,132.66
TXN002389,CUST00060,2025-08-09 22:40:22,Wire Transfer,Electronics,76.99,6672.26,6595.27,,Mobile App,Germany,0.1,23,Male,93,0,0,18-25,22,1,0,0.011538818930916928,0.01153881893091696,0,132.66
TXN002390,CUST01689,2025-08-10 07:27:50,ATM Withdrawal,Travel,11.62,6249.74,6238.12,Yes,POS Terminal,Germany,2.1,27,Female,57,0,0,26-35,7,1,0,0.0018592773459375736,0.001859277345937591,0,483.02
TXN002391,CUST00199,2025-08-10 08:29:50,POS Purchase,Groceries,68.04,7826.97,7932.97,No,Web Browser,United Kingdom,25.7,65,Female,52,0,0,56-65,8,1,0,-0.013542916352049388,0.008693019137673966,30,130.62
TXN002392,CUST00428,2025-08-10 11:42:28,POS Purchase,Utilities,136.89,3166.05,3029.16,No,POS Terminal,United Kingdom,8.2,47,Female,39,0,0,46-55,11,1,0,0.04323684085848307,0.043236840858482964,30,128.47
TXN002393,CUST01586,2025-08-10 14:07:32,Online Purchase,Fuel,166.56,2071.87,1905.31,Yes,POS Terminal,United Kingdom,18.5,67,Female,180,0,0,66+,14,1,0,0.08039114423202226,0.08039114423202229,0,147.4
TXN002394,CUST00573,2025-08-10 15:41:13,Bill Payment,Fuel,118.98,20712.66,20593.68,,ATM Machine,Australia,11.6,41,Male,93,0,0,36-45,15,1,0,0.00574431289848815,0.0057443128984881716,0,147.4
TXN002395,CUST00148,2025-08-10 17:53:10,POS Purchase,Utilities,31.06,4542.03,4510.97,Yes,Mobile App,Pakistan,5.8,27,Female,138,0,0,26-35,17,1,0,0.006838352014407543,0.0068383520144076546,0,128.47
TXN002396,CUST01073,2025-08-10 20:04:50,POS Purchase,Utilities,95.88,11314.75,11218.87,No,Mobile App,Canada,14.8,81,Female,93,0,0,66+,20,1,0,0.008473894694977724,0.008473894694977793,30,128.47
TXN002397,CUST00086,2025-08-11 08:28:32,POS Purchase,Online Services,96.0,3942.31,3846.31,Yes,ATM Machine,Germany,37.4,48,Female,94,0,0,46-55,8,0,0,0.02435120525783107,0.02435120525783107,0,146.23
TXN002398,CUST01309,2025-08-11 10:26:55,Online Purchase,Jewelry & Luxury,108.32,1241.31,1365.31,Yes,POS Terminal,Pakistan,15.6,24,Male,35,0,0,18-25,10,0,0,-0.09989446632992564,0.08726264994239956,0,145.81
TXN002399,CUST01091,2025-08-11 16:04:09,Online Purchase,Fuel,81.16,2334.7,2253.54,Yes,POS Terminal,Germany,10.7,72,Female,129,0,0,66+,16,0,0,0.03476249625219508,0.034762496252195144,0,147.4
TXN002400,CUST01582,2025-08-12 06:04:55,Online Purchase,Restaurants,129.4,2684.64,2687.64,No,Web Browser,United Kingdom,6.1,65,Male,77,0,0,56-65,6,0,0,-0.0011174682639013053,0.0482001311162763,0,139.48
TXN002401,CUST01176,2025-08-12 12:29:17,Bank Transfer,Fashion & Apparel,111.96,2364.56,2252.6,,Mobile App,United Kingdom,3.4,58,Male,24,0,0,56-65,12,0,0,0.04734918970125522,0.0473491897012552,0,144.15
TXN002402,CUST00960,2025-08-12 19:21:06,Online Purchase,Electronics,15.26,5777.59,5762.33,No,Mobile App,United Kingdom,7.0,83,Male,21,0,0,66+,19,0,0,0.002641239686443693,0.0026412396864436555,0,132.66
TXN002403,CUST00117,2025-08-13 06:33:07,Online Purchase,Fuel,19.21,1709.38,1690.17,Yes,POS Terminal,United States,2.1,29,Female,47,0,0,26-35,6,0,0,0.011237992722507596,0.011237992722507575,0,147.4
TXN002404,CUST01006,2025-08-13 09:18:40,ATM Withdrawal,Utilities,39.9,8603.47,8563.57,No,Mobile App,India,23.0,31,Female,164,0,0,26-35,9,0,0,0.004637663640368321,0.004637663640368364,30,128.47
TXN002405,CUST00934,2025-08-13 11:00:38,Online Purchase,Groceries,374.99,5557.14,6032.14,Yes,Mobile App,United States,14.6,70,Male,160,0,0,66+,11,0,0,-0.08547562235250505,0.06747895500203342,0,130.62
TXN002406,CUST01432,2025-08-13 11:24:34,Online Purchase,Electronics,63.46,4104.14,4040.68,Yes,Web Browser,United States,6.2,34,Female,152,0,0,26-35,11,0,0,0.015462435491966766,0.015462435491966648,0,132.66
TXN002407,CUST01340,2025-08-13 14:13:27,Online Purchase,Travel,38.98,4591.21,4552.23,Yes,POS Terminal,United Kingdom,10.0,47,Male,158,0,0,46-55,14,0,0,0.008490136587087168,0.008490136587087064,0,483.02
TXN002408,CUST00710,2025-08-13 15:29:09,POS Purchase,Groceries,42.62,11789.2,11746.58,Yes,Mobile App,United Kingdom,0.4,40,Female,128,0,0,36-45,15,0,0,0.0036151732093781426,0.0036151732093780745,0,130.62
TXN002409,CUST00302,2025-08-13 16:01:44,Online Purchase,Fashion & Apparel,146.39,1385.03,1238.64,Yes,Mobile App,Germany,4.1,84,Female,32,0,0,66+,16,0,0,0.10569446149180875,0.10569446149180883,0,144.15
TXN002410,CUST00828,2025-08-13 16:05:23,POS Purchase,Travel,849.61,9597.23,8747.62,No,POS Terminal,India,0.6,84,Female,118,0,0,66+,16,0,0,0.08852658527512614,0.08852658527512626,30,483.02
TXN002411,CUST01011,2025-08-13 17:03:04,POS Purchase,Groceries,194.71,16777.69,16582.98,No,POS Terminal,UAE,27.8,55,Female,16,0,0,46-55,17,0,0,0.011605292504510404,0.011605292504510456,30,130.62
TXN002412,CUST01244,2025-08-13 17:32:23,POS Purchase,Groceries,57.54,2781.52,2723.98,Yes,Mobile App,United Kingdom,2.2,80,Male,134,0,0,66+,17,0,0,0.020686531105294934,0.020686531105294947,0,130.62
TXN002413,CUST00264,2025-08-14 08:28:58,POS Purchase,Groceries,734.52,27904.08,27995.08,No,ATM Machine,United States,4.3,84,Male,65,0,0,66+,8,0,0,-0.0032611718429706336,0.02632303233075593,30,130.62
TXN002414,CUST01387,2025-08-14 09:11:47,Wire Transfer,Restaurants,95.04,3725.12,3630.08,,Web Browser,India,18.5,69,Male,175,0,0,66+,9,0,0,0.025513272055665313,0.025513272055665323,0,139.48
TXN002415,CUST00602,2025-08-14 14:59:30,Bank Transfer,Fashion & Apparel,52.24,844.96,792.72,,Mobile App,Australia,1.4,18,Male,29,0,0,18-25,14,0,0,0.06182541185381557,0.061825411853815564,0,144.15
TXN002416,CUST01254,2025-08-15 10:53:29,ATM Withdrawal,Groceries,279.12,1749.21,1470.09,Yes,Web Browser,UAE,1.1,85,Male,160,1,0,66+,10,0,0,0.1595691769427342,0.15956917694273415,15,130.62
TXN002417,CUST00864,2025-08-15 14:39:36,Bank Transfer,Utilities,129.53,1117.88,988.35,,POS Terminal,India,17.2,25,Male,172,0,0,18-25,14,0,0,0.11587111317851655,0.11587111317851646,0,128.47
TXN002418,CUST01088,2025-08-15 19:25:12,Bank Transfer,Groceries,49.04,7176.36,7127.32,,Mobile App,Germany,9.1,63,Female,106,0,0,56-65,19,0,0,0.006833547926804113,0.006833547926804118,0,130.62
TXN002419,CUST01484,2025-08-15 19:49:33,POS Purchase,Online Services,70.06,7580.44,7510.38,No,Mobile App,Pakistan,27.6,78,Female,25,0,0,66+,19,0,0,0.009242207576341149,0.009242207576341217,30,146.23
TXN002420,CUST00061,2025-08-16 11:00:30,Online Purchase,Online Services,291.81,3739.33,3447.52,No,Web Browser,Germany,208.2,49,Female,15,3,1,46-55,11,1,0,0.07803804424856858,0.0780380442485686,65,146.23
TXN002421,CUST01720,2025-08-16 14:13:53,POS Purchase,Fuel,171.99,2528.75,2356.76,No,Mobile App,Australia,6.0,76,Female,67,0,0,66+,14,1,0,0.06801384083044974,0.06801384083044983,30,147.4
TXN002422,CUST00060,2025-08-16 16:05:16,ATM Withdrawal,Utilities,96.4,3163.07,3066.67,Yes,Mobile App,Canada,11.5,68,Female,135,0,0,66+,16,1,0,0.03047672040138223,0.0304767204013822,0,128.47
TXN002423,CUST01223,2025-08-16 19:29:58,Bank Transfer,Fuel,61.98,4509.63,4447.65,,Mobile App,United Kingdom,10.8,72,Male,29,0,0,66+,19,1,0,0.013743921341662281,0.013743921341662175,0,147.4
TXN002424,CUST00473,2025-08-16 22:52:48,Online Purchase,Groceries,226.1,2033.14,1807.04,No,Web Browser,Canada,13.8,42,Male,11,0,0,36-45,22,1,0,0.11120729511986392,0.11120729511986385,0,130.62
TXN002425,CUST00327,2025-08-17 07:12:07,Wire Transfer,Groceries,113.68,6976.58,6862.9,,ATM Machine,Canada,24.3,66,Male,127,0,0,66+,7,1,0,0.01629451679762868,0.01629451679762864,0,130.62
TXN002426,CUST00687,2025-08-17 14:41:32,Online Purchase,Utilities,130.27,16824.92,16694.65,No,Mobile App,Australia,7.8,59,Male,4,0,0,56-65,14,1,0,0.007742681688828049,0.00774268168882824,0,128.47
TXN002427,CUST00892,2025-08-17 15:31:15,POS Purchase,Electronics,189.73,2668.31,2478.58,Yes,ATM Machine,United States,28.0,56,Female,26,0,0,56-65,15,1,0,0.07110493158591019,0.07110493158591018,0,132.66
TXN002428,CUST01003,2025-08-17 16:48:15,POS Purchase,Fashion & Apparel,317.26,1044.81,727.55,Yes,ATM Machine,Australia,0.9,36,Female,40,0,0,36-45,16,1,0,0.30365329581455003,0.30365329581455003,0,144.15
TXN002429,CUST01434,2025-08-17 18:41:15,Bank Transfer,Fuel,152.58,6359.98,6207.4,,POS Terminal,Pakistan,23.4,18,Female,149,0,0,18-25,18,1,0,0.023990641480004644,0.023990641480004658,0,147.4
TXN002430,CUST01340,2025-08-17 20:39:59,Online Purchase,Home Improvement,335.89,4814.55,4478.66,No,ATM Machine,Pakistan,4.7,57,Male,106,0,0,56-65,20,1,0,0.06976560633911795,0.06976560633911788,0,202.64
TXN002431,CUST01332,2025-08-18 04:13:49,Online Purchase,Fuel,18.46,12135.75,12117.29,No,POS Terminal,Canada,4.0,34,Other,23,0,0,26-35,4,0,1,0.0015211255999834478,0.0015211255999835198,25,147.4
TXN002432,CUST00326,2025-08-18 17:21:45,Wire Transfer,Fashion & Apparel,139.9,7430.5,7290.6,,POS Terminal,Pakistan,32.2,32,Female,170,0,0,26-35,17,0,0,0.01882780432003225,0.0188278043200323,0,144.15
TXN002433,CUST00924,2025-08-18 18:55:14,Online Purchase,Online Services,90.04,3529.77,3439.73,Yes,POS Terminal,United Kingdom,2.0,19,Other,81,0,0,18-25,18,0,0,0.02550874419579745,0.02550874419579746,0,146.23
TXN002434,CUST01028,2025-08-18 20:46:08,POS Purchase,Electronics,109.19,912.81,803.62,No,POS Terminal,United States,17.4,65,Male,69,0,0,56-65,20,0,0,0.11961963606884231,0.11961963606884236,30,132.66
TXN002435,CUST00020,2025-08-19 00:26:43,POS Purchase,Healthcare,18.04,1094.32,1076.28,Yes,Mobile App,Pakistan,7.0,39,Male,52,0,0,36-45,0,0,1,0.016485123181519085,0.016485123181519117,25,103.71
TXN002436,CUST00326,2025-08-19 08:16:09,ATM Withdrawal,Travel,237.53,12482.93,12245.4,Yes,Mobile App,Germany,52.9,46,Female,12,0,0,46-55,8,0,0,0.01902838516277834,0.01902838516277829,0,483.02
TXN002437,CUST00605,2025-08-19 08:52:14,Online Purchase,Travel,112.92,1153.01,1040.09,No,ATM Machine,United States,11.0,38,Female,106,0,0,36-45,8,0,0,0.09793497020841109,0.09793497020841103,0,483.02
TXN002438,CUST00522,2025-08-19 19:04:22,Online Purchase,Electronics,50.7,6912.1,6861.4,No,POS Terminal,Pakistan,25.2,79,Male,112,0,0,66+,19,0,0,0.007334963325183479,0.007334963325183374,0,132.66
TXN002439,CUST00633,2025-08-19 19:55:05,Bill Payment,Healthcare,141.91,7353.59,7211.68,,Mobile App,United Kingdom,6.1,78,Female,45,0,0,66+,19,0,0,0.019298057139437996,0.019298057139438014,0,103.71
TXN002440,CUST01015,2025-08-19 20:54:44,Online Purchase,Groceries,119.98,4185.01,4065.03,No,POS Terminal,United Kingdom,10.5,79,Female,90,1,0,66+,20,0,0,0.028668987648775037,0.028668987648775034,15,130.62
TXN002441,CUST00946,2025-08-20 11:55:17,POS Purchase,Utilities,54.73,3152.72,3097.99,Yes,Mobile App,Germany,29.5,77,Female,136,0,0,66+,11,0,0,0.017359613286305167,0.01735961328630516,0,128.47
TXN002442,CUST00611,2025-08-20 13:53:07,POS Purchase,Utilities,64.32,800.57,736.25,Yes,Mobile App,Pakistan,2.9,39,Female,84,0,0,36-45,13,0,0,0.08034275578650217,0.0803427557865021,0,128.47
TXN002443,CUST00234,2025-08-20 17:59:11,Online Purchase,Restaurants,134.02,7037.0,6902.98,No,ATM Machine,United States,0.1,72,Male,159,0,0,66+,17,0,0,0.019045047605513777,0.019045047605513715,0,139.48
TXN002444,CUST01702,2025-08-20 18:33:34,Bank Transfer,Groceries,35.57,1315.3,1279.73,,POS Terminal,United Kingdom,4.2,81,Female,6,1,0,66+,18,0,0,0.027043260092754456,0.027043260092754505,15,130.62
TXN002445,CUST00687,2025-08-20 19:16:29,POS Purchase,Travel,221.33,5811.97,5590.64,Yes,Mobile App,India,9.7,76,Male,68,0,0,66+,19,0,0,0.038081751970502245,0.03808175197050226,0,483.02
TXN002446,CUST01578,2025-08-20 20:53:51,ATM Withdrawal,Fashion & Apparel,114.62,2948.46,2833.84,No,POS Terminal,Pakistan,18.0,65,Female,37,0,0,56-65,20,0,0,0.038874531111156296,0.03887453111115633,30,144.15
TXN002447,CUST01244,2025-08-21 11:05:27,Wire Transfer,Healthcare,71.76,7799.22,7727.46,,POS Terminal,Germany,22.3,80,Female,42,0,0,66+,11,0,0,0.009200920092009228,0.009200920092009202,0,103.71
TXN002448,CUST00203,2025-08-21 13:55:50,Bank Transfer,Healthcare,52.51,1320.23,1267.72,,Mobile App,Canada,13.8,28,Male,131,0,0,26-35,13,0,0,0.03977337282140232,0.03977337282140233,0,103.71
TXN002449,CUST00791,2025-08-21 18:21:39,POS Purchase,Fashion & Apparel,411.69,3422.34,3010.65,No,Web Browser,United States,1.2,78,Other,26,0,0,66+,18,0,0,0.12029488595522363,0.12029488595522361,30,144.15
TXN002450,CUST00038,2025-08-22 04:59:02,Online Purchase,Home Improvement,1004.06,882.92,-121.14,No,Web Browser,Pakistan,45.5,39,Male,21,1,1,36-45,4,0,1,1.0,1.1372038236759843,50,202.64
TXN002451,CUST01348,2025-08-23 10:06:41,Bank Transfer,Online Services,165.07,3572.36,3407.29,,Web Browser,Pakistan,35.8,63,Female,96,0,0,56-65,10,1,0,0.046207549071202274,0.046207549071202225,0,146.23
TXN002452,CUST00001,2025-08-23 13:58:50,Wire Transfer,Fashion & Apparel,93.46,1113.51,1020.05,,Mobile App,Pakistan,8.9,63,Male,108,0,0,56-65,13,1,0,0.08393278910831518,0.08393278910831514,0,144.15
TXN002453,CUST00581,2025-08-23 14:59:27,POS Purchase,Groceries,136.75,5254.11,5117.36,Yes,POS Terminal,United Kingdom,17.2,18,Female,119,0,0,18-25,14,1,0,0.026027243434187712,0.026027243434187712,0,130.62
TXN002454,CUST00748,2025-08-23 20:31:06,ATM Withdrawal,Fuel,111.55,50569.92,50458.37,Yes,POS Terminal,United States,6.7,42,Female,153,0,0,36-45,20,1,0,0.002205856762280732,0.0022058567622808183,0,147.4
TXN002455,CUST00121,2025-08-23 21:59:09,POS Purchase,Online Services,44.78,4379.28,4334.5,No,Mobile App,United Kingdom,0.8,45,Female,140,0,0,36-45,21,1,0,0.010225425184048462,0.010225425184048521,30,146.23
TXN002456,CUST00576,2025-08-24 10:47:58,Bank Transfer,Fuel,983.82,5238.48,4254.66,,Web Browser,Canada,16.5,77,Female,153,0,0,66+,10,1,0,0.18780638658542168,0.18780638658542176,0,147.4
TXN002457,CUST00153,2025-08-24 15:39:01,POS Purchase,Home Improvement,50.71,1690.64,1639.93,No,Mobile App,United States,10.5,80,Male,174,0,0,66+,15,1,0,0.02999455827378983,0.029994558273789808,30,202.64
TXN002458,CUST00235,2025-08-24 17:07:20,POS Purchase,Fashion & Apparel,258.95,12261.56,12002.61,Yes,Web Browser,Germany,43.1,73,Female,122,0,0,66+,17,1,0,0.02111884621532651,0.021118846215326597,0,144.15
TXN002459,CUST00871,2025-08-24 17:45:51,Online Purchase,Fuel,340.05,1318.84,978.79,Yes,Web Browser,Germany,11.8,59,Male,88,0,0,56-65,17,1,0,0.2578402232264717,0.25784022322647177,0,147.4
TXN002460,CUST01069,2025-08-25 11:43:44,POS Purchase,Groceries,151.28,13617.72,13466.44,No,Web Browser,Pakistan,43.4,25,Male,74,0,0,18-25,11,0,0,0.011109054966616941,0.011109054966617026,30,130.62
TXN002461,CUST00667,2025-08-25 12:40:59,Bill Payment,Fuel,75.96,2510.01,2434.05,,POS Terminal,United States,32.7,34,Male,22,0,0,26-35,12,0,0,0.03026282763813691,0.030262827638136893,0,147.4
TXN002462,CUST01596,2025-08-25 18:30:17,ATM Withdrawal,Healthcare,91.24,6724.51,6633.27,No,Web Browser,United States,14.9,24,Female,137,0,0,18-25,18,0,0,0.013568274863149847,0.01356827486314988,30,103.71
TXN002463,CUST00446,2025-08-25 19:30:45,Online Purchase,Utilities,275.35,882.76,607.41,Yes,Web Browser,United Kingdom,33.5,77,Male,15,0,0,66+,19,0,0,0.3119194345008836,0.3119194345008836,0,128.47
TXN002464,CUST00224,2025-08-26 08:54:37,POS Purchase,Utilities,67.34,721.56,654.22,Yes,POS Terminal,Pakistan,2.9,50,Other,62,0,0,46-55,8,0,0,0.0933255723709739,0.09332557237097401,0,128.47
TXN002465,CUST00615,2025-08-26 09:43:51,ATM Withdrawal,Groceries,255.39,9153.97,8898.58,No,Mobile App,United Kingdom,25.4,81,Male,56,0,0,66+,9,0,0,0.027899370437088983,0.027899370437089045,30,130.62
TXN002466,CUST00021,2025-08-26 19:22:30,ATM Withdrawal,Electronics,113.08,5480.23,5367.15,Yes,Mobile App,UAE,0.7,79,Female,149,0,0,66+,19,0,0,0.02063417046364841,0.020634170463648425,0,132.66
TXN002467,CUST01540,2025-08-26 20:24:47,Online Purchase,Online Services,149.46,1439.82,1290.36,No,Web Browser,Australia,18.5,48,Male,106,0,0,46-55,20,0,0,0.10380464224694756,0.10380464224694755,0,146.23
TXN002468,CUST00369,2025-08-27 12:06:52,Online Purchase,Home Improvement,223.16,1654.64,1431.48,No,Mobile App,Australia,4.3,71,Female,43,0,0,66+,12,0,0,0.13486921626456513,0.13486921626456508,0,202.64
TXN002469,CUST01392,2025-08-27 13:46:54,POS Purchase,Online Services,97.53,893.03,795.5,No,Mobile App,Germany,6.4,45,Male,14,0,0,36-45,13,0,0,0.10921245646842768,0.10921245646842771,30,146.23
TXN002470,CUST00215,2025-08-27 20:20:02,Bank Transfer,Utilities,57.14,9987.23,9930.09,,POS Terminal,United States,14.1,38,Female,15,0,0,36-45,20,0,0,0.00572130610789973,0.005721306107899789,0,128.47
TXN002471,CUST00433,2025-08-28 10:14:01,Online Purchase,Fashion & Apparel,146.99,1689.63,1801.63,Yes,Web Browser,Canada,12.9,29,Female,129,0,0,26-35,10,0,0,-0.06628670182229245,0.086995377686239,0,144.15
TXN002472,CUST01589,2025-08-28 13:02:07,Bank Transfer,Groceries,60.47,2997.93,2937.46,,POS Terminal,United States,13.0,84,Female,158,0,0,66+,13,0,0,0.020170584369881818,0.020170584369881887,0,130.62
TXN002473,CUST00780,2025-08-28 18:21:56,POS Purchase,Online Services,76.51,2250.2,2173.69,Yes,POS Terminal,United Kingdom,13.9,41,Female,129,0,0,36-45,18,0,0,0.034001422095813603,0.03400142209581371,0,146.23
TXN002474,CUST00705,2025-08-28 19:10:48,Online Purchase,Groceries,256.7,5817.92,5561.22,Yes,Mobile App,Pakistan,1.4,30,Female,178,0,0,26-35,19,0,0,0.044122298003410124,0.04412229800341015,0,130.62
TXN002475,CUST00950,2025-08-28 22:50:21,Bill Payment,Jewelry & Luxury,108.81,808.54,699.73,,POS Terminal,United Kingdom,22.8,69,Female,54,1,0,66+,22,0,0,0.13457590224355004,0.13457590224355012,15,145.81
TXN002476,CUST00010,2025-08-28 23:17:10,Bank Transfer,Restaurants,1920.91,1823.55,-97.36,,Web Browser,United States,112.1,38,Female,44,1,1,36-45,23,0,0,1.0,1.0533903649474925,45,139.48
TXN002477,CUST00145,2025-08-29 11:13:14,Online Purchase,Home Improvement,806.76,2747.52,2921.52,No,ATM Machine,Canada,13.2,18,Female,133,0,0,18-25,11,0,0,-0.0633298392732355,0.2936320754716981,0,202.64
TXN002478,CUST01338,2025-08-29 12:04:53,Bank Transfer,Fuel,510.66,284.09,-226.57,,POS Terminal,United States,1.0,33,Female,21,0,0,26-35,12,0,0,1.0,1.797528952092647,10,147.4
TXN002479,CUST00698,2025-08-29 14:46:05,Bank Transfer,Utilities,44.57,2358.9,2314.33,,ATM Machine,Pakistan,8.2,81,Male,98,0,0,66+,14,0,0,0.018894399932171842,0.018894399932171773,0,128.47
TXN002480,CUST00719,2025-08-29 15:07:03,ATM Withdrawal,Fashion & Apparel,62.05,2625.56,2563.51,No,POS Terminal,United Kingdom,28.0,67,Male,145,0,0,66+,15,0,0,0.023633053520010865,0.02363305352001097,30,144.15
TXN002481,CUST00476,2025-08-30 14:06:11,Online Purchase,Electronics,11.96,7418.33,7406.37,Yes,POS Terminal,United States,0.0,41,Female,71,0,0,36-45,14,1,0,0.001612222697022111,0.0016122226970221062,0,132.66
TXN002482,CUST00752,2025-08-30 19:38:40,ATM Withdrawal,Electronics,191.85,4588.54,4396.69,Yes,Web Browser,Pakistan,33.9,75,Male,71,0,0,66+,19,1,0,0.04181068488015804,0.04181068488015796,0,132.66
TXN002483,CUST00702,2025-08-31 18:07:19,POS Purchase,Restaurants,172.34,1219.57,1527.57,No,Web Browser,United Kingdom,16.9,60,Female,163,0,0,56-65,18,1,0,-0.25254802922341485,0.14131210180637438,30,139.48
TXN002484,CUST00011,2025-09-01 11:20:51,Online Purchase,Fashion & Apparel,317.36,2140.16,1822.8,No,Mobile App,United Kingdom,276.8,48,Female,14,0,1,46-55,11,0,0,0.1482879784688995,0.14828797846889955,20,144.15
TXN002485,CUST00233,2025-09-01 16:36:41,Bank Transfer,Electronics,57.69,1456.08,1398.39,,Mobile App,United States,9.8,85,Male,137,0,0,66+,16,0,0,0.03962007582000977,0.03962007582000989,0,132.66
TXN002486,CUST01582,2025-09-01 20:30:36,Online Purchase,Fashion & Apparel,232.43,3455.29,3222.86,No,POS Terminal,United Kingdom,1.2,71,Female,22,0,0,66+,20,0,0,0.06726787042476894,0.06726787042476898,0,144.15
TXN002487,CUST01598,2025-09-01 23:41:47,Online Purchase,Online Services,38.93,19181.54,19142.61,No,ATM Machine,Germany,3.4,61,Female,136,0,0,56-65,23,0,0,0.002029555499714845,0.00202955549971483,0,146.23
TXN002488,CUST01273,2025-09-02 07:39:50,Online Purchase,Entertainment,55.92,2802.8,2746.88,No,Web Browser,United States,3.8,36,Female,125,0,0,36-45,7,0,0,0.01995147709433426,0.019951477094334237,0,166.95
TXN002489,CUST01301,2025-09-02 19:35:16,POS Purchase,Groceries,57.8,4135.02,4077.22,No,Mobile App,Pakistan,4.9,40,Male,25,0,0,36-45,19,0,0,0.013978166973799553,0.013978166973799399,30,130.62
TXN002490,CUST01068,2025-09-03 11:29:16,Online Purchase,Groceries,72.39,8480.45,8979.45,No,POS Terminal,Canada,21.7,51,Female,5,0,0,46-55,11,0,0,-0.05884121715239167,0.008536103626576419,0,130.62
TXN002491,CUST01403,2025-09-03 14:22:06,Online Purchase,Fuel,286.18,3012.62,3279.62,No,POS Terminal,Australia,16.5,84,Female,58,1,0,66+,14,0,0,-0.08862717501709476,0.09499372639098194,15,147.4
TXN002492,CUST00745,2025-09-03 16:23:38,Bill Payment,Restaurants,94.22,4928.99,4834.77,,Mobile App,Germany,14.9,38,Female,15,0,0,36-45,16,0,0,0.019115478018823198,0.01911547801882333,0,139.48
TXN002493,CUST01294,2025-09-04 09:38:28,Wire Transfer,Travel,79.31,59869.63,59790.32,,ATM Machine,Canada,33.8,72,Male,15,0,0,66+,9,0,0,0.0013247117110962215,0.0013247117110962603,0,483.02
TXN002494,CUST00845,2025-09-04 18:00:19,Online Purchase,Restaurants,39.24,9553.22,9513.98,No,Mobile App,Germany,11.1,34,Female,24,1,0,26-35,18,0,0,0.004107515581133878,0.0041075155811339005,15,139.48
TXN002495,CUST01291,2025-09-04 19:46:24,ATM Withdrawal,Restaurants,156.3,1216.67,1060.37,Yes,Web Browser,Germany,38.3,83,Female,132,0,0,66+,19,0,0,0.12846540146465366,0.12846540146465352,0,139.48
TXN002496,CUST00048,2025-09-04 22:12:51,Online Purchase,Electronics,1688.22,4595.88,2907.66,Yes,ATM Machine,United States,325.7,20,Female,72,0,1,18-25,22,0,0,0.36733335074022827,0.3673333507402282,20,132.66
TXN002497,CUST01465,2025-09-05 05:08:27,ATM Withdrawal,Restaurants,571.42,2360.61,1789.19,No,Mobile App,Canada,0.0,52,Female,174,0,0,46-55,5,0,1,0.24206455111178893,0.24206455111178887,55,139.48
TXN002498,CUST00844,2025-09-05 14:06:22,Bill Payment,Travel,125.96,24535.35,24409.39,,POS Terminal,Pakistan,6.3,50,Male,159,0,0,46-55,14,0,0,0.0051338171250868295,0.005133817125086864,0,483.02
TXN002499,CUST00629,2025-09-05 17:04:04,Online Purchase,Utilities,25.15,1968.3,1943.15,Yes,POS Terminal,United Kingdom,8.1,71,Female,158,0,0,66+,17,0,0,0.012777523751460582,0.012777523751460651,0,128.47
TXN002500,CUST00732,2025-09-05 17:12:19,Online Purchase,Healthcare,60.7,1672.51,1611.81,No,Mobile App,Pakistan,21.0,82,Female,160,0,0,66+,17,0,0,0.036292757591882885,0.036292757591882864,0,103.71
TXN002501,CUST00097,2025-09-05 23:59:29,POS Purchase,Healthcare,299.92,13619.05,14074.05,Yes,Mobile App,Canada,3.6,36,Male,152,0,0,36-45,23,0,0,-0.033409085068341775,0.022022094052081463,0,103.71
TXN002502,CUST01248,2025-09-06 02:18:48,Online Purchase,Home Improvement,381.51,1423.14,1041.63,Yes,POS Terminal,United Kingdom,16.1,27,Female,101,0,0,26-35,2,1,1,0.26807622581053164,0.26807622581053164,25,202.64
TXN002503,CUST01267,2025-09-06 11:43:45,Bank Transfer,Healthcare,137.02,2081.38,1944.36,,Mobile App,United Kingdom,20.0,77,Male,23,0,0,66+,11,1,0,0.06583132344886575,0.06583132344886566,0,103.71
TXN002504,CUST01599,2025-09-06 12:29:55,Bank Transfer,Fuel,382.0,1704.12,1322.12,,ATM Machine,United Kingdom,0.7,50,Male,95,0,0,46-55,12,1,0,0.22416261765603362,0.22416261765603362,0,147.4
TXN002505,CUST01060,2025-09-06 13:24:08,Bank Transfer,Utilities,267.3,31899.38,31632.08,,Web Browser,Germany,20.3,50,Male,85,0,0,46-55,13,1,0,0.008379473206062289,0.008379473206062311,0,128.47
TXN002506,CUST00778,2025-09-06 21:06:02,Bill Payment,Restaurants,107.13,484.55,377.42,,Mobile App,United States,2.1,84,Other,54,0,0,66+,21,1,0,0.22109173459911258,0.22109173459911258,0,139.48
TXN002507,CUST01268,2025-09-07 14:40:32,Wire Transfer,Groceries,126.68,4917.49,4790.81,,Mobile App,United Kingdom,6.9,75,Male,50,0,0,66+,14,1,0,0.025761109834488607,0.025761109834488736,0,130.62
TXN002508,CUST00637,2025-09-07 19:58:01,POS Purchase,Fashion & Apparel,122.01,677.06,555.05,Yes,POS Terminal,United States,3.0,47,Female,99,0,0,46-55,19,1,0,0.18020559477742001,0.18020559477742004,0,144.15
TXN002509,CUST00338,2025-09-08 10:41:49,Online Purchase,Groceries,117.74,2443.99,2845.99,Yes,Web Browser,United Kingdom,17.4,40,Male,120,0,0,36-45,10,0,0,-0.16448512473455293,0.04817531986628423,0,130.62
TXN002510,CUST00801,2025-09-08 10:55:14,POS Purchase,Fuel,180.4,4014.39,4303.39,No,Mobile App,United States,18.3,44,Male,124,0,0,36-45,10,0,0,-0.07199101233313167,0.04493833434220392,30,147.4
TXN002511,CUST00602,2025-09-08 18:38:56,Bank Transfer,Online Services,626.19,3045.91,2419.72,,POS Terminal,Pakistan,10.0,48,Male,141,0,0,46-55,18,0,0,0.20558388133595545,0.20558388133595545,0,146.23
TXN002512,CUST01372,2025-09-09 09:33:31,POS Purchase,Restaurants,154.82,2507.78,2352.96,Yes,Mobile App,United Kingdom,20.2,58,Female,139,0,0,56-65,9,0,0,0.06173587794782642,0.061735877947826354,0,139.48
TXN002513,CUST01692,2025-09-09 09:49:15,Online Purchase,Electronics,94.87,4683.23,4588.36,No,POS Terminal,United Kingdom,5.5,52,Male,95,0,0,46-55,9,0,0,0.020257386461907678,0.020257386461907702,0,132.66
TXN002514,CUST00928,2025-09-09 10:21:01,POS Purchase,Entertainment,60.12,4564.2,4818.2,No,POS Terminal,Germany,1.9,56,Female,136,0,0,56-65,10,0,0,-0.055650497348933,0.013172078348889182,30,166.95
TXN002515,CUST01100,2025-09-09 12:56:25,POS Purchase,Fuel,146.34,1916.63,1770.29,No,Mobile App,United States,4.9,32,Male,96,0,0,26-35,12,0,0,0.07635276500941764,0.07635276500941757,30,147.4
TXN002516,CUST01550,2025-09-09 16:01:40,Bill Payment,Fuel,153.44,682.02,528.58,,Mobile App,Canada,2.7,45,Female,169,0,0,36-45,16,0,0,0.22497873962640383,0.2249787396264039,0,147.4
TXN002517,CUST01196,2025-09-09 17:16:05,ATM Withdrawal,Healthcare,339.85,3760.88,3421.03,No,POS Terminal,Canada,19.3,66,Male,133,0,0,66+,17,0,0,0.09036448916211097,0.090364489162111,30,103.71
TXN002518,CUST00040,2025-09-09 21:58:56,Online Purchase,Online Services,2866.22,4284.12,1417.9,No,Web Browser,United Kingdom,37.1,19,Male,3,0,1,18-25,21,0,0,0.669033547146205,0.669033547146205,10,146.23
TXN002519,CUST00125,2025-09-10 12:40:53,Bill Payment,Fuel,73.16,7062.58,6989.42,,Mobile App,Pakistan,5.9,39,Male,59,0,0,36-45,12,0,0,0.010358820714243216,0.010358820714243237,0,147.4
TXN002520,CUST00302,2025-09-10 16:29:32,Wire Transfer,Groceries,18.23,2123.14,2104.91,,POS Terminal,Pakistan,16.7,29,Male,36,0,0,26-35,16,0,0,0.008586339101519456,0.008586339101519447,0,130.62
TXN002521,CUST01427,2025-09-11 20:15:23,POS Purchase,Healthcare,417.18,2451.3,2034.12,Yes,Mobile App,United Kingdom,11.0,25,Male,141,0,0,18-25,20,0,0,0.17018724758291529,0.17018724758291517,0,103.71
TXN002522,CUST00435,2025-09-11 20:32:18,Online Purchase,Online Services,136.5,652.39,515.89,No,Mobile App,Germany,0.7,79,Female,104,0,0,66+,20,0,0,0.2092306749030488,0.2092306749030488,0,146.23
TXN002523,CUST01169,2025-09-12 10:20:49,ATM Withdrawal,Travel,21.25,1887.08,1865.83,Yes,Mobile App,United States,86.9,71,Other,84,0,0,66+,10,0,0,0.011260783856540264,0.011260783856540264,0,483.02
TXN002524,CUST01106,2025-09-12 15:39:37,POS Purchase,Restaurants,35.66,1788.91,1753.25,No,Web Browser,UAE,4.4,64,Female,173,0,0,56-65,15,0,0,0.019933926245590934,0.01993392624559089,30,139.48
TXN002525,CUST01387,2025-09-13 11:30:50,POS Purchase,Fuel,83.82,14104.95,14021.13,Yes,Web Browser,United Kingdom,18.4,60,Female,30,0,0,56-65,11,1,0,0.005942594621037404,0.005942594621037294,0,147.4
TXN002526,CUST00869,2025-09-13 14:34:58,Online Purchase,Fuel,237.23,4912.92,4675.69,No,POS Terminal,Pakistan,8.4,46,Other,5,0,0,46-55,14,1,0,0.048286965796308604,0.048286965796308506,0,147.4
TXN002527,CUST00642,2025-09-13 16:19:16,Online Purchase,Groceries,30.27,2214.63,2184.36,Yes,Web Browser,United Kingdom,12.1,46,Female,13,0,0,46-55,16,1,0,0.013668197396404808,0.013668197396404817,0,130.62
TXN002528,CUST00989,2025-09-14 06:35:28,ATM Withdrawal,Groceries,231.58,8855.18,8623.6,No,Mobile App,United Kingdom,3.9,76,Male,2,0,0,66+,6,1,0,0.026151924636201626,0.026151924636201637,30,130.62
TXN002529,CUST00051,2025-09-14 19:38:15,ATM Withdrawal,Jewelry & Luxury,214.67,9704.13,9489.46,No,POS Terminal,United States,131.5,30,Other,27,0,1,26-35,19,1,0,0.022121509089428944,0.022121509089428934,50,145.81
TXN002530,CUST00660,2025-09-15 06:33:58,Bill Payment,Healthcare,226.48,3987.46,3760.98,,Web Browser,Australia,40.6,62,Male,30,0,0,56-65,6,0,0,0.05679806192413216,0.05679806192413215,0,103.71
TXN002531,CUST00080,2025-09-15 16:50:57,Bill Payment,Travel,732.92,4727.63,3994.71,,Web Browser,United States,2.2,21,Male,66,0,0,18-25,16,0,0,0.1550290526119853,0.15502905261198527,0,483.02
TXN002532,CUST00617,2025-09-16 08:14:26,Bill Payment,Fashion & Apparel,99.09,3433.04,3333.95,,Web Browser,United Kingdom,3.2,48,Male,139,0,0,46-55,8,0,0,0.02886363106750872,0.028863631067508683,0,144.15
TXN002533,CUST00403,2025-09-16 09:39:09,Online Purchase,Home Improvement,51.6,7411.9,7360.3,Yes,ATM Machine,Germany,26.0,47,Female,78,0,0,46-55,9,0,0,0.006961777681835893,0.006961777681835967,0,202.64
TXN002534,CUST01422,2025-09-16 09:39:52,POS Purchase,Fashion & Apparel,52.98,2720.76,3192.76,No,Web Browser,United States,7.4,81,Female,6,0,0,66+,9,0,0,-0.1734809391493553,0.019472500330789923,30,144.15
TXN002535,CUST00444,2025-09-16 14:10:10,Online Purchase,Utilities,260.22,17632.34,17372.12,Yes,Mobile App,Germany,2.4,27,Male,93,0,0,26-35,14,0,0,0.014758109246986001,0.014758109246985937,0,128.47
TXN002536,CUST01718,2025-09-16 20:09:02,Online Purchase,Healthcare,424.87,7294.13,6869.26,Yes,ATM Machine,UAE,6.1,75,Male,172,0,0,66+,20,0,0,0.058248207805454505,0.058248207805454526,0,103.71
TXN002537,CUST00584,2025-09-16 20:52:49,Online Purchase,Entertainment,114.43,5779.07,5664.64,Yes,Mobile App,Canada,0.1,52,Male,99,0,0,46-55,20,0,0,0.019800763790713626,0.019800763790713733,0,166.95
TXN002538,CUST00737,2025-09-18 12:41:50,POS Purchase,Restaurants,70.11,1106.31,1036.2,No,Mobile App,Pakistan,63.1,18,Female,26,0,0,18-25,12,0,0,0.0633728340157821,0.0633728340157822,30,139.48
TXN002539,CUST00945,2025-09-19 12:14:59,POS Purchase,Groceries,76.17,1535.44,1459.27,No,Web Browser,United States,13.2,39,Female,106,0,0,36-45,12,0,0,0.0496079299744699,0.04960792997446986,30,130.62
TXN002540,CUST00019,2025-09-19 14:27:29,Wire Transfer,Electronics,282.06,2915.88,2633.82,,Web Browser,United Kingdom,3.8,60,Male,43,0,0,56-65,14,0,0,0.09673237581793487,0.0967323758179349,0,132.66
TXN002541,CUST00726,2025-09-19 16:08:21,POS Purchase,Healthcare,146.54,493.57,347.03,No,ATM Machine,Pakistan,11.8,71,Female,144,0,0,66+,16,0,0,0.2968981096906214,0.29689810969062136,30,103.71
TXN002542,CUST01135,2025-09-19 17:25:19,Online Purchase,Online Services,151.55,2360.49,2208.94,Yes,Mobile App,Canada,24.8,74,Female,10,0,0,66+,17,0,0,0.06420277145846826,0.06420277145846838,0,146.23
TXN002543,CUST00660,2025-09-19 17:46:07,ATM Withdrawal,Entertainment,44.93,1235.19,1190.26,No,Web Browser,United Kingdom,8.1,21,Female,15,0,0,18-25,17,0,0,0.03637497065228836,0.03637497065228831,30,166.95
TXN002544,CUST01287,2025-09-19 20:50:22,Wire Transfer,Groceries,110.61,854.74,744.13,,POS Terminal,United Kingdom,11.5,63,Male,54,0,0,56-65,20,0,0,0.12940777312399093,0.12940777312399093,0,130.62
TXN002545,CUST00495,2025-09-20 06:25:08,POS Purchase,Groceries,132.7,10291.03,10158.33,Yes,POS Terminal,UAE,14.5,42,Other,176,0,0,36-45,6,1,0,0.012894724823462832,0.012894724823462761,0,130.62
TXN002546,CUST00767,2025-09-20 13:51:19,Wire Transfer,Electronics,82.25,4039.7,3957.45,,Web Browser,United Kingdom,1.1,71,Female,96,0,0,66+,13,1,0,0.02036042280367354,0.02036042280367354,0,132.66
TXN002547,CUST00965,2025-09-20 15:17:12,Online Purchase,Restaurants,312.5,1824.76,1512.26,No,Web Browser,United Kingdom,22.8,39,Other,88,0,0,36-45,15,1,0,0.17125539797014402,0.17125539797014402,0,139.48
TXN002548,CUST00202,2025-09-21 09:15:21,POS Purchase,Healthcare,162.15,7343.63,7181.48,No,POS Terminal,United Kingdom,5.2,65,Female,79,0,0,56-65,9,1,0,0.022080360802491483,0.02208036080249141,30,103.71
TXN002549,CUST01191,2025-09-21 10:50:31,POS Purchase,Online Services,62.57,1807.17,1744.6,No,Mobile App,India,2.1,64,Female,107,0,0,56-65,10,1,0,0.03462319538283624,0.03462319538283615,30,146.23
TXN002550,CUST00181,2025-09-21 18:47:14,Online Purchase,Restaurants,42.66,9994.47,10362.47,No,Web Browser,United States,8.6,71,Male,3,0,0,66+,18,1,0,-0.03682036165999798,0.004268360403303026,0,139.48
TXN002551,CUST00360,2025-09-22 09:43:53,Bill Payment,Fuel,72.02,5705.75,5633.73,,Web Browser,United Kingdom,13.3,38,Female,97,0,0,36-45,9,0,0,0.012622354642246933,0.012622354642246855,0,147.4
TXN002552,CUST00009,2025-09-22 12:16:06,POS Purchase,Groceries,314.02,585.75,271.73,No,Web Browser,United States,9.9,68,Male,160,0,0,66+,12,0,0,0.5360990183525395,0.5360990183525395,40,130.62
TXN002553,CUST00593,2025-09-22 13:04:11,Online Purchase,Electronics,131.05,11514.87,11707.87,Yes,Web Browser,Pakistan,12.3,61,Male,80,0,0,56-65,13,0,0,-0.016760936076568818,0.011380936128675356,0,132.66
TXN002554,CUST00493,2025-09-22 13:43:38,POS Purchase,Fuel,153.67,2222.13,2068.46,Yes,POS Terminal,United States,0.1,33,Male,114,0,0,26-35,13,0,0,0.06915436990635114,0.0691543699063511,0,147.4
TXN002555,CUST01487,2025-09-22 16:15:04,Online Purchase,Home Improvement,201.08,1027.18,826.1,Yes,Mobile App,Germany,5.0,64,Male,33,0,0,56-65,16,0,0,0.1957592632255301,0.19575926322553008,0,202.64
TXN002556,CUST00416,2025-09-22 20:24:05,Wire Transfer,Online Services,1488.75,2523.07,1034.32,,POS Terminal,United States,2.4,61,Female,133,0,0,56-65,20,0,0,0.5900549727118154,0.5900549727118153,10,146.23
TXN002557,CUST01555,2025-09-22 23:30:42,Online Purchase,Fashion & Apparel,37.83,2567.34,2529.51,No,Web Browser,Canada,9.9,66,Female,39,0,0,66+,23,0,0,0.014735095468461492,0.01473509546846152,0,144.15
TXN002558,CUST00205,2025-09-23 09:26:45,POS Purchase,Home Improvement,104.9,9178.84,9073.94,Yes,ATM Machine,Germany,24.4,84,Male,149,0,0,66+,9,0,0,0.011428459369593504,0.011428459369593543,0,202.64
TXN002559,CUST01143,2025-09-23 12:02:43,POS Purchase,Electronics,110.65,7043.57,6932.92,No,Mobile App,United States,10.3,34,Male,121,0,0,26-35,12,0,0,0.015709363291626213,0.015709363291626265,30,132.66
TXN002560,CUST00038,2025-09-23 19:20:33,Online Purchase,Electronics,644.87,1749.93,1105.06,No,Web Browser,United Kingdom,325.1,82,Female,29,1,1,66+,19,0,0,0.3685118833324762,0.36851188333247614,35,132.66
TXN002561,CUST00347,2025-09-24 09:18:40,ATM Withdrawal,Fashion & Apparel,175.45,9271.78,9096.33,No,Web Browser,UAE,4.4,82,Female,5,0,0,66+,9,0,0,0.018923011546865945,0.018923011546865865,30,144.15
TXN002562,CUST01347,2025-09-24 11:32:46,Online Purchase,Fashion & Apparel,58.9,1191.14,1132.24,Yes,Web Browser,Pakistan,38.5,26,Male,1,0,0,26-35,11,0,0,0.049448427556794405,0.04944842755679433,0,144.15
TXN002563,CUST00517,2025-09-24 14:50:52,Bank Transfer,Restaurants,207.61,11024.71,10817.1,,POS Terminal,Pakistan,2.0,21,Female,162,0,0,18-25,14,0,0,0.018831334338953024,0.018831334338953135,0,139.48
TXN002564,CUST00967,2025-09-25 03:44:00,Online Purchase,Healthcare,280.53,2568.55,2288.02,Yes,Web Browser,United States,2.0,47,Female,136,0,0,46-55,3,0,1,0.10921726265791991,0.10921726265791983,25,103.71
TXN002565,CUST00762,2025-09-25 07:29:48,POS Purchase,Online Services,326.45,3759.54,3433.09,No,Web Browser,UAE,23.4,74,Other,64,0,0,66+,7,0,0,0.0868324316272735,0.08683243162727355,30,146.23
TXN002566,CUST00304,2025-09-25 08:05:38,POS Purchase,Entertainment,31.06,5521.27,5655.27,No,POS Terminal,Pakistan,4.0,74,Female,127,0,0,66+,8,0,0,-0.024269778511103422,0.005625517317573673,30,166.95
TXN002567,CUST00206,2025-09-25 10:50:34,Online Purchase,Online Services,256.93,1914.7,1657.77,Yes,Web Browser,United Kingdom,6.2,40,Male,175,0,0,36-45,10,0,0,0.13418812346581713,0.1341881234658171,0,146.23
TXN002568,CUST01259,2025-09-25 13:28:27,Bill Payment,Electronics,329.19,14722.85,14393.66,,Web Browser,United Kingdom,6.6,38,Male,115,0,0,36-45,13,0,0,0.022359122044984532,0.022359122044984497,0,132.66
TXN002569,CUST00207,2025-09-25 13:43:37,Bank Transfer,Home Improvement,131.66,1900.53,1768.87,,Mobile App,Pakistan,28.9,81,Male,47,0,0,66+,13,0,0,0.06927541264805086,0.0692754126480508,0,202.64
TXN002570,CUST00222,2025-09-25 17:59:37,ATM Withdrawal,Healthcare,41.29,1239.61,1198.32,Yes,Mobile App,Pakistan,13.6,21,Female,143,0,0,18-25,17,0,0,0.033308863271512786,0.03330886327151281,0,103.71
TXN002571,CUST00101,2025-09-25 23:44:42,POS Purchase,Fuel,55.07,1771.73,1716.66,No,Mobile App,United States,4.5,26,Male,177,0,0,26-35,23,0,0,0.031082614168072977,0.031082614168073012,30,147.4
TXN002572,CUST01019,2025-09-26 00:40:55,Online Purchase,Restaurants,577.91,2374.69,1796.78,No,Mobile App,United Kingdom,10.8,26,Female,123,0,0,26-35,0,0,1,0.24336229149910096,0.2433622914991009,25,139.48
TXN002573,CUST00003,2025-09-26 04:19:44,Online Purchase,Jewelry & Luxury,369.06,663.83,294.77,No,Web Browser,Germany,101.8,45,Female,79,3,1,36-45,4,0,1,0.5559555910398747,0.5559555910398747,100,145.81
TXN002574,CUST00177,2025-09-26 10:51:31,Wire Transfer,Online Services,104.82,40844.28,40739.46,,Mobile App,Canada,4.5,31,Male,79,0,0,26-35,10,0,0,0.002566332421577751,0.002566332421577758,0,146.23
TXN002575,CUST01004,2025-09-26 11:05:20,Online Purchase,Healthcare,167.7,4291.28,4123.58,No,Web Browser,United States,13.1,29,Male,61,0,0,26-35,11,0,0,0.03907924908185899,0.03907924908185902,0,103.71
TXN002576,CUST00804,2025-09-26 12:09:54,ATM Withdrawal,Groceries,170.27,3887.46,3717.19,Yes,POS Terminal,Canada,1.2,69,Male,83,0,0,66+,12,0,0,0.04379980758644461,0.04379980758644462,0,130.62
TXN002577,CUST00605,2025-09-26 15:32:27,Bank Transfer,Groceries,497.72,10213.36,9715.64,,Web Browser,United States,0.5,52,Male,145,0,0,46-55,15,0,0,0.04873224874086502,0.0487322487408649,0,130.62
TXN002578,CUST00354,2025-09-26 17:29:27,Online Purchase,Travel,63.79,5401.95,5338.16,Yes,POS Terminal,United States,3.1,61,Male,33,0,0,56-65,17,0,0,0.011808698710650777,0.011808698710650784,0,483.02
TXN002579,CUST00871,2025-09-27 19:58:29,Online Purchase,Groceries,100.59,1134.55,1033.96,Yes,ATM Machine,Canada,33.3,23,Male,65,0,0,18-25,19,1,0,0.08866070248115986,0.08866070248115994,0,130.62
TXN002580,CUST01733,2025-09-28 14:06:53,ATM Withdrawal,Travel,184.48,1307.52,1123.04,Yes,ATM Machine,United States,9.8,47,Female,75,0,0,46-55,14,1,0,0.14109153206069508,0.14109153206069505,0,483.02
TXN002581,CUST00953,2025-09-28 18:16:27,Online Purchase,Entertainment,110.08,10244.29,10134.21,Yes,Mobile App,Canada,2.1,47,Female,180,0,0,46-55,18,1,0,0.010745498223888794,0.010745498223888624,0,166.95
TXN002582,CUST01057,2025-09-28 19:58:55,POS Purchase,Utilities,67.8,2091.47,2023.67,No,Web Browser,Canada,4.1,53,Male,108,0,0,46-55,19,1,0,0.03241739063911973,0.03241739063911986,30,128.47
TXN002583,CUST00931,2025-09-29 00:04:23,Online Purchase,Groceries,177.25,645.34,468.09,Yes,POS Terminal,Canada,0.8,52,Male,153,0,0,46-55,0,0,1,0.27466141878699607,0.274661418786996,25,130.62
TXN002584,CUST00275,2025-09-29 02:01:59,ATM Withdrawal,Utilities,250.1,524.58,274.48,No,POS Terminal,Germany,2.0,21,Female,10,0,0,18-25,2,0,1,0.476762362270769,0.47676236227076896,55,128.47
TXN002585,CUST00194,2025-09-29 06:07:06,Online Purchase,Healthcare,41.8,3356.71,3314.91,No,Web Browser,India,25.4,72,Female,141,0,0,66+,6,0,0,0.012452669429292426,0.012452669429292372,0,103.71
TXN002586,CUST00089,2025-09-29 08:02:36,Online Purchase,Healthcare,51.27,8835.87,9168.87,No,POS Terminal,Pakistan,12.1,32,Male,34,0,0,26-35,8,0,0,-0.03768729055542917,0.005802484644975537,0,103.71
TXN002587,CUST00140,2025-09-29 14:33:35,Bill Payment,Healthcare,53.61,1222.94,1169.33,,Web Browser,United States,11.4,70,Female,14,0,0,66+,14,0,0,0.04383698300816077,0.04383698300816066,0,103.71
TXN002588,CUST01447,2025-09-29 15:37:30,POS Purchase,Online Services,139.37,3715.92,3576.55,Yes,POS Terminal,United States,16.4,18,Female,65,0,0,18-25,15,0,0,0.0375061895842752,0.03750618958427523,0,146.23
TXN002589,CUST00910,2025-09-29 19:37:03,Online Purchase,Groceries,57.45,10807.04,10749.59,No,Mobile App,India,25.7,24,Female,52,0,0,18-25,19,0,0,0.005315979213549753,0.005315979213549686,0,130.62
TXN002590,CUST00513,2025-09-29 19:37:11,POS Purchase,Healthcare,275.44,8591.34,8315.9,No,Web Browser,Pakistan,1.6,57,Female,52,0,0,56-65,19,0,0,0.03206019084333765,0.03206019084333759,30,103.71
TXN002591,CUST01182,2025-09-30 12:31:25,POS Purchase,Fashion & Apparel,79.38,3185.58,3106.2,No,ATM Machine,United States,8.0,50,Male,135,0,0,46-55,12,0,0,0.02491853916712188,0.02491853916712184,30,144.15
TXN002592,CUST00485,2025-09-30 14:58:01,Bill Payment,Groceries,229.01,22987.07,22758.06,,Web Browser,United Kingdom,42.4,21,Female,104,0,0,18-25,14,0,0,0.009962557211510575,0.009962557211510644,0,130.62
TXN002593,CUST01568,2025-09-30 21:08:55,Online Purchase,Fashion & Apparel,103.62,15905.89,15802.27,No,POS Terminal,United Kingdom,10.2,69,Female,70,0,0,66+,21,0,0,0.00651456787391331,0.006514567873913375,0,144.15
TXN002594,CUST00508,2025-09-30 23:07:28,Online Purchase,Fashion & Apparel,34.77,2918.15,3298.15,No,Mobile App,India,4.9,62,Male,109,0,0,56-65,23,0,0,-0.13021948837448383,0.011915083186265272,0,144.15
TXN002595,CUST00043,2025-10-01 12:25:08,Bank Transfer,Travel,580.36,2624.73,2044.37,,Web Browser,United Kingdom,85.1,42,Female,23,0,1,36-45,12,0,0,0.22111226678553608,0.22111226678553603,0,483.02
TXN002596,CUST00816,2025-10-01 15:34:44,POS Purchase,Fashion & Apparel,20.22,8909.15,8888.93,Yes,ATM Machine,United States,12.4,73,Female,70,0,0,66+,15,0,0,0.0022695767834192203,0.0022695767834192936,0,144.15
TXN002597,CUST00894,2025-10-02 08:00:58,POS Purchase,Restaurants,111.43,3540.39,3602.39,Yes,Web Browser,Pakistan,11.4,75,Female,101,0,0,66+,8,0,0,-0.01751219498416841,0.031473933662675584,0,139.48
TXN002598,CUST01127,2025-10-02 12:18:56,POS Purchase,Online Services,147.83,2764.1,2616.27,Yes,POS Terminal,Canada,37.5,42,Male,53,0,0,36-45,12,0,0,0.05348214608733401,0.05348214608733404,0,146.23
TXN002599,CUST00178,2025-10-02 16:28:29,Online Purchase,Utilities,43.31,7036.55,7472.55,Yes,Mobile App,United Kingdom,13.8,57,Male,135,0,0,56-65,16,0,0,-0.061962183172151124,0.006155004938499691,0,128.47
TXN002600,CUST00021,2025-10-03 08:09:12,Online Purchase,Fuel,85.67,16676.29,16590.62,Yes,Mobile App,United Kingdom,6.0,20,Male,121,0,0,18-25,8,0,0,0.005137233761226381,0.0051372337612262675,0,147.4
TXN002601,CUST00792,2025-10-03 11:42:02,ATM Withdrawal,Groceries,66.82,3467.22,3400.4,No,POS Terminal,Germany,1.5,53,Male,147,0,0,46-55,11,0,0,0.01927192390445363,0.01927192390445371,30,130.62
TXN002602,CUST00127,2025-10-03 18:19:19,POS Purchase,Jewelry & Luxury,79.64,2149.69,2625.69,Yes,Mobile App,United Kingdom,13.2,31,Female,4,0,0,26-35,18,0,0,-0.22142727556066222,0.037047202154729286,0,145.81
TXN002603,CUST00863,2025-10-03 19:31:04,Bill Payment,Healthcare,56.65,953.55,896.9,,POS Terminal,United States,31.2,85,Female,179,0,0,66+,19,0,0,0.05940957474699804,0.05940957474699806,0,103.71
TXN002604,CUST00504,2025-10-04 08:36:53,Online Purchase,Travel,123.33,760.22,636.89,Yes,POS Terminal,United States,4.5,52,Male,47,0,0,46-55,8,1,0,0.16222935466049307,0.162229354660493,0,483.02
TXN002605,CUST00569,2025-10-04 09:57:48,Online Purchase,Electronics,100.42,809.53,709.11,Yes,Web Browser,United Kingdom,0.6,43,Female,132,0,0,36-45,9,1,0,0.12404728669721933,0.12404728669721939,0,132.66
TXN002606,CUST00182,2025-10-04 11:03:40,POS Purchase,Groceries,290.57,1157.45,866.88,Yes,POS Terminal,Germany,2.9,38,Female,117,0,0,36-45,11,1,0,0.25104324160870883,0.2510432416087088,0,130.62
TXN002607,CUST01064,2025-10-04 13:15:25,POS Purchase,Online Services,1168.9,2713.52,1544.62,No,Web Browser,Germany,41.0,37,Female,78,0,0,36-45,13,1,0,0.43076889059229345,0.43076889059229345,30,146.23
TXN002608,CUST01564,2025-10-04 20:18:03,Online Purchase,Fashion & Apparel,119.66,6768.66,6649.0,Yes,Web Browser,Pakistan,18.3,50,Male,141,0,0,46-55,20,1,0,0.017678536076564617,0.017678536076564638,0,144.15
TXN002609,CUST00952,2025-10-04 23:34:55,Bank Transfer,Groceries,539.86,1187.43,647.57,,ATM Machine,India,1.2,19,Other,51,0,0,18-25,23,1,0,0.45464574753880227,0.45464574753880227,0,130.62
TXN002610,CUST01542,2025-10-05 11:29:41,Bill Payment,Fuel,377.71,2718.21,2340.5,,Web Browser,Germany,6.5,32,Female,27,0,0,26-35,11,1,0,0.13895541551241444,0.13895541551241442,0,147.4
TXN002611,CUST00430,2025-10-06 05:40:04,Online Purchase,Online Services,111.59,21062.91,20951.32,No,Web Browser,United Kingdom,20.0,73,Male,115,0,0,66+,5,0,1,0.005297938414017823,0.005297938414017816,25,146.23
TXN002612,CUST01704,2025-10-06 14:15:07,Bank Transfer,Healthcare,70.25,8405.27,8335.02,,Mobile App,UAE,6.7,34,Female,2,0,0,26-35,14,0,0,0.00835785168114766,0.00835785168114766,0,103.71
TXN002613,CUST00076,2025-10-06 14:36:00,Online Purchase,Groceries,371.59,2516.12,2144.53,No,Mobile App,Australia,22.1,85,Male,47,0,0,66+,14,0,0,0.14768373527494702,0.14768373527494713,0,130.62
TXN002614,CUST00947,2025-10-07 08:35:39,Online Purchase,Utilities,154.91,5234.52,5079.61,Yes,Web Browser,United States,11.0,79,Male,25,0,0,66+,8,0,0,0.029593926472723527,0.02959392647272338,0,128.47
TXN002615,CUST01290,2025-10-07 08:54:07,Bank Transfer,Entertainment,16.48,8856.91,8840.43,,Web Browser,Pakistan,7.1,25,Male,62,0,0,18-25,8,0,0,0.0018606940795378483,0.0018606940795378975,0,166.95
TXN002616,CUST01448,2025-10-07 13:35:15,POS Purchase,Healthcare,90.83,6940.07,6849.24,Yes,POS Terminal,United Kingdom,8.5,25,Female,174,0,0,18-25,13,0,0,0.013087764244452856,0.013087764244452866,0,103.71
TXN002617,CUST01687,2025-10-07 18:34:09,Online Purchase,Entertainment,76.36,999.64,923.28,Yes,Web Browser,Germany,16.7,71,Male,21,0,0,66+,18,0,0,0.07638749949981995,0.07638749949981993,0,166.95
TXN002618,CUST00097,2025-10-08 08:45:31,ATM Withdrawal,Utilities,839.52,7449.39,6609.87,Yes,Mobile App,Germany,0.9,71,Male,109,0,0,66+,8,0,0,0.11269647581882548,0.11269647581882543,0,128.47
TXN002619,CUST00219,2025-10-08 09:42:56,Bill Payment,Fuel,226.42,7496.53,7270.11,,Mobile App,Germany,25.4,70,Male,159,0,0,66+,9,0,0,0.030203307396888972,0.03020330739688896,0,147.4
TXN002620,CUST01042,2025-10-08 10:15:00,POS Purchase,Fuel,63.16,1699.37,1636.21,Yes,Mobile App,United States,2.0,52,Female,35,0,0,46-55,10,0,0,0.03716671472369164,0.03716671472369172,0,147.4
TXN002621,CUST00799,2025-10-08 11:24:56,POS Purchase,Fuel,29.66,496.45,466.79,No,ATM Machine,UAE,24.9,34,Female,44,0,0,26-35,11,0,0,0.05974418370430047,0.059744183704300534,30,147.4
TXN002622,CUST00069,2025-10-08 14:42:45,Bank Transfer,Entertainment,72.87,2318.33,2245.46,,Mobile App,United Kingdom,8.3,33,Male,147,0,0,26-35,14,0,0,0.03143210845738091,0.03143210845738096,0,166.95
TXN002623,CUST00693,2025-10-09 15:20:54,Bank Transfer,Fuel,47.7,4554.44,4506.74,,Web Browser,United States,8.8,36,Male,132,0,0,36-45,15,0,0,0.010473296387700753,0.010473296387700795,0,147.4
TXN002624,CUST01297,2025-10-09 15:21:09,Online Purchase,Groceries,56.31,5262.67,5206.36,Yes,Mobile App,United Kingdom,13.8,80,Female,35,0,0,66+,15,0,0,0.01069989187997735,0.010699891879977275,0,130.62
TXN002625,CUST01337,2025-10-09 16:06:38,Online Purchase,Restaurants,31.06,1011.82,980.76,Yes,Mobile App,Pakistan,5.4,31,Male,92,0,0,26-35,16,0,0,0.030697159573837302,0.03069715957383724,0,139.48
TXN002626,CUST00047,2025-10-10 01:22:40,Online Purchase,Jewelry & Luxury,1131.94,8798.11,7666.17,Yes,Mobile App,Pakistan,4.8,80,Male,27,0,1,66+,1,0,1,0.128657177507442,0.12865717750744193,25,145.81
TXN002627,CUST00264,2025-10-10 08:24:46,Online Purchase,Groceries,210.77,8152.46,7941.69,No,ATM Machine,United States,4.1,70,Female,59,0,0,66+,8,0,0,0.025853546046224137,0.025853546046224085,0,130.62
TXN002628,CUST01485,2025-10-10 10:14:24,Bank Transfer,Fashion & Apparel,100.78,2906.04,2805.26,,POS Terminal,United Kingdom,16.0,47,Male,14,0,0,46-55,10,0,0,0.034679495120507546,0.034679495120507636,0,144.15
TXN002629,CUST00831,2025-10-10 10:49:37,ATM Withdrawal,Online Services,203.64,8599.47,8395.83,Yes,POS Terminal,United Kingdom,11.8,83,Male,134,0,0,66+,10,0,0,0.023680529148889344,0.02368052914888941,0,146.23
TXN002630,CUST01719,2025-10-10 12:55:19,Online Purchase,Restaurants,61.58,1982.1,1920.52,No,Web Browser,Germany,2.3,69,Female,129,0,0,66+,12,0,0,0.031068059129206363,0.031068059129206398,0,139.48
TXN002631,CUST00868,2025-10-11 10:26:24,Wire Transfer,Utilities,33.0,10233.3,10200.3,,POS Terminal,United States,42.8,75,Male,50,0,0,66+,10,1,0,0.0032247662044501777,0.0032247662044501777,0,128.47
TXN002632,CUST00608,2025-10-12 16:17:52,Bill Payment,Groceries,37.98,2163.78,2125.8,,Mobile App,Pakistan,14.9,59,Male,137,0,0,56-65,16,1,0,0.01755261625488729,0.017552616254887278,0,130.62
TXN002633,CUST00707,2025-10-12 18:47:51,Online Purchase,Online Services,71.59,2954.99,2883.4,Yes,ATM Machine,Pakistan,21.4,33,Male,54,0,0,26-35,18,1,0,0.024226816334403736,0.024226816334403843,0,146.23
TXN002634,CUST01459,2025-10-12 21:06:17,Wire Transfer,Fuel,478.97,2370.11,1891.14,,POS Terminal,Australia,23.0,73,Female,142,0,0,66+,21,1,0,0.20208766681715196,0.20208766681715196,0,147.4
TXN002635,CUST01303,2025-10-13 11:57:22,ATM Withdrawal,Utilities,55.87,4315.09,4259.22,No,Mobile App,United States,7.4,44,Female,81,0,0,36-45,11,0,0,0.012947586261236705,0.012947586261236729,30,128.47
TXN002636,CUST00918,2025-10-13 14:17:19,Wire Transfer,Home Improvement,138.68,3447.77,3309.09,,POS Terminal,United States,7.4,72,Male,13,0,0,66+,14,0,0,0.04022310072887688,0.04022310072887693,0,202.64
TXN002637,CUST00382,2025-10-13 14:37:09,POS Purchase,Healthcare,30.01,12242.25,12212.24,No,Web Browser,United Kingdom,5.3,46,Female,23,0,0,46-55,14,0,0,0.002451346770405785,0.002451346770405767,30,103.71
TXN002638,CUST01005,2025-10-13 18:59:55,Online Purchase,Utilities,96.04,7336.87,7240.83,No,Mobile App,Canada,3.4,29,Male,170,0,0,26-35,18,0,0,0.013090050661930764,0.01309005066193077,0,128.47
TXN002639,CUST00221,2025-10-13 19:31:37,POS Purchase,Online Services,35.93,1072.93,1237.93,No,Mobile App,Pakistan,4.3,63,Male,136,0,0,56-65,19,0,0,-0.1537844966586823,0.03348773918149366,30,146.23
TXN002640,CUST00408,2025-10-14 13:05:21,ATM Withdrawal,Online Services,103.39,5722.47,5619.08,No,Web Browser,UAE,5.9,20,Female,146,0,0,18-25,13,0,0,0.018067373005013626,0.018067373005013567,30,146.23
TXN002641,CUST00694,2025-10-14 14:53:08,Online Purchase,Fuel,80.35,2246.23,2165.88,Yes,Web Browser,Germany,7.5,73,Male,87,0,0,66+,14,0,0,0.0357710474884584,0.035771047488458434,0,147.4
TXN002642,CUST00788,2025-10-14 18:13:24,Bank Transfer,Travel,152.19,1778.13,1625.94,,POS Terminal,India,8.6,50,Male,100,0,0,46-55,18,0,0,0.08558991749759581,0.08558991749759579,0,483.02
TXN002643,CUST00471,2025-10-14 18:32:56,ATM Withdrawal,Restaurants,177.8,4905.0,4727.2,No,POS Terminal,United Kingdom,13.6,57,Male,61,0,0,56-65,18,0,0,0.03624872579001023,0.0362487257900102,30,139.48
TXN002644,CUST00701,2025-10-14 19:11:56,Online Purchase,Restaurants,234.61,3025.31,2790.7,Yes,Mobile App,Canada,8.5,70,Female,39,0,0,66+,19,0,0,0.07754907761518659,0.07754907761518655,0,139.48
TXN002645,CUST00447,2025-10-14 19:42:04,POS Purchase,Groceries,429.28,1435.26,1005.98,Yes,Web Browser,Australia,46.1,74,Male,4,0,0,66+,19,0,0,0.299095634240486,0.299095634240486,0,130.62
TXN002646,CUST01663,2025-10-14 21:05:15,POS Purchase,Online Services,122.12,3177.86,3055.74,Yes,Mobile App,Pakistan,11.3,54,Female,132,0,0,46-55,21,0,0,0.03842837632872447,0.03842837632872436,0,146.23
TXN002647,CUST00618,2025-10-15 00:09:48,Bill Payment,Fuel,266.9,1069.89,802.99,,Mobile App,United Kingdom,7.6,65,Female,82,0,0,56-65,0,0,1,0.24946489826056892,0.2494648982605688,25,147.4
TXN002648,CUST00228,2025-10-15 07:43:42,Online Purchase,Electronics,42.0,2677.75,2691.75,No,Web Browser,Pakistan,0.9,79,Male,166,0,0,66+,7,0,0,-0.005228270002800859,0.015684810008402578,0,132.66
TXN002649,CUST01303,2025-10-15 08:04:30,Online Purchase,Entertainment,406.06,9805.75,9399.69,No,Web Browser,United Kingdom,3.6,22,Male,55,0,0,18-25,8,0,0,0.041410396960966725,0.04141039696096678,0,166.95
TXN002650,CUST01391,2025-10-15 08:26:37,Online Purchase,Groceries,61.19,6663.09,6601.9,Yes,POS Terminal,UAE,43.0,74,Female,149,0,0,66+,8,0,0,0.009183426908536506,0.00918342690853643,0,130.62
TXN002651,CUST00825,2025-10-15 09:32:46,POS Purchase,Fuel,308.88,4617.2,4958.2,Yes,Mobile App,Pakistan,3.1,36,Male,116,0,0,36-45,9,0,0,-0.07385428398163389,0.06689768690981547,0,147.4
TXN002652,CUST01494,2025-10-15 13:05:18,POS Purchase,Restaurants,303.04,7102.02,6798.98,No,Web Browser,United States,38.0,75,Male,26,0,0,66+,13,0,0,0.04266955035327989,0.042669550353279774,30,139.48
TXN002653,CUST00219,2025-10-15 14:01:25,Bill Payment,Restaurants,250.15,1665.25,1415.1,,Mobile App,Australia,15.9,78,Male,128,1,0,66+,14,0,0,0.1502176850322775,0.15021768503227745,15,139.48
TXN002654,CUST00114,2025-10-15 14:13:16,POS Purchase,Electronics,338.97,4062.93,3723.96,Yes,POS Terminal,Australia,30.7,26,Male,16,0,0,26-35,14,0,0,0.08342993849266411,0.08342993849266417,0,132.66
TXN002655,CUST00060,2025-10-15 17:14:23,Wire Transfer,Electronics,663.1,1493.32,830.22,,Web Browser,United Kingdom,297.4,84,Female,19,2,1,66+,17,0,0,0.444044143251279,0.44404414325127906,50,132.66
TXN002656,CUST00015,2025-10-15 18:49:34,Online Purchase,Fuel,954.83,3845.28,2890.45,Yes,Web Browser,UAE,4.5,40,Female,29,0,0,36-45,18,0,0,0.24831221653559699,0.24831221653559687,0,147.4
TXN002657,CUST00268,2025-10-15 21:18:03,Bill Payment,Entertainment,398.06,4570.83,4172.77,,Web Browser,UAE,0.5,85,Male,127,0,0,66+,21,0,0,0.0870870279577231,0.08708702795772322,0,166.95
TXN002658,CUST01580,2025-10-16 14:42:36,Bank Transfer,Online Services,43.92,1050.85,1006.93,,POS Terminal,Germany,7.2,43,Male,30,0,0,36-45,14,0,0,0.041794737593376756,0.0417947375933768,0,146.23
TXN002659,CUST01314,2025-10-16 18:39:57,ATM Withdrawal,Restaurants,758.23,44082.66,43324.43,No,Mobile App,United States,6.0,43,Female,76,0,0,36-45,18,0,0,0.017200187103046938,0.017200187103046865,30,139.48
TXN002660,CUST00724,2025-10-17 12:27:02,ATM Withdrawal,Healthcare,349.06,6161.24,5812.18,Yes,Web Browser,Germany,13.6,56,Female,126,0,0,56-65,12,0,0,0.056654180002726644,0.05665418000272673,0,103.71
TXN002661,CUST01104,2025-10-18 04:45:49,Online Purchase,Restaurants,61.81,4048.27,4122.27,Yes,Web Browser,United Kingdom,6.6,18,Male,66,0,0,18-25,4,1,1,-0.01827941318143317,0.015268250388437531,25,139.48
TXN002662,CUST01730,2025-10-18 07:50:47,Bank Transfer,Groceries,142.57,2232.37,2089.8,,Mobile App,Germany,13.6,64,Male,104,0,0,56-65,7,1,0,0.06386486111173315,0.06386486111173327,0,130.62
TXN002663,CUST00384,2025-10-18 15:16:47,POS Purchase,Entertainment,836.98,1799.87,962.89,Yes,Mobile App,United Kingdom,7.9,30,Male,166,0,0,26-35,15,1,0,0.46502247384533324,0.4650224738453333,0,166.95
TXN002664,CUST01701,2025-10-18 17:21:12,ATM Withdrawal,Utilities,40.63,1065.57,1024.94,Yes,Mobile App,United Kingdom,4.4,21,Male,143,0,0,18-25,17,1,0,0.038129827228619316,0.03812982722861943,0,128.47
TXN002665,CUST00371,2025-10-18 22:00:25,POS Purchase,Electronics,43.35,12721.6,12678.25,Yes,Mobile App,Germany,1.7,45,Male,82,0,0,36-45,22,1,0,0.0034075902402213843,0.0034075902402213557,0,132.66
TXN002666,CUST00701,2025-10-19 09:20:11,POS Purchase,Restaurants,298.21,1180.55,882.34,Yes,Web Browser,UAE,14.9,65,Male,37,0,0,56-65,9,1,0,0.25260260048282573,0.2526026004828258,0,139.48
TXN002667,CUST00584,2025-10-19 11:51:43,ATM Withdrawal,Electronics,194.05,11653.18,11459.13,No,ATM Machine,United Kingdom,5.0,80,Female,34,0,0,66+,11,1,0,0.01665210697852441,0.016652106978524317,30,132.66
TXN002668,CUST01492,2025-10-19 16:12:11,ATM Withdrawal,Fashion & Apparel,83.73,4579.78,4496.05,Yes,POS Terminal,Australia,7.0,31,Male,127,0,0,26-35,16,1,0,0.018282537589141744,0.018282537589141837,0,144.15
TXN002669,CUST00218,2025-10-20 03:42:13,POS Purchase,Online Services,61.42,1719.25,1657.83,Yes,POS Terminal,Germany,2.1,65,Female,25,0,0,56-65,3,0,1,0.03572488003489898,0.03572488003489894,25,146.23
TXN002670,CUST01237,2025-10-20 11:33:28,ATM Withdrawal,Home Improvement,57.23,4223.4,4166.17,No,ATM Machine,United States,0.8,41,Male,36,0,0,36-45,11,0,0,0.01355069375384751,0.013550693753847612,30,202.64
TXN002671,CUST01494,2025-10-20 15:12:52,Bank Transfer,Travel,58.34,337.26,278.92,,ATM Machine,UAE,29.9,19,Female,159,0,0,18-25,15,0,0,0.17298226887267976,0.17298226887267984,0,483.02
TXN002672,CUST00712,2025-10-20 17:44:52,Online Purchase,Restaurants,1493.17,1791.13,297.96,Yes,POS Terminal,United States,21.7,72,Female,169,0,0,66+,17,0,0,0.8336469156342644,0.8336469156342644,10,139.48
TXN002673,CUST00912,2025-10-20 17:59:49,ATM Withdrawal,Travel,385.88,4951.35,4565.47,Yes,Mobile App,United States,5.5,38,Female,63,0,0,36-45,17,0,0,0.07793430074626113,0.07793430074626112,0,483.02
TXN002674,CUST01565,2025-10-20 20:09:29,POS Purchase,Utilities,51.12,8032.77,7981.65,Yes,ATM Machine,Canada,3.8,39,Female,112,0,0,36-45,20,0,0,0.006363931744591317,0.006363931744591217,0,128.47
TXN002675,CUST00499,2025-10-21 14:36:36,Bank Transfer,Utilities,217.72,8557.57,8339.85,,POS Terminal,Pakistan,5.0,78,Female,132,0,0,66+,14,0,0,0.02544180181990908,0.025441801819909158,0,128.47
TXN002676,CUST01121,2025-10-21 15:33:37,POS Purchase,Groceries,207.66,2543.33,2335.67,Yes,Mobile App,United States,5.9,57,Female,15,0,0,56-65,15,0,0,0.08164886192511386,0.08164886192511393,0,130.62
TXN002677,CUST01648,2025-10-22 17:05:47,Online Purchase,Groceries,149.79,3904.14,3754.35,No,POS Terminal,United States,2.3,50,Female,72,0,0,46-55,17,0,0,0.03836696429943597,0.03836696429943598,0,130.62
TXN002678,CUST00798,2025-10-22 17:49:30,ATM Withdrawal,Healthcare,88.05,5845.36,5757.31,No,Web Browser,Pakistan,1.3,63,Female,2,0,0,56-65,17,0,0,0.015063229638550795,0.01506322963855092,30,103.71
TXN002679,CUST00992,2025-10-22 18:13:33,ATM Withdrawal,Electronics,35.02,6795.38,6760.36,No,POS Terminal,India,2.8,40,Female,25,0,0,36-45,18,0,0,0.005153501349446306,0.0051535013494462415,30,132.66
TXN002680,CUST01507,2025-10-22 20:39:32,POS Purchase,Utilities,58.52,2445.78,2387.26,No,POS Terminal,United Kingdom,1.0,37,Male,92,0,0,36-45,20,0,0,0.023926927197049603,0.02392692719704961,30,128.47
TXN002681,CUST00047,2025-10-22 21:56:54,Bank Transfer,Electronics,40.59,4523.06,4482.47,,Mobile App,Germany,8.2,55,Female,101,0,0,46-55,21,0,0,0.00897401316807651,0.00897401316807648,0,132.66
TXN002682,CUST00795,2025-10-22 22:24:36,POS Purchase,Utilities,114.61,2106.58,1991.97,Yes,POS Terminal,Australia,26.7,18,Female,83,0,0,18-25,22,0,0,0.0544057192226262,0.05440571922262625,0,128.47
TXN002683,CUST01287,2025-10-23 12:03:32,ATM Withdrawal,Healthcare,104.26,6373.96,6269.7,No,POS Terminal,United Kingdom,3.0,27,Male,153,0,0,26-35,12,0,0,0.016357178269082364,0.01635717826908233,30,103.71
TXN002684,CUST00686,2025-10-23 15:02:31,Online Purchase,Fuel,155.15,1031.61,876.46,Yes,POS Terminal,United States,11.3,82,Female,12,0,0,66+,15,0,0,0.1503959829780633,0.15039598297806345,0,147.4
TXN002685,CUST00169,2025-10-23 16:36:38,Online Purchase,Restaurants,67.54,12406.82,12743.82,No,Mobile App,Pakistan,7.2,35,Other,123,0,0,26-35,16,0,0,-0.027162479990843747,0.005443780114485421,0,139.48
TXN002686,CUST00496,2025-10-23 20:27:01,Online Purchase,Groceries,235.47,3006.0,2770.53,No,Mobile App,Pakistan,6.3,49,Female,143,0,0,46-55,20,0,0,0.07833333333333327,0.07833333333333334,0,130.62
TXN002687,CUST00014,2025-10-23 23:08:52,Bank Transfer,Groceries,34.96,1388.07,1353.11,,Mobile App,Pakistan,12.4,52,Female,178,0,0,46-55,23,0,0,0.02518604969490014,0.025186049694900115,0,130.62
TXN002688,CUST00514,2025-10-24 08:03:04,Bank Transfer,Healthcare,86.46,1916.68,1830.22,,Mobile App,Canada,23.5,42,Female,148,0,0,36-45,8,0,0,0.04510925141390323,0.0451092514139032,0,103.71
TXN002689,CUST01233,2025-10-24 09:56:00,Bill Payment,Restaurants,576.13,19400.44,18824.31,,Mobile App,UAE,5.6,30,Male,27,0,0,26-35,9,0,0,0.029696749145895526,0.02969674914589566,0,139.48
TXN002690,CUST01531,2025-10-24 13:41:52,POS Purchase,Restaurants,244.04,1515.09,1271.05,Yes,POS Terminal,United Kingdom,7.3,46,Female,105,0,0,46-55,13,0,0,0.16107293956134616,0.1610729395613462,0,139.48
TXN002691,CUST01308,2025-10-25 14:31:50,POS Purchase,Fashion & Apparel,102.93,10038.04,9935.11,Yes,Mobile App,UAE,1.2,42,Male,59,0,0,36-45,14,1,0,0.010253993807556086,0.010253993807556056,0,144.15
TXN002692,CUST00889,2025-10-25 16:59:37,POS Purchase,Healthcare,63.84,6674.32,6610.48,No,POS Terminal,India,5.7,42,Male,151,0,0,36-45,16,1,0,0.009565019357777293,0.009565019357777272,30,103.71
TXN002693,CUST00300,2025-10-25 18:26:31,Online Purchase,Groceries,224.02,8344.22,8120.2,Yes,Web Browser,Australia,3.6,75,Male,168,0,0,66+,18,1,0,0.02684732665246117,0.02684732665246123,0,130.62
TXN002694,CUST00601,2025-10-25 18:28:23,POS Purchase,Entertainment,75.68,1949.74,1874.06,No,Mobile App,Canada,9.1,44,Male,44,0,0,36-45,18,1,0,0.038815431801163265,0.03881543180116324,30,166.95
TXN002695,CUST00004,2025-10-26 08:17:21,Online Purchase,Online Services,39.41,6628.63,6589.22,No,POS Terminal,Canada,4.1,39,Male,74,0,0,36-45,8,1,0,0.005945421602955641,0.005945421602955663,0,146.23
TXN002696,CUST00594,2025-10-26 08:49:52,Online Purchase,Fuel,287.5,7726.65,7439.15,No,Mobile App,Germany,19.7,25,Female,141,0,0,18-25,8,1,0,0.03720888095099429,0.03720888095099429,0,147.4
TXN002697,CUST01019,2025-10-26 14:34:40,Online Purchase,Fuel,175.96,1024.35,1482.35,Yes,POS Terminal,Pakistan,14.8,79,Female,37,0,0,66+,14,1,0,-0.44711280324107977,0.1717772245814419,0,147.4
TXN002698,CUST00315,2025-10-27 06:46:22,ATM Withdrawal,Fuel,159.0,3042.63,2883.63,No,Mobile App,United Kingdom,15.8,43,Male,148,0,0,36-45,6,0,0,0.052257422032912317,0.052257422032912317,30,147.4
TXN002699,CUST00894,2025-10-27 09:10:26,Bank Transfer,Electronics,31.67,1888.6,1856.93,,POS Terminal,United States,2.8,46,Female,85,0,0,46-55,9,0,0,0.0167690352642168,0.016769035264216883,0,132.66
TXN002700,CUST01695,2025-10-27 14:29:14,Bill Payment,Entertainment,32.32,1072.22,1039.9,,Web Browser,Canada,11.6,83,Male,116,0,0,66+,14,0,0,0.030143067654026166,0.030143067654026225,0,166.95
TXN002701,CUST00076,2025-10-28 10:24:15,Bank Transfer,Fashion & Apparel,402.19,4778.86,4376.67,,Web Browser,Germany,8.3,33,Male,155,0,0,26-35,10,0,0,0.08416023905282842,0.0841602390528285,0,144.15
TXN002702,CUST01402,2025-10-28 15:48:55,POS Purchase,Groceries,127.98,5835.32,5707.34,No,Web Browser,United States,9.1,32,Female,164,0,0,26-35,15,0,0,0.02193195917276166,0.021931959172761736,30,130.62
TXN002703,CUST01302,2025-10-28 19:34:09,Bank Transfer,Electronics,214.41,2921.23,2706.82,,POS Terminal,United States,14.9,21,Male,17,0,0,18-25,19,0,0,0.07339716489287042,0.07339716489287047,0,132.66
TXN002704,CUST01330,2025-10-28 20:47:46,ATM Withdrawal,Travel,46.16,3823.76,3777.6,No,POS Terminal,United Kingdom,0.7,68,Male,46,0,0,66+,20,0,0,0.01207188735694717,0.012071887356947086,30,483.02
TXN002705,CUST01333,2025-10-28 22:54:35,Online Purchase,Fuel,560.08,3548.53,3973.53,Yes,POS Terminal,United States,39.4,56,Female,179,0,0,56-65,22,0,0,-0.11976790389259777,0.15783437085215568,0,147.4
TXN002706,CUST01289,2025-10-29 05:50:58,POS Purchase,Utilities,24.0,1345.41,1321.41,Yes,Web Browser,United States,17.7,71,Male,80,0,0,66+,5,0,1,0.017838428434454923,0.017838428434454923,25,128.47
TXN002707,CUST00103,2025-10-29 12:56:01,POS Purchase,Jewelry & Luxury,14.9,6846.95,6832.05,Yes,Web Browser,Australia,3.0,68,Male,155,0,0,66+,12,0,0,0.0021761514250870297,0.0021761514250870826,0,145.81
TXN002708,CUST01285,2025-10-29 20:54:24,Bill Payment,Travel,94.05,2900.05,2806.0,,Web Browser,United Kingdom,22.4,40,Female,78,0,0,36-45,20,0,0,0.03243047533663219,0.032430475336632125,0,483.02
TXN002709,CUST00334,2025-10-30 06:58:01,Online Purchase,Online Services,86.56,1070.78,984.22,No,POS Terminal,United States,24.1,76,Male,32,0,0,66+,6,0,0,0.08083826743121832,0.08083826743121837,0,146.23
TXN002710,CUST01505,2025-10-30 11:26:29,POS Purchase,Fashion & Apparel,11.52,4722.96,4711.44,No,Mobile App,United Kingdom,3.4,26,Male,58,0,0,26-35,11,0,0,0.0024391483307079536,0.002439148330707861,30,144.15
TXN002711,CUST00148,2025-10-30 13:19:06,Online Purchase,Restaurants,39.85,4132.86,4093.01,No,Web Browser,Canada,2.8,51,Male,74,0,0,46-55,13,0,0,0.009642233223481912,0.009642233223482045,0,139.48
TXN002712,CUST00258,2025-10-30 18:40:31,Bank Transfer,Restaurants,161.95,1304.85,1142.9,,Mobile App,United Kingdom,1.9,36,Female,7,0,0,36-45,18,0,0,0.12411388282178015,0.12411388282178028,0,139.48
TXN002713,CUST00118,2025-10-31 09:36:16,Wire Transfer,Online Services,119.17,4851.96,4732.79,,ATM Machine,Canada,24.1,61,Male,169,0,0,56-65,9,0,0,0.02456120825398397,0.024561208253983956,0,146.23
TXN002714,CUST00724,2025-10-31 14:49:47,POS Purchase,Jewelry & Luxury,149.69,5653.03,5503.34,No,Mobile App,Pakistan,19.5,38,Male,31,0,0,36-45,14,0,0,0.026479604742943096,0.026479604742943166,30,145.81
TXN002715,CUST00310,2025-10-31 17:24:30,Online Purchase,Healthcare,123.69,1308.37,1184.68,Yes,ATM Machine,United Kingdom,1.2,49,Male,108,1,0,46-55,17,0,0,0.09453747793055468,0.09453747793055482,15,103.71
TXN002716,CUST00382,2025-11-01 08:48:23,Bank Transfer,Groceries,41.2,1544.22,1503.02,,Web Browser,United States,33.9,30,Female,154,0,0,26-35,8,1,0,0.02668013625001622,0.026680136250016192,0,130.62
TXN002717,CUST00940,2025-11-01 10:00:23,Bank Transfer,Utilities,101.68,3864.22,3762.54,,POS Terminal,UAE,14.9,38,Male,86,1,0,36-45,10,1,0,0.026313201629306778,0.026313201629306823,15,128.47
TXN002718,CUST00612,2025-11-01 11:30:55,Online Purchase,Entertainment,58.14,8138.18,8080.04,Yes,Mobile App,Canada,3.2,69,Female,33,0,0,66+,11,1,0,0.007144103472766678,0.007144103472766638,0,166.95
TXN002719,CUST00258,2025-11-01 11:55:19,POS Purchase,Restaurants,65.76,5845.76,5780.0,Yes,POS Terminal,United Kingdom,3.7,50,Female,163,0,0,46-55,11,1,0,0.011249178892051712,0.011249178892051676,0,139.48
TXN002720,CUST01246,2025-11-01 14:55:04,POS Purchase,Utilities,81.52,2201.44,2119.92,No,Web Browser,United Kingdom,45.2,47,Male,85,0,0,46-55,14,1,0,0.03703030743513336,0.037030307435133365,30,128.47
TXN002721,CUST01213,2025-11-01 15:56:50,Bill Payment,Groceries,116.58,17169.47,17052.89,,Mobile App,Pakistan,12.2,44,Male,137,0,0,36-45,15,1,0,0.006789959154243069,0.006789959154242966,0,130.62
TXN002722,CUST00080,2025-11-01 17:41:40,Bill Payment,Fashion & Apparel,99.8,1773.44,1673.64,,Web Browser,Australia,4.5,74,Male,140,0,0,66+,17,1,0,0.05627481053771199,0.056274810537712015,0,144.15
TXN002723,CUST00716,2025-11-02 03:36:14,Online Purchase,Groceries,106.41,3884.32,3777.91,Yes,Mobile App,Pakistan,2.9,28,Female,116,0,0,26-35,3,1,1,0.027394756353750542,0.027394756353750462,25,130.62
TXN002724,CUST01728,2025-11-02 07:13:29,POS Purchase,Utilities,91.95,3923.29,3831.34,No,Mobile App,Pakistan,9.1,46,Female,60,0,0,46-55,7,1,0,0.02343696234537845,0.023436962345378495,30,128.47
TXN002725,CUST00398,2025-11-02 10:35:51,ATM Withdrawal,Home Improvement,134.78,427.73,292.95,No,POS Terminal,United States,29.0,62,Female,166,0,0,56-65,10,1,0,0.3151053234517103,0.31510532345171016,30,202.64
TXN002726,CUST00044,2025-11-02 22:05:33,POS Purchase,Entertainment,264.87,8150.65,7885.78,Yes,Mobile App,Pakistan,0.2,52,Female,86,0,0,46-55,22,1,0,0.032496794734162296,0.03249679473416231,0,166.95
TXN002727,CUST00640,2025-11-03 09:22:03,POS Purchase,Home Improvement,96.04,3946.24,3850.2,Yes,Mobile App,United Kingdom,10.0,23,Female,1,0,0,18-25,9,0,0,0.02433709049626986,0.02433709049626987,0,202.64
TXN002728,CUST00815,2025-11-03 15:40:22,POS Purchase,Healthcare,99.7,15152.28,15052.58,No,Mobile App,United Kingdom,13.1,45,Male,12,0,0,36-45,15,0,0,0.006579867848271067,0.006579867848271019,30,103.71
TXN002729,CUST00715,2025-11-03 20:26:52,Online Purchase,Fuel,385.29,4711.88,4326.59,Yes,Mobile App,India,15.1,60,Male,19,0,0,56-65,20,0,0,0.08176990925066002,0.08176990925066004,0,147.4
TXN002730,CUST01526,2025-11-03 22:36:21,ATM Withdrawal,Groceries,263.42,2445.12,2181.7,Yes,POS Terminal,United Kingdom,0.6,83,Female,4,0,0,66+,22,0,0,0.10773295380185843,0.1077329538018584,0,130.62
TXN002731,CUST01375,2025-11-04 08:56:45,Online Purchase,Home Improvement,22.3,11764.78,11742.48,Yes,Mobile App,United Kingdom,21.3,43,Female,102,0,0,36-45,8,0,0,0.0018954880584253246,0.001895488058425232,0,202.64
TXN002732,CUST01145,2025-11-04 11:02:43,Wire Transfer,Healthcare,91.19,4773.74,4682.55,,ATM Machine,India,0.7,55,Female,105,0,0,46-55,11,0,0,0.01910242283827766,0.019102422838277743,0,103.71
TXN002733,CUST01407,2025-11-04 13:20:13,POS Purchase,Utilities,150.18,10516.81,10366.63,No,POS Terminal,United States,15.3,36,Female,161,0,0,36-45,13,0,0,0.014279995549981439,0.014279995549981411,30,128.47
TXN002734,CUST01063,2025-11-04 17:17:14,Bank Transfer,Restaurants,537.48,848.48,311.0,,Web Browser,India,7.9,36,Male,97,0,0,36-45,17,0,0,0.6334621912125212,0.6334621912125212,10,139.48
TXN002735,CUST01657,2025-11-04 17:39:19,Bank Transfer,Restaurants,314.86,1510.55,1195.69,,Web Browser,United Kingdom,23.4,20,Male,121,0,0,18-25,17,0,0,0.20844063420608383,0.20844063420608389,0,139.48
TXN002736,CUST00378,2025-11-04 19:20:49,POS Purchase,Fuel,75.86,9190.92,9115.06,No,POS Terminal,Germany,9.1,21,Male,47,0,0,18-25,19,0,0,0.008253798313988217,0.008253798313988153,30,147.4
TXN002737,CUST01692,2025-11-04 22:18:41,ATM Withdrawal,Fashion & Apparel,21.15,2915.98,2894.83,Yes,Mobile App,UAE,46.9,85,Male,14,0,0,66+,22,0,0,0.007253136166914757,0.0072531361669147245,0,144.15
TXN002738,CUST01342,2025-11-05 15:03:33,Bill Payment,Travel,110.6,408.07,297.47,,Mobile App,UAE,40.8,66,Male,72,0,0,66+,15,0,0,0.27103193079618687,0.2710319307961869,0,483.02
TXN002739,CUST00362,2025-11-05 16:33:14,POS Purchase,Restaurants,145.02,4524.35,4779.35,No,Mobile App,Australia,1.3,79,Female,126,0,0,66+,16,0,0,-0.056361687314199826,0.032053223114922584,30,139.48
TXN002740,CUST01638,2025-11-05 16:42:38,POS Purchase,Groceries,104.18,2914.37,2810.19,Yes,Web Browser,Canada,7.6,53,Male,100,0,0,46-55,16,0,0,0.03574700535621758,0.035747005356217644,0,130.62
TXN002741,CUST01627,2025-11-06 11:09:09,Bill Payment,Utilities,91.95,4675.52,4583.57,,POS Terminal,United Kingdom,41.4,52,Female,107,0,0,46-55,11,0,0,0.019666261720621605,0.01966626172062145,0,128.47
TXN002742,CUST01621,2025-11-06 11:55:27,Online Purchase,Online Services,54.1,3184.27,3130.17,No,ATM Machine,United Kingdom,4.4,77,Female,159,0,0,66+,11,0,0,0.016989765315127144,0.01698976531512717,0,146.23
TXN002743,CUST00512,2025-11-06 12:39:17,Bank Transfer,Travel,51.69,1116.24,1064.55,,Mobile App,United Kingdom,8.7,24,Female,44,0,0,18-25,12,0,0,0.04630724575360142,0.04630724575360137,0,483.02
TXN002744,CUST00668,2025-11-06 15:47:32,POS Purchase,Home Improvement,167.77,3446.32,3278.55,No,Web Browser,United Kingdom,7.1,75,Male,78,0,0,66+,15,0,0,0.048680911813180426,0.04868091181318044,30,202.64
TXN002745,CUST00319,2025-11-07 11:50:02,Online Purchase,Restaurants,92.04,1685.04,1593.0,No,Web Browser,Canada,16.0,25,Male,151,1,0,18-25,11,0,0,0.05462184873949578,0.054621848739495805,15,139.48
TXN002746,CUST01038,2025-11-07 13:01:56,POS Purchase,Entertainment,140.5,5940.27,5799.77,No,Web Browser,Germany,2.3,40,Male,172,0,0,36-45,13,0,0,0.023652123556673347,0.023652123556673347,30,166.95
TXN002747,CUST01167,2025-11-07 14:02:29,Bank Transfer,Fashion & Apparel,45.1,3870.95,3825.85,,POS Terminal,United Kingdom,21.3,82,Male,143,0,0,66+,14,0,0,0.011650886733230838,0.011650886733230862,0,144.15
TXN002748,CUST00903,2025-11-07 16:32:41,Online Purchase,Online Services,89.04,3907.96,3818.92,No,Mobile App,UAE,11.6,48,Male,133,0,0,46-55,16,0,0,0.022784265959733457,0.022784265959733468,0,146.23
TXN002749,CUST01144,2025-11-08 12:05:14,Bank Transfer,Groceries,102.09,6396.53,6294.44,,Web Browser,United Kingdom,15.4,62,Male,40,0,0,56-65,12,1,0,0.01596021592957434,0.015960215929574317,0,130.62
TXN002750,CUST01638,2025-11-08 12:35:55,POS Purchase,Groceries,435.82,2655.77,2219.95,No,Mobile App,India,1.0,85,Female,104,0,0,66+,12,1,0,0.16410306615407214,0.16410306615407208,30,130.62
TXN002751,CUST00088,2025-11-08 18:15:34,POS Purchase,Restaurants,177.78,4981.54,4803.76,No,Mobile App,Pakistan,10.8,54,Male,88,0,0,46-55,18,1,0,0.035687759206992166,0.035687759206992214,30,139.48
TXN002752,CUST00443,2025-11-08 19:41:02,ATM Withdrawal,Groceries,195.33,1689.77,1494.44,Yes,Web Browser,United Kingdom,17.5,76,Male,79,0,0,66+,19,1,0,0.11559561360421829,0.11559561360421833,0,130.62
TXN002753,CUST01347,2025-11-08 23:12:37,Online Purchase,Utilities,140.54,10737.94,10597.4,No,Web Browser,India,9.4,32,Female,145,0,0,26-35,23,1,0,0.013088171474230706,0.013088171474230624,0,128.47
TXN002754,CUST01244,2025-11-09 09:21:56,ATM Withdrawal,Online Services,17.42,6818.5,6801.08,No,Web Browser,United States,27.6,49,Female,110,0,0,46-55,9,1,0,0.002554814108674939,0.0025548141086749287,30,146.23
TXN002755,CUST00616,2025-11-09 11:43:54,Bank Transfer,Entertainment,22.56,12547.38,12524.82,,Mobile App,India,4.4,75,Male,149,0,0,66+,11,1,0,0.0017979849179668977,0.0017979849179669382,0,166.95
TXN002756,CUST00567,2025-11-09 17:05:04,Bill Payment,Fuel,53.18,4495.03,4441.85,,Mobile App,Germany,3.4,79,Female,78,0,0,66+,17,1,0,0.011830844288024637,0.011830844288024774,0,147.4
TXN002757,CUST00882,2025-11-09 17:54:39,ATM Withdrawal,Jewelry & Luxury,58.97,1167.61,1108.64,Yes,Mobile App,Australia,10.6,27,Female,30,0,0,26-35,17,1,0,0.05050487748477643,0.0505048774847766,0,145.81
TXN002758,CUST00337,2025-11-10 10:25:35,POS Purchase,Groceries,383.13,7195.51,6812.38,Yes,Mobile App,United States,12.4,71,Male,57,0,0,66+,10,0,0,0.05324570461301563,0.053245704613015615,0,130.62
TXN002759,CUST01438,2025-11-10 18:55:06,ATM Withdrawal,Travel,780.6,2697.22,1916.62,Yes,Web Browser,United States,0.6,23,Male,35,0,0,18-25,18,0,0,0.28940909529070674,0.28940909529070674,0,483.02
TXN002760,CUST00082,2025-11-11 12:01:34,POS Purchase,Groceries,50.96,3769.44,3718.48,No,Mobile App,Canada,5.9,26,Male,137,0,0,26-35,12,0,0,0.013519249543698809,0.013519249543698798,30,130.62
TXN002761,CUST01451,2025-11-11 12:34:06,Bill Payment,Entertainment,73.59,3744.88,3671.29,,POS Terminal,Pakistan,31.0,71,Female,17,0,0,66+,12,0,0,0.01965082993313541,0.019650829933135376,0,166.95
TXN002762,CUST00513,2025-11-11 20:57:02,Wire Transfer,Restaurants,23.74,9417.91,9394.17,,Mobile App,United States,13.3,73,Female,58,0,0,66+,20,0,0,0.0025207291214292536,0.0025207291214292766,0,139.48
TXN002763,CUST01518,2025-11-11 21:54:56,Bank Transfer,Online Services,100.27,3424.35,3324.08,,Web Browser,Pakistan,2.9,72,Male,26,1,0,66+,21,0,0,0.029281469475958936,0.02928146947595894,15,146.23
TXN002764,CUST00908,2025-11-12 05:47:33,POS Purchase,Fashion & Apparel,145.42,4094.66,4165.66,No,POS Terminal,Canada,22.5,61,Female,48,0,0,56-65,5,0,1,-0.0173396570166998,0.03551454821645753,55,144.15
TXN002765,CUST00897,2025-11-12 08:04:03,POS Purchase,Electronics,87.79,2761.02,2673.23,Yes,Web Browser,United States,23.0,62,Male,133,0,0,56-65,8,0,0,0.031796220237448464,0.031796220237448485,0,132.66
TXN002766,CUST00071,2025-11-12 12:46:47,Online Purchase,Fuel,112.63,969.49,856.86,Yes,Mobile App,United Kingdom,11.4,29,Male,59,0,0,26-35,12,0,0,0.11617448349132017,0.11617448349132017,0,147.4
TXN002767,CUST00970,2025-11-12 17:57:36,Bank Transfer,Electronics,42.65,1440.36,1397.71,,Mobile App,United Kingdom,0.5,36,Female,103,0,0,36-45,17,0,0,0.02961065289233238,0.029610652892332473,0,132.66
TXN002768,CUST01361,2025-11-12 20:51:43,Online Purchase,Restaurants,174.54,1367.51,1192.97,Yes,ATM Machine,Canada,7.4,63,Female,68,0,0,56-65,20,0,0,0.12763343595293633,0.12763343595293636,0,139.48
TXN002769,CUST00441,2025-11-12 21:26:47,Bank Transfer,Electronics,68.93,609.77,540.84,,POS Terminal,United Kingdom,16.8,63,Male,20,0,0,56-65,21,0,0,0.113042622628204,0.1130426226282041,0,132.66
TXN002770,CUST00114,2025-11-13 01:54:14,POS Purchase,Groceries,50.73,902.98,852.25,Yes,Web Browser,Pakistan,6.4,44,Female,148,0,0,36-45,1,0,1,0.05618064630445859,0.05618064630445856,25,130.62
TXN002771,CUST01715,2025-11-13 06:24:34,POS Purchase,Fuel,20.43,2494.58,2474.15,Yes,POS Terminal,UAE,18.3,25,Male,43,1,0,18-25,6,0,0,0.00818975538968477,0.008189755389684836,15,147.4
TXN002772,CUST00349,2025-11-13 08:10:47,Online Purchase,Utilities,112.55,9416.78,9304.23,Yes,Web Browser,United States,6.5,32,Male,136,0,0,26-35,8,0,0,0.011952068541476076,0.01195206854147596,0,128.47
TXN002773,CUST00427,2025-11-13 19:15:30,Online Purchase,Restaurants,67.14,5903.38,5836.24,No,Web Browser,Pakistan,8.1,83,Female,121,0,0,66+,19,0,0,0.011373145553903074,0.011373145553903018,0,139.48
TXN002774,CUST00048,2025-11-14 09:01:20,Bank Transfer,Utilities,128.33,6345.16,6216.83,,ATM Machine,Pakistan,11.0,67,Female,108,0,0,66+,9,0,0,0.020224864306022217,0.02022486430602223,0,128.47
TXN002775,CUST00384,2025-11-14 09:24:33,Online Purchase,Utilities,23.25,2209.77,2186.52,Yes,Web Browser,United Kingdom,1.3,55,Male,123,0,0,46-55,9,0,0,0.010521456984211027,0.010521456984211027,0,128.47
TXN002776,CUST01031,2025-11-14 11:04:29,POS Purchase,Healthcare,100.26,2300.99,2200.73,Yes,Web Browser,United States,26.8,72,Male,8,0,0,66+,11,0,0,0.043572549207080334,0.04357254920708044,0,103.71
TXN002777,CUST00519,2025-11-14 15:52:51,Bank Transfer,Entertainment,368.45,4764.12,4395.67,,Web Browser,Germany,5.3,39,Female,122,0,0,36-45,15,0,0,0.07733852211950996,0.07733852211951,0,166.95
TXN002778,CUST00525,2025-11-14 16:17:48,POS Purchase,Electronics,208.67,4796.39,4587.72,No,Web Browser,UAE,4.9,77,Male,112,0,0,66+,16,0,0,0.04350563653080756,0.04350563653080754,30,132.66
TXN002779,CUST01425,2025-11-14 17:09:45,Bank Transfer,Groceries,130.2,4882.05,4751.85,,Mobile App,UAE,0.3,31,Male,58,0,0,26-35,17,0,0,0.026669124650505385,0.02666912465050542,0,130.62
TXN002780,CUST00115,2025-11-14 17:33:54,Online Purchase,Jewelry & Luxury,151.96,2748.82,2596.86,Yes,Mobile App,Canada,16.9,76,Female,130,0,0,66+,17,0,0,0.05528190278010202,0.055281902780102005,0,145.81
TXN002781,CUST00257,2025-11-14 18:38:29,Online Purchase,Restaurants,30.58,6000.03,5969.45,No,ATM Machine,United Kingdom,1.9,28,Male,33,0,0,26-35,18,0,0,0.005096641183460738,0.005096641183460749,0,139.48
TXN002782,CUST00635,2025-11-14 19:13:16,Online Purchase,Restaurants,176.42,3631.09,3454.67,Yes,ATM Machine,Germany,1.1,82,Female,123,1,0,66+,19,0,0,0.04858596179108754,0.04858596179108752,15,139.48
TXN002783,CUST00674,2025-11-14 20:24:01,ATM Withdrawal,Restaurants,46.03,5042.56,4996.53,No,Web Browser,United Kingdom,49.5,47,Male,75,0,0,46-55,20,0,0,0.009128299911156367,0.009128299911156238,30,139.48
TXN002784,CUST00153,2025-11-14 22:11:32,Wire Transfer,Electronics,20.71,4276.91,4256.2,,Mobile App,United Kingdom,5.1,37,Female,177,0,0,36-45,22,0,0,0.0048422809925857775,0.004842280992585769,0,132.66
TXN002785,CUST00390,2025-11-14 23:41:21,ATM Withdrawal,Entertainment,64.95,2165.82,2100.87,Yes,POS Terminal,Pakistan,13.6,79,Male,9,0,0,66+,23,0,0,0.02998864171537813,0.029988641715378007,0,166.95
TXN002786,CUST01361,2025-11-15 20:58:43,POS Purchase,Entertainment,319.57,3782.68,3463.11,No,Mobile App,Pakistan,17.6,47,Male,43,0,0,46-55,20,1,0,0.08448243044613864,0.08448243044613872,30,166.95
TXN002787,CUST00391,2025-11-16 10:40:37,Online Purchase,Groceries,257.25,2293.18,2035.93,No,ATM Machine,United Kingdom,29.7,60,Male,117,0,0,56-65,10,1,0,0.11218046555438291,0.112180465554383,0,130.62
TXN002788,CUST00192,2025-11-16 16:13:57,Online Purchase,Groceries,291.37,2919.12,2925.12,No,ATM Machine,United States,17.1,56,Male,132,0,0,56-65,16,1,0,-0.002055413960371619,0.09981432760557978,0,130.62
TXN002789,CUST00318,2025-11-16 16:39:33,POS Purchase,Utilities,79.18,1572.35,1493.17,Yes,Mobile App,Canada,16.5,20,Female,59,0,0,18-25,16,1,0,0.05035774477692616,0.05035774477692626,0,128.47
TXN002790,CUST01414,2025-11-16 21:46:26,Online Purchase,Entertainment,202.6,2528.59,2325.99,Yes,POS Terminal,Germany,9.4,66,Male,159,0,0,66+,21,1,0,0.08012370530611936,0.08012370530611922,0,166.95
TXN002791,CUST00957,2025-11-17 07:53:18,ATM Withdrawal,Fashion & Apparel,134.03,2640.59,2506.56,Yes,Web Browser,United States,2.7,24,Female,54,0,0,18-25,7,0,0,0.05075759584032364,0.05075759584032356,0,144.15
TXN002792,CUST00237,2025-11-17 08:46:52,Online Purchase,Fuel,612.2,1619.14,1006.94,No,POS Terminal,United States,9.5,64,Female,82,0,0,56-65,8,0,0,0.37810195535901775,0.37810195535901775,0,147.4
TXN002793,CUST00059,2025-11-17 10:49:57,POS Purchase,Groceries,175.67,7349.85,7174.18,Yes,POS Terminal,India,11.3,28,Male,38,0,0,26-35,10,0,0,0.02390116805104867,0.02390116805104866,0,130.62
TXN002794,CUST00728,2025-11-17 11:17:42,ATM Withdrawal,Fuel,111.89,789.7,677.81,No,POS Terminal,United States,9.8,32,Female,73,0,0,26-35,11,0,0,0.14168671647461073,0.1416867164746106,30,147.4
TXN002795,CUST01711,2025-11-17 15:19:41,POS Purchase,Entertainment,123.65,1259.8,1136.15,Yes,Web Browser,Canada,1.0,32,Male,52,0,0,26-35,15,0,0,0.09815050007937758,0.09815050007937769,0,166.95
TXN002796,CUST00747,2025-11-17 15:47:28,Online Purchase,Groceries,569.22,10161.66,9592.44,Yes,Mobile App,Australia,7.1,45,Female,32,0,0,36-45,15,0,0,0.056016438259103275,0.05601643825910334,0,130.62
TXN002797,CUST01380,2025-11-19 12:49:57,Online Purchase,Jewelry & Luxury,352.29,3771.74,4091.74,No,Web Browser,United Kingdom,2.0,70,Female,143,0,0,66+,12,0,0,-0.08484147899908266,0.09340251448933384,0,145.81
TXN002798,CUST01664,2025-11-19 13:03:08,Bill Payment,Electronics,106.33,958.0,851.67,,Web Browser,United Kingdom,24.1,63,Male,169,0,0,56-65,13,0,0,0.11099164926931111,0.11099164926931106,0,132.66
TXN002799,CUST01565,2025-11-20 00:06:59,Online Purchase,Groceries,232.37,2432.71,2200.34,No,Mobile App,United States,44.3,41,Male,82,0,0,36-45,0,0,1,0.09551898911090918,0.09551898911090924,25,130.62
TXN002800,CUST00147,2025-11-20 08:05:56,Online Purchase,Restaurants,100.54,5236.75,5136.21,No,ATM Machine,UAE,12.8,51,Female,122,0,0,46-55,8,0,0,0.019198930634458388,0.019198930634458395,0,139.48
TXN002801,CUST00891,2025-11-20 09:50:08,POS Purchase,Jewelry & Luxury,134.94,2492.97,2850.97,No,POS Terminal,United Kingdom,12.0,38,Female,97,0,0,36-45,9,0,0,-0.14360381392475643,0.05412820852236489,30,145.81
TXN002802,CUST00097,2025-11-20 12:41:40,ATM Withdrawal,Fashion & Apparel,439.58,1132.01,692.43,No,POS Terminal,Pakistan,10.1,41,Female,78,0,0,36-45,12,0,0,0.3883181243981944,0.38831812439819435,30,144.15
TXN002803,CUST01168,2025-11-20 13:31:30,Online Purchase,Online Services,178.75,3156.88,2978.13,No,Mobile App,Germany,16.4,85,Male,36,0,0,66+,13,0,0,0.05662236131877043,0.05662236131877043,0,146.23
TXN002804,CUST00086,2025-11-20 13:53:14,Bank Transfer,Online Services,67.28,1114.24,1046.96,,Web Browser,Pakistan,15.4,67,Male,20,0,0,66+,13,0,0,0.06038196438828257,0.0603819643882826,0,146.23
TXN002805,CUST00981,2025-11-20 15:45:29,Wire Transfer,Travel,182.42,4385.16,4202.74,,Web Browser,Pakistan,9.149999999999999,56,Female,48,0,0,56-65,15,0,0,0.04159939432084578,0.04159939432084576,0,483.02
TXN002806,CUST00201,2025-11-20 17:48:42,Online Purchase,Fashion & Apparel,58.21,1041.18,982.97,Yes,Mobile App,Pakistan,46.8,65,Male,25,0,0,56-65,17,0,0,0.0559077200868246,0.05590772008682456,0,144.15
TXN002807,CUST00061,2025-11-20 18:06:05,POS Purchase,Healthcare,112.62,3478.85,3366.23,No,POS Terminal,United Kingdom,8.7,82,Male,57,0,0,66+,18,0,0,0.03237276686261262,0.032372766862612645,30,103.71
TXN002808,CUST00339,2025-11-20 18:46:32,POS Purchase,Fashion & Apparel,86.94,9525.06,9438.12,No,Mobile App,United States,22.1,24,Female,124,0,0,18-25,18,0,0,0.00912750155904516,0.009127501559045298,30,144.15
TXN002809,CUST00318,2025-11-20 19:32:48,POS Purchase,Utilities,176.88,7980.84,7803.96,Yes,Web Browser,United States,1.6,44,Male,105,0,0,36-45,19,0,0,0.022163080577984287,0.02216308057798427,0,128.47
TXN002810,CUST00196,2025-11-21 15:05:40,POS Purchase,Entertainment,436.17,4935.13,4498.96,No,Mobile App,Australia,1.2,43,Male,142,0,0,36-45,15,0,0,0.08838065056037026,0.08838065056037024,30,166.95
TXN002811,CUST00011,2025-11-22 03:16:32,Bank Transfer,Home Improvement,704.73,4021.0,3316.27,,ATM Machine,Pakistan,99.2,37,Male,69,1,1,36-45,3,1,1,0.17526237254414326,0.17526237254414326,40,202.64
TXN002812,CUST01554,2025-11-22 08:30:54,POS Purchase,Healthcare,106.06,4550.08,4444.02,Yes,POS Terminal,United Kingdom,1.3,45,Male,164,0,0,36-45,8,1,0,0.02330948027287421,0.023309480272874324,0,103.71
TXN002813,CUST00433,2025-11-22 11:23:00,POS Purchase,Groceries,52.29,1028.73,1264.73,Yes,POS Terminal,UAE,4.6,50,Male,100,0,0,46-55,11,1,0,-0.22940907721170764,0.050829663760170306,0,130.62
TXN002814,CUST01531,2025-11-22 15:15:09,Online Purchase,Fashion & Apparel,55.07,7869.5,7814.43,Yes,ATM Machine,Canada,24.1,77,Female,4,0,0,66+,15,1,0,0.006997903297541103,0.00699790329754114,0,144.15
TXN002815,CUST01133,2025-11-22 16:02:48,POS Purchase,Travel,185.27,10828.24,10642.97,Yes,Web Browser,Pakistan,7.6,62,Female,24,0,0,56-65,16,1,0,0.01710989043464131,0.017109890434641273,0,483.02
TXN002816,CUST00999,2025-11-22 16:23:08,Bank Transfer,Groceries,360.46,7758.47,7398.01,,Web Browser,United Kingdom,0.1,79,Other,55,0,0,66+,16,1,0,0.046460191249047815,0.04646019124904781,0,130.62
TXN002817,CUST00552,2025-11-22 20:11:27,Online Purchase,Entertainment,957.22,2653.95,1696.73,Yes,POS Terminal,Australia,10.2,40,Male,90,0,0,36-45,20,1,0,0.360677480736261,0.3606774807362611,0,166.95
TXN002818,CUST00241,2025-11-23 01:32:22,Online Purchase,Fashion & Apparel,58.63,1671.58,1612.95,Yes,POS Terminal,United Kingdom,5.8,42,Female,124,0,0,36-45,1,1,1,0.035074600078967136,0.035074600078967205,25,144.15
TXN002819,CUST00772,2025-11-23 11:58:46,Bank Transfer,Healthcare,29.43,963.41,933.98,,Web Browser,UAE,0.7,23,Female,143,0,0,18-25,11,1,0,0.030547741875214033,0.030547741875214085,0,103.71
TXN002820,CUST01586,2025-11-23 13:14:45,Bill Payment,Groceries,367.98,4111.35,3743.37,,POS Terminal,United States,47.9,59,Male,80,0,0,56-65,13,1,0,0.08950344777262953,0.08950344777262942,0,130.62
TXN002821,CUST00576,2025-11-23 13:28:49,ATM Withdrawal,Fashion & Apparel,41.58,1714.84,1673.26,No,Web Browser,United States,19.3,57,Male,152,0,0,56-65,13,1,0,0.02424716008490584,0.02424716008490588,30,144.15
TXN002822,CUST00499,2025-11-23 13:41:04,Online Purchase,Restaurants,88.38,5975.94,6137.94,Yes,ATM Machine,United Kingdom,32.7,72,Male,127,0,0,66+,13,1,0,-0.027108705910701917,0.014789305113505156,0,139.48
TXN002823,CUST00468,2025-11-23 14:51:51,POS Purchase,Electronics,946.21,6362.92,5416.71,No,Mobile App,India,5.3,56,Male,178,0,0,56-65,14,1,0,0.14870688300340096,0.14870688300340096,30,132.66
TXN002824,CUST01171,2025-11-23 15:04:33,ATM Withdrawal,Fashion & Apparel,52.62,3531.8,3479.18,Yes,Mobile App,India,1.5,62,Male,178,0,0,56-65,15,1,0,0.014898918398550412,0.014898918398550313,0,144.15
TXN002825,CUST00924,2025-11-23 17:20:23,Bill Payment,Groceries,45.43,1880.04,1834.61,,Mobile App,United States,11.0,85,Female,174,0,0,66+,17,1,0,0.024164379481287666,0.02416437948128763,0,130.62
TXN002826,CUST00324,2025-11-23 18:09:06,POS Purchase,Utilities,198.62,10159.66,9961.04,No,Mobile App,India,6.2,61,Male,30,0,0,56-65,18,1,0,0.01954986682625196,0.01954986682625206,30,128.47
TXN002827,CUST01355,2025-11-23 18:18:31,Bank Transfer,Travel,179.23,7901.82,7722.59,,Mobile App,Germany,38.8,72,Female,102,0,0,66+,18,1,0,0.02268211627194742,0.022682116271947474,0,483.02
TXN002828,CUST01359,2025-11-23 19:17:35,Bill Payment,Home Improvement,52.69,3119.41,3066.72,,POS Terminal,Germany,14.5,73,Female,77,0,0,66+,19,1,0,0.016891014647000574,0.016891014647000553,0,202.64
TXN002829,CUST01579,2025-11-23 20:12:25,Online Purchase,Online Services,175.47,653.42,477.95,Yes,ATM Machine,United Kingdom,0.7,55,Female,2,0,0,46-55,20,1,0,0.26854090783875606,0.2685409078387561,0,146.23
TXN002830,CUST00647,2025-11-24 12:10:02,Online Purchase,Electronics,66.98,3200.01,3133.03,Yes,ATM Machine,Canada,1.3,36,Male,8,1,0,36-45,12,0,0,0.02093118459004816,0.020931184590048155,15,132.66
TXN002831,CUST01471,2025-11-24 14:02:11,Online Purchase,Utilities,32.46,2691.32,3109.32,No,Mobile App,United States,7.7,62,Male,63,0,0,56-65,14,0,0,-0.15531412095180058,0.012060996091137434,0,128.47
TXN002832,CUST00437,2025-11-24 16:50:24,Online Purchase,Electronics,39.74,3339.26,3299.52,Yes,POS Terminal,India,3.0,70,Female,67,0,0,66+,16,0,0,0.011900840305936116,0.011900840305936045,0,132.66
TXN002833,CUST01504,2025-11-24 23:32:50,Online Purchase,Groceries,46.49,5771.18,5724.69,Yes,POS Terminal,United States,5.3,42,Male,79,0,0,36-45,23,0,0,0.008055544966540757,0.008055544966540639,0,130.62
TXN002834,CUST01686,2025-11-25 14:25:29,ATM Withdrawal,Fashion & Apparel,85.18,1340.7,1255.52,No,Mobile App,United States,1.4,81,Male,55,0,0,66+,14,0,0,0.06353397478928922,0.06353397478928918,30,144.15
TXN002835,CUST01199,2025-11-25 14:48:47,Online Purchase,Groceries,84.06,5340.25,5736.25,No,Mobile App,Pakistan,4.0,32,Female,15,0,0,26-35,14,0,0,-0.07415383174944994,0.01574083610317869,0,130.62
TXN002836,CUST01209,2025-11-25 20:22:01,Online Purchase,Home Improvement,72.12,17661.76,17589.64,Yes,Mobile App,Pakistan,11.9,54,Female,33,0,0,46-55,20,0,0,0.00408339825702529,0.004083398257025348,0,202.64
TXN002837,CUST00664,2025-11-26 08:54:11,POS Purchase,Groceries,105.83,713.42,607.59,Yes,Mobile App,United Kingdom,9.5,57,Male,51,0,0,56-65,8,0,0,0.14834179024978264,0.14834179024978275,0,130.62
TXN002838,CUST01203,2025-11-26 15:12:58,Online Purchase,Groceries,164.8,4170.79,4269.79,Yes,Mobile App,United Kingdom,58.1,81,Female,42,0,0,66+,15,0,0,-0.023736510349358274,0.03951289803610347,0,130.62
TXN002839,CUST00856,2025-11-26 16:21:27,Online Purchase,Electronics,45.74,2100.5,2054.76,No,Mobile App,UAE,28.3,46,Male,98,0,0,46-55,16,0,0,0.021775767674363143,0.021775767674363247,0,132.66
TXN002840,CUST00008,2025-11-26 19:40:18,Bill Payment,Jewelry & Luxury,277.23,4364.51,4087.28,,Web Browser,Germany,83.7,36,Female,96,0,1,36-45,19,0,0,0.06351915793525505,0.06351915793525505,0,145.81
TXN002841,CUST00009,2025-11-27 02:21:15,Bank Transfer,Online Services,195.82,19967.77,19771.95,,Web Browser,Germany,14.1,82,Female,60,0,1,66+,2,0,1,0.00980680366410469,0.009806803664104705,25,146.23
TXN002842,CUST01547,2025-11-27 09:07:55,Bill Payment,Travel,53.08,1242.2,1189.12,,POS Terminal,United Kingdom,34.4,62,Male,54,0,0,56-65,9,0,0,0.04273063918853659,0.042730639188536465,0,483.02
TXN002843,CUST01647,2025-11-27 09:59:48,POS Purchase,Electronics,58.59,5303.29,5244.7,Yes,Mobile App,UAE,5.0,72,Female,173,0,0,66+,9,0,0,0.011047858970563583,0.011047858970563557,0,132.66
TXN002844,CUST00028,2025-11-27 12:49:17,POS Purchase,Home Improvement,141.79,3867.32,3725.53,Yes,ATM Machine,United States,13.7,71,Male,41,0,0,66+,12,0,0,0.036663632696544365,0.03666363269654437,0,202.64
TXN002845,CUST01363,2025-11-27 22:12:01,ATM Withdrawal,Entertainment,560.9,745.62,184.72,No,Web Browser,UAE,18.7,70,Male,102,0,0,66+,22,0,0,0.7522598642740269,0.7522598642740269,40,166.95
TXN002846,CUST00048,2025-11-28 00:38:34,Bank Transfer,Fashion & Apparel,1638.17,4190.82,2552.65,,Web Browser,Australia,226.0,76,Male,58,0,1,66+,0,0,1,0.39089486067165846,0.3908948606716586,45,144.15
TXN002847,CUST00448,2025-11-28 10:11:51,POS Purchase,Fashion & Apparel,81.24,9438.43,9357.19,No,Mobile App,United States,6.7,43,Female,103,0,0,36-45,10,0,0,0.008607363724687239,0.008607363724687261,30,144.15
TXN002848,CUST00074,2025-11-28 16:13:13,Online Purchase,Travel,88.99,7638.73,7549.74,Yes,POS Terminal,UAE,31.6,39,Male,112,0,0,36-45,16,0,0,0.01164984231672016,0.011649842316720187,0,483.02
TXN002849,CUST01245,2025-11-28 18:04:21,ATM Withdrawal,Travel,151.69,6639.86,6488.17,Yes,POS Terminal,Pakistan,0.8,39,Female,62,0,0,36-45,18,0,0,0.022845361197374583,0.022845361197374646,0,483.02
TXN002850,CUST00416,2025-11-28 19:39:41,Online Purchase,Electronics,304.1,1286.73,982.63,No,Mobile App,UAE,4.9,47,Female,126,1,0,46-55,19,0,0,0.23633551716366294,0.23633551716366294,15,132.66
TXN002851,CUST00511,2025-11-29 12:13:00,POS Purchase,Jewelry & Luxury,31.78,4011.5,4384.5,Yes,POS Terminal,United States,17.2,21,Male,8,0,0,18-25,12,1,0,-0.09298267480992148,0.007922223607129504,0,145.81
TXN002852,CUST01495,2025-11-29 16:01:57,Bank Transfer,Groceries,84.44,7863.19,7778.75,,Web Browser,United Kingdom,34.5,63,Female,74,0,0,56-65,16,1,0,0.010738644239805932,0.010738644239805983,0,130.62
TXN002853,CUST00461,2025-11-29 16:30:23,Online Purchase,Online Services,563.04,805.66,242.62,Yes,ATM Machine,United States,11.7,82,Female,47,0,0,66+,16,1,0,0.6988555966536752,0.6988555966536752,10,146.23
TXN002854,CUST00811,2025-11-29 18:47:48,POS Purchase,Utilities,36.27,2069.86,2033.59,No,Mobile App,United Kingdom,0.2,28,Female,67,0,0,26-35,18,1,0,0.017522924255746867,0.017522924255746766,30,128.47
TXN002855,CUST01330,2025-11-29 20:49:01,Bill Payment,Travel,129.21,4623.5,4494.29,,POS Terminal,United States,0.1,21,Female,125,0,0,18-25,20,1,0,0.027946360981940095,0.02794636098194009,0,483.02
TXN002856,CUST00246,2025-11-30 09:43:19,Bank Transfer,Electronics,119.74,31149.14,31029.4,,POS Terminal,United Kingdom,0.5,70,Female,104,0,0,66+,9,1,0,0.0038440868672457076,0.003844086867245773,0,132.66
TXN002857,CUST00814,2025-11-30 13:43:28,ATM Withdrawal,Groceries,103.58,6925.06,6821.48,Yes,ATM Machine,United States,10.5,68,Male,122,0,0,66+,13,1,0,0.014957271128336913,0.014957271128336794,0,130.62
TXN002858,CUST01688,2025-11-30 17:24:12,POS Purchase,Groceries,90.98,1088.21,997.23,Yes,POS Terminal,United States,0.4,54,Other,161,0,0,46-55,17,1,0,0.08360518649892945,0.08360518649892944,0,130.62
TXN002859,CUST00787,2025-11-30 23:56:58,ATM Withdrawal,Fuel,369.97,1440.49,1070.52,No,Mobile App,United Kingdom,6.4,42,Female,173,0,0,36-45,23,1,0,0.25683621545446345,0.25683621545446345,30,147.4
TXN002860,CUST00470,2025-12-01 06:55:09,Bank Transfer,Groceries,73.69,8403.6,8329.91,,Web Browser,United Kingdom,6.9,30,Female,62,0,0,26-35,6,0,0,0.008768860964348672,0.008768860964348611,0,130.62
TXN002861,CUST01172,2025-12-01 11:35:31,Online Purchase,Restaurants,213.77,2913.38,2699.61,No,Web Browser,Australia,42.3,34,Female,173,0,0,26-35,11,0,0,0.07337525485861782,0.07337525485861783,0,139.48
TXN002862,CUST00077,2025-12-01 17:32:11,POS Purchase,Restaurants,79.32,17172.8,17093.48,No,Mobile App,United Kingdom,6.3,28,Female,9,0,0,26-35,17,0,0,0.004618932264977157,0.004618932264977173,30,139.48
TXN002863,CUST01329,2025-12-01 18:15:33,Online Purchase,Restaurants,598.87,4793.33,4194.46,Yes,Web Browser,Canada,4.7,62,Female,37,0,0,56-65,18,0,0,0.12493819536731247,0.1249381953673125,0,139.48
TXN002864,CUST00689,2025-12-01 18:35:43,Bank Transfer,Groceries,254.96,7489.02,7234.06,,Web Browser,United States,24.5,45,Female,3,0,0,36-45,18,0,0,0.034044507826124115,0.03404450782612411,0,130.62
TXN002865,CUST00204,2025-12-01 19:22:50,Online Purchase,Groceries,88.39,7611.15,7522.76,Yes,POS Terminal,United Kingdom,25.9,53,Female,91,0,0,46-55,19,0,0,0.011613225333885079,0.011613225333885155,0,130.62
TXN002866,CUST01147,2025-12-01 19:28:17,ATM Withdrawal,Fuel,205.32,3896.6,3691.28,No,Web Browser,United States,1.8,82,Female,42,0,0,66+,19,0,0,0.05269209054047111,0.05269209054047118,30,147.4
TXN002867,CUST00691,2025-12-01 19:28:42,Wire Transfer,Fuel,127.5,7198.36,7070.86,,POS Terminal,United Kingdom,3.7,43,Female,46,0,0,36-45,19,0,0,0.0177123678171139,0.0177123678171139,0,147.4
TXN002868,CUST00651,2025-12-02 09:32:29,Online Purchase,Fashion & Apparel,157.56,1688.58,1531.02,No,Mobile App,United Kingdom,0.7,18,Female,135,0,0,18-25,9,0,0,0.09330917101943642,0.09330917101943645,0,144.15
TXN002869,CUST00651,2025-12-02 15:42:32,POS Purchase,Healthcare,21.74,5999.07,5977.33,Yes,Mobile App,United States,6.8,20,Male,66,0,0,18-25,15,0,0,0.003623895037064042,0.003623895037064078,0,103.71
TXN002870,CUST01379,2025-12-02 19:17:01,POS Purchase,Groceries,210.0,1873.6,1663.6,No,Web Browser,United Kingdom,12.7,62,Male,64,0,0,56-65,19,0,0,0.11208368915456875,0.11208368915456875,30,130.62
TXN002871,CUST00115,2025-12-02 20:06:45,POS Purchase,Electronics,86.38,3812.64,3726.26,Yes,Web Browser,Australia,3.4,61,Female,35,0,0,56-65,20,0,0,0.022656217214318597,0.022656217214318687,0,132.66
TXN002872,CUST00816,2025-12-03 10:19:36,POS Purchase,Utilities,194.62,5995.8,5801.18,Yes,ATM Machine,United Kingdom,2.4,64,Female,176,0,0,56-65,10,0,0,0.03245938823843355,0.03245938823843357,0,128.47
TXN002873,CUST01513,2025-12-03 11:42:14,Wire Transfer,Restaurants,90.4,6172.19,6081.79,,Mobile App,Pakistan,2.7,52,Female,4,0,0,46-55,11,0,0,0.014646341088009222,0.014646341088009282,0,139.48
TXN002874,CUST00071,2025-12-03 14:22:33,POS Purchase,Home Improvement,64.02,1710.65,1646.63,Yes,ATM Machine,Pakistan,5.2,32,Other,137,0,0,26-35,14,0,0,0.03742437085318445,0.03742437085318446,0,202.64
TXN002875,CUST01104,2025-12-04 08:22:50,Bank Transfer,Restaurants,43.47,3149.44,3105.97,,POS Terminal,United Kingdom,18.1,32,Female,79,0,0,26-35,8,0,0,0.013802453769559114,0.013802453769559032,0,139.48
TXN002876,CUST00627,2025-12-04 08:32:10,ATM Withdrawal,Electronics,336.76,5332.9,4996.14,Yes,POS Terminal,Germany,25.4,18,Female,110,0,0,18-25,8,0,0,0.0631476307449979,0.06314763074499803,0,132.66
TXN002877,CUST01309,2025-12-04 13:00:00,POS Purchase,Home Improvement,27.28,1697.31,1670.03,Yes,Mobile App,United States,3.9,35,Female,58,0,0,26-35,13,0,0,0.016072491177215695,0.016072491177215712,0,202.64
TXN002878,CUST00922,2025-12-04 13:31:24,Bill Payment,Groceries,31.13,1139.4,1108.27,,Mobile App,UAE,9.3,54,Male,180,0,0,46-55,13,0,0,0.02732139722661059,0.027321397226610495,0,130.62
TXN002879,CUST00968,2025-12-04 13:49:13,ATM Withdrawal,Groceries,118.52,24797.23,24678.71,No,Mobile App,United States,11.3,36,Male,48,0,0,36-45,13,0,0,0.004779566104762526,0.0047795661047625075,30,130.62
TXN002880,CUST01331,2025-12-04 16:57:03,Bank Transfer,Travel,591.64,7255.61,6663.97,,POS Terminal,Canada,5.1,51,Female,95,0,0,46-55,16,0,0,0.08154242027892891,0.081542420278929,0,483.02
TXN002881,CUST00970,2025-12-04 20:29:06,Online Purchase,Healthcare,243.51,1225.56,1602.56,Yes,Web Browser,United Kingdom,13.6,54,Other,102,0,0,46-55,20,0,0,-0.3076144782793172,0.1986928424556937,0,103.71
TXN002882,CUST01090,2025-12-05 08:10:03,Bank Transfer,Electronics,163.58,3908.31,3744.73,,POS Terminal,United States,14.6,76,Female,66,0,0,66+,8,0,0,0.041854407659576626,0.041854407659576646,0,132.66
TXN002883,CUST01261,2025-12-05 11:02:59,Online Purchase,Fashion & Apparel,211.81,2297.67,2085.86,No,Web Browser,Pakistan,12.4,68,Male,81,0,0,66+,11,0,0,0.09218469144829325,0.09218469144829326,0,144.15
TXN002884,CUST01011,2025-12-06 08:49:03,POS Purchase,Groceries,408.54,2010.37,1601.83,Yes,POS Terminal,United States,2.5,27,Male,117,0,0,26-35,8,1,0,0.20321632336336096,0.20321632336336098,0,130.62
TXN002885,CUST01000,2025-12-06 14:51:28,POS Purchase,Groceries,47.78,13627.87,13752.87,Yes,POS Terminal,United Kingdom,21.5,67,Female,49,1,0,66+,14,1,0,-0.009172379836320715,0.0035060504686352306,15,130.62
TXN002886,CUST00142,2025-12-06 17:02:40,Online Purchase,Travel,16.9,2539.29,2522.39,No,Mobile App,India,10.2,85,Male,73,0,0,66+,17,1,0,0.006655403675830681,0.006655403675830645,0,483.02
TXN002887,CUST01272,2025-12-07 08:33:46,Online Purchase,Travel,107.83,1872.24,1764.41,Yes,ATM Machine,United States,7.8,68,Male,104,0,0,66+,8,1,0,0.057594111866000046,0.05759411186600009,0,483.02
TXN002888,CUST00103,2025-12-07 09:12:16,Online Purchase,Electronics,177.68,3616.83,3439.15,Yes,Mobile App,United Kingdom,4.1,34,Female,132,0,0,26-35,9,1,0,0.04912589201040686,0.04912589201040691,0,132.66
TXN002889,CUST00491,2025-12-07 09:18:06,ATM Withdrawal,Fashion & Apparel,36.97,3711.55,3674.58,Yes,POS Terminal,Pakistan,12.8,58,Female,20,0,0,56-65,9,1,0,0.009960798049332557,0.009960798049332488,0,144.15
TXN002890,CUST00241,2025-12-07 09:30:24,Online Purchase,Electronics,229.39,1289.54,1060.15,No,Mobile App,United Kingdom,5.0,79,Female,119,0,0,66+,9,1,0,0.17788513733579406,0.17788513733579414,0,132.66
TXN002891,CUST00457,2025-12-07 10:06:20,Bank Transfer,Restaurants,233.04,683.99,450.95,,Web Browser,Australia,8.1,52,Female,160,0,0,46-55,10,1,0,0.3407067354785889,0.3407067354785889,0,139.48
TXN002892,CUST00984,2025-12-07 13:55:30,POS Purchase,Fuel,149.0,11343.36,11194.36,No,Mobile App,United Kingdom,55.1,85,Female,20,0,0,66+,13,1,0,0.013135437824418866,0.013135437824418866,30,147.4
TXN002893,CUST00181,2025-12-07 14:09:21,Online Purchase,Entertainment,154.43,5593.96,5439.53,Yes,Web Browser,UAE,101.2,83,Female,107,0,0,66+,14,1,0,0.027606561362612584,0.027606561362612532,20,166.95
TXN002894,CUST01311,2025-12-07 18:23:25,Bill Payment,Electronics,26.44,1156.83,1130.39,,POS Terminal,Germany,4.7,20,Female,72,0,0,18-25,18,1,0,0.02285556218286164,0.022855562182861788,0,132.66
TXN002895,CUST00910,2025-12-08 07:07:22,POS Purchase,Online Services,643.31,5993.25,6348.25,No,POS Terminal,India,27.7,54,Female,136,0,0,46-55,7,0,0,-0.05923330413381721,0.10733908980936886,30,146.23
TXN002896,CUST00739,2025-12-08 07:21:32,POS Purchase,Electronics,33.74,1879.25,1845.51,No,POS Terminal,United States,0.9,49,Male,26,0,0,46-55,7,0,0,0.017953970999068782,0.01795397099906878,30,132.66
TXN002897,CUST00361,2025-12-08 09:54:41,Bill Payment,Jewelry & Luxury,326.93,523.31,196.38,,Mobile App,Canada,12.2,66,Male,17,0,0,66+,9,0,0,0.6247348607899715,0.6247348607899716,10,145.81
TXN002898,CUST00474,2025-12-08 11:49:40,Bank Transfer,Entertainment,144.38,3095.21,2950.83,,Web Browser,United Kingdom,12.6,47,Male,136,0,0,46-55,11,0,0,0.04664626955844679,0.04664626955844676,0,166.95
TXN002899,CUST00856,2025-12-09 11:52:39,POS Purchase,Groceries,41.05,5212.94,5370.94,Yes,Mobile App,India,17.5,72,Female,164,0,0,66+,11,0,0,-0.03030919212574862,0.007874635042797347,0,130.62
TXN002900,CUST01041,2025-12-09 16:27:29,Online Purchase,Groceries,262.02,10695.51,10433.49,Yes,Mobile App,Australia,16.0,69,Female,102,0,0,66+,16,0,0,0.024498130523930177,0.024498130523930132,0,130.62
TXN002901,CUST01594,2025-12-09 18:33:55,Online Purchase,Online Services,104.16,10337.41,10233.25,Yes,POS Terminal,United Kingdom,4.2,48,Female,139,0,0,46-55,18,0,0,0.010076024845681835,0.010076024845681849,0,146.23
TXN002902,CUST01141,2025-12-10 10:18:18,Bank Transfer,Fashion & Apparel,131.61,11493.3,11361.69,,Mobile App,United Kingdom,3.8,54,Female,70,0,0,46-55,10,0,0,0.011451019289498992,0.011451019289499102,0,144.15
TXN002903,CUST00300,2025-12-10 12:23:43,Bill Payment,Electronics,109.77,1631.12,1521.35,,Mobile App,Pakistan,18.1,23,Male,118,0,0,18-25,12,0,0,0.06729731718083279,0.0672973171808328,0,132.66
TXN002904,CUST01513,2025-12-10 15:07:41,Bill Payment,Fashion & Apparel,73.01,8336.38,8263.37,,POS Terminal,Canada,39.8,41,Male,83,0,0,36-45,15,0,0,0.008757998075903259,0.008757998075903451,0,144.15
TXN002905,CUST00044,2025-12-10 15:52:09,Online Purchase,Travel,264.41,1393.81,1474.81,No,Web Browser,United States,117.7,19,Male,39,1,1,18-25,15,0,0,-0.05811409015576011,0.18970304417388312,35,483.02
TXN002906,CUST01366,2025-12-11 08:55:06,Wire Transfer,Electronics,14.28,3653.86,3639.58,,Mobile App,United Kingdom,5.3,53,Female,143,0,0,46-55,8,0,0,0.003908195716311024,0.0039081957163109695,0,132.66
TXN002907,CUST01376,2025-12-11 11:40:52,Wire Transfer,Fashion & Apparel,34.27,4553.13,4518.86,,POS Terminal,United Kingdom,47.4,62,Male,38,0,0,56-65,11,0,0,0.007526690430539088,0.007526690430538992,0,144.15
TXN002908,CUST00047,2025-12-12 05:25:13,Bank Transfer,Restaurants,723.28,6138.53,5415.25,,Web Browser,Pakistan,16.5,81,Female,23,2,1,66+,5,0,1,0.117826254819965,0.11782625481996505,55,139.48
TXN002909,CUST01379,2025-12-12 09:47:56,ATM Withdrawal,Electronics,537.11,4569.8,4032.69,Yes,POS Terminal,United States,2.8,37,Other,173,0,0,36-45,9,0,0,0.1175346842312574,0.11753468423125739,0,132.66
TXN002910,CUST00917,2025-12-12 16:59:47,Online Purchase,Restaurants,80.85,2649.56,2568.71,Yes,POS Terminal,Germany,18.0,24,Female,15,0,0,18-25,16,0,0,0.030514500520841162,0.030514500520841193,0,139.48
TXN002911,CUST01693,2025-12-12 18:45:51,ATM Withdrawal,Fashion & Apparel,512.14,3057.01,2544.87,No,Web Browser,United States,18.2,77,Female,105,0,0,66+,18,0,0,0.16752971040330267,0.16752971040330256,30,144.15
TXN002912,CUST01678,2025-12-13 10:59:18,Online Purchase,Restaurants,18.57,6747.33,6728.76,No,Web Browser,United States,40.7,43,Male,107,0,0,36-45,10,1,0,0.0027521997590157455,0.0027521997590157885,0,139.48
TXN002913,CUST00040,2025-12-13 12:28:51,Online Purchase,Fashion & Apparel,168.04,11642.13,11474.09,Yes,Mobile App,United Kingdom,32.3,77,Male,130,0,0,66+,12,1,0,0.014433784883006723,0.014433784883006805,0,144.15
TXN002914,CUST01087,2025-12-13 18:55:09,Bill Payment,Home Improvement,20.5,3486.55,3466.05,,Mobile App,United Kingdom,1.6,61,Female,172,0,0,56-65,18,1,0,0.0058797378497368455,0.0058797378497368455,0,202.64
TXN002915,CUST00044,2025-12-13 22:29:56,Wire Transfer,Jewelry & Luxury,406.45,1854.84,1448.39,,POS Terminal,Pakistan,11.9,33,Male,59,0,1,26-35,22,1,0,0.21912941277953885,0.21912941277953893,0,145.81
TXN002916,CUST00855,2025-12-14 15:47:25,Bank Transfer,Fashion & Apparel,316.65,4843.69,4527.04,,Web Browser,India,78.9,48,Female,34,0,0,46-55,15,1,0,0.065373713016316,0.06537371301631607,0,144.15
TXN002917,CUST00943,2025-12-14 16:00:14,Online Purchase,Groceries,64.61,9977.87,9913.26,Yes,Mobile App,Canada,12.8,46,Male,39,1,0,46-55,16,1,0,0.00647532990508,0.006475329905079942,15,130.62
TXN002918,CUST00863,2025-12-14 16:31:29,Online Purchase,Groceries,82.55,15490.67,15408.12,Yes,Web Browser,Germany,5.1,41,Female,157,0,0,36-45,16,1,0,0.005329014174338442,0.005329014174338489,0,130.62
TXN002919,CUST00667,2025-12-15 16:11:03,Bill Payment,Groceries,357.23,38111.35,37754.12,,Web Browser,UAE,0.4,40,Female,54,0,0,36-45,16,0,0,0.009373323170131625,0.009373323170131733,0,130.62
TXN002920,CUST01554,2025-12-15 16:22:33,POS Purchase,Restaurants,84.21,10502.7,10418.49,No,POS Terminal,Canada,6.6,40,Male,116,0,0,36-45,16,0,0,0.008017938244451517,0.008017938244451425,30,139.48
TXN002921,CUST01688,2025-12-15 16:36:49,Online Purchase,Electronics,26.29,5594.98,5899.98,Yes,Mobile App,Australia,49.1,70,Female,97,0,0,66+,16,0,0,-0.054513152862029894,0.004698855045058249,0,132.66
TXN002922,CUST01456,2025-12-15 16:52:54,POS Purchase,Healthcare,348.58,1350.94,1002.36,No,Web Browser,United States,2.6,65,Male,29,0,0,56-65,16,0,0,0.2580277436451656,0.25802774364516556,30,103.71
TXN002923,CUST00356,2025-12-15 17:27:45,Bill Payment,Electronics,375.94,4358.03,3982.09,,POS Terminal,United States,8.2,85,Female,77,0,0,66+,17,0,0,0.08626374761073229,0.08626374761073238,0,132.66
TXN002924,CUST00009,2025-12-15 17:44:18,Online Purchase,Jewelry & Luxury,2025.97,4158.34,2132.37,Yes,Web Browser,Pakistan,305.4,29,Female,4,1,1,26-35,17,0,0,0.4872064333363795,0.4872064333363794,35,145.81
TXN002925,CUST00877,2025-12-16 08:56:48,Bill Payment,Travel,57.97,1870.46,1812.49,,POS Terminal,Canada,4.9,80,Male,154,1,0,66+,8,0,0,0.030992376206922374,0.03099237620692236,15,483.02
TXN002926,CUST00497,2025-12-16 14:24:52,POS Purchase,Groceries,44.76,7801.61,7756.85,Yes,Mobile App,United Kingdom,8.1,40,Female,130,0,0,36-45,14,0,0,0.005737277305581708,0.005737277305581797,0,130.62
TXN002927,CUST00289,2025-12-16 20:19:13,POS Purchase,Home Improvement,64.62,3062.39,2997.77,Yes,Web Browser,Canada,5.5,37,Male,26,0,0,36-45,20,0,0,0.021101166082700077,0.021101166082700115,0,202.64
TXN002928,CUST01150,2025-12-17 09:24:41,Online Purchase,Fashion & Apparel,45.96,5384.54,5338.58,Yes,POS Terminal,United Kingdom,12.3,46,Male,160,0,0,46-55,9,0,0,0.008535548069101546,0.00853554806910154,0,144.15
TXN002929,CUST00249,2025-12-17 17:01:39,Online Purchase,Utilities,209.02,11667.93,11458.91,No,POS Terminal,United States,23.5,54,Male,155,0,0,46-55,17,0,0,0.01791406016319951,0.01791406016319947,0,128.47
TXN002930,CUST00554,2025-12-17 17:59:01,POS Purchase,Restaurants,32.14,8587.56,8555.42,Yes,ATM Machine,Pakistan,34.6,73,Male,137,0,0,66+,17,0,0,0.0037426230500863366,0.0037426230500864043,0,139.48
TXN002931,CUST00147,2025-12-17 20:32:10,Bill Payment,Utilities,91.24,2618.89,2527.65,,POS Terminal,Canada,14.9,64,Other,142,0,0,56-65,20,0,0,0.034839187594744254,0.03483918759474434,0,128.47
TXN002932,CUST01191,2025-12-18 11:11:14,Online Purchase,Fuel,125.93,3643.94,4036.94,No,Mobile App,United Kingdom,0.4,69,Female,151,0,0,66+,11,0,0,-0.10785029391263302,0.03455874685093607,0,147.4
TXN002933,CUST01485,2025-12-18 14:26:30,Online Purchase,Home Improvement,27.1,5376.88,5806.88,No,Web Browser,Australia,12.8,24,Male,39,0,0,18-25,14,0,0,-0.07997202838821026,0.005040097603070926,0,202.64
TXN002934,CUST01390,2025-12-19 12:42:15,Bank Transfer,Entertainment,72.05,8603.52,8531.47,,Mobile App,Pakistan,19.4,24,Male,6,0,0,18-25,12,0,0,0.008374479282898289,0.008374479282898162,0,166.95
TXN002935,CUST01686,2025-12-19 12:49:40,POS Purchase,Fuel,321.39,1684.02,1362.63,No,Web Browser,Germany,8.1,60,Female,136,0,0,56-65,12,0,0,0.190846902055795,0.19084690205579505,30,147.4
TXN002936,CUST00509,2025-12-19 14:54:52,ATM Withdrawal,Groceries,74.86,4528.18,4453.32,Yes,Web Browser,Pakistan,1.0,47,Female,172,0,0,46-55,14,0,0,0.016532028320429087,0.01653202832042896,0,130.62
TXN002937,CUST01208,2025-12-19 15:56:13,Online Purchase,Travel,143.55,1348.75,1205.2,Yes,Mobile App,Canada,4.2,55,Female,58,0,0,46-55,15,0,0,0.10643188137164038,0.10643188137164042,0,483.02
TXN002938,CUST00119,2025-12-19 17:24:48,ATM Withdrawal,Groceries,98.05,8165.65,8067.6,Yes,Web Browser,United Kingdom,0.2,83,Other,62,0,0,66+,17,0,0,0.01200761727480351,0.012007617274803598,0,130.62
TXN002939,CUST00837,2025-12-19 18:41:26,Bill Payment,Home Improvement,40.59,7179.32,7138.73,,Mobile App,United States,0.3,25,Female,62,1,0,18-25,18,0,0,0.005653738794203372,0.005653738794203352,15,202.64
TXN002940,CUST00734,2025-12-19 21:13:20,Online Purchase,Online Services,117.28,6399.9,6282.62,Yes,ATM Machine,United Kingdom,1.4,44,Female,135,0,0,36-45,21,0,0,0.018325286332598906,0.018325286332598948,0,146.23
TXN002941,CUST00601,2025-12-20 08:52:06,POS Purchase,Healthcare,214.01,1166.08,952.07,Yes,ATM Machine,United States,19.6,64,Male,89,0,0,56-65,8,1,0,0.18352943194291976,0.18352943194291987,0,103.71
TXN002942,CUST01548,2025-12-20 10:43:59,POS Purchase,Groceries,45.85,3679.93,3634.08,Yes,Mobile App,Canada,9.6,19,Female,98,0,0,18-25,10,1,0,0.012459476131339431,0.012459476131339456,0,130.62
TXN002943,CUST00432,2025-12-20 19:29:03,Online Purchase,Healthcare,91.55,2017.16,1925.61,No,POS Terminal,United Kingdom,0.6,56,Male,162,0,0,56-65,19,1,0,0.04538559162386731,0.04538559162386722,0,103.71
TXN002944,CUST01137,2025-12-21 09:21:14,ATM Withdrawal,Home Improvement,215.04,3614.7,3399.66,No,POS Terminal,United States,22.2,20,Male,154,0,0,18-25,9,1,0,0.059490414142252465,0.05949041414225247,30,202.64
TXN002945,CUST01222,2025-12-21 09:41:48,POS Purchase,Fashion & Apparel,316.19,6918.94,6602.75,No,Mobile App,Pakistan,2.2,68,Male,53,0,0,66+,9,1,0,0.04569919669776001,0.04569919669776006,30,144.15
TXN002946,CUST00279,2025-12-21 10:19:48,POS Purchase,Groceries,53.33,1452.61,1399.28,Yes,ATM Machine,Pakistan,3.3,68,Male,160,0,0,66+,10,1,0,0.03671322653706083,0.036713226537060877,0,130.62
TXN002947,CUST01088,2025-12-21 11:43:20,POS Purchase,Entertainment,90.34,887.93,797.59,Yes,Mobile App,United States,13.7,81,Female,77,0,0,66+,11,1,0,0.1017422544569954,0.10174225445699549,0,166.95
TXN002948,CUST00659,2025-12-21 12:42:59,Bank Transfer,Restaurants,364.18,3567.56,3203.38,,Web Browser,Canada,47.9,21,Male,88,0,0,18-25,12,1,0,0.10208097411115716,0.10208097411115721,0,139.48
TXN002949,CUST00379,2025-12-21 12:55:19,Online Purchase,Entertainment,245.61,1720.47,1474.86,Yes,Mobile App,United Kingdom,1.0,69,Female,171,0,0,66+,12,1,0,0.14275750231041526,0.14275750231041517,0,166.95
TXN002950,CUST00193,2025-12-21 13:56:03,Bill Payment,Online Services,179.59,7604.36,7424.77,,POS Terminal,Pakistan,3.4,50,Male,85,0,0,46-55,13,1,0,0.023616714621611714,0.023616714621611815,0,146.23
TXN002951,CUST00689,2025-12-22 10:15:14,Online Purchase,Travel,62.26,1016.43,954.17,Yes,Web Browser,United Kingdom,7.9,64,Female,159,0,0,56-65,10,0,0,0.061253603297816865,0.06125360329781687,0,483.02
TXN002952,CUST01081,2025-12-22 13:24:04,POS Purchase,Restaurants,161.09,5549.03,5387.94,Yes,Mobile App,United Kingdom,8.5,28,Female,172,0,0,26-35,13,0,0,0.029030298989192734,0.029030298989192706,0,139.48
TXN002953,CUST01557,2025-12-22 16:12:24,Online Purchase,Electronics,187.91,1346.54,1158.63,No,Mobile App,United States,40.5,77,Male,121,0,0,66+,16,0,0,0.13955025472692967,0.13955025472692975,0,132.66
TXN002954,CUST00115,2025-12-22 19:17:13,Online Purchase,Home Improvement,21.05,9122.48,9101.43,Yes,POS Terminal,United Kingdom,11.9,60,Female,118,0,0,56-65,19,0,0,0.0023074865606720184,0.0023074865606720982,0,202.64
TXN002955,CUST00317,2025-12-23 14:00:20,POS Purchase,Fashion & Apparel,96.82,9789.81,9692.99,No,POS Terminal,United Kingdom,3.4,49,Male,112,0,0,46-55,14,0,0,0.00988987528869301,0.00988987528869304,30,144.15
TXN002956,CUST01670,2025-12-23 15:42:11,Bill Payment,Groceries,106.09,100133.4,100027.31,,Mobile App,United Kingdom,3.4,68,Female,23,0,0,66+,15,0,0,0.001059486644815781,0.0010594866448158159,0,130.62
TXN002957,CUST01691,2025-12-23 19:06:31,POS Purchase,Online Services,323.9,2956.39,2632.49,Yes,Mobile App,Germany,4.0,42,Male,96,0,0,36-45,19,0,0,0.10955929359793536,0.10955929359793531,0,146.23
TXN002958,CUST00122,2025-12-24 15:56:07,POS Purchase,Groceries,84.74,1732.73,1647.99,Yes,Mobile App,United States,0.2,39,Female,163,0,0,36-45,15,0,0,0.04890548440899621,0.048905484408996204,0,130.62
TXN002959,CUST01597,2025-12-25 08:02:33,Online Purchase,Entertainment,43.06,1253.23,1210.17,Yes,POS Terminal,United Kingdom,3.2,69,Female,102,0,0,66+,8,0,0,0.034359215786407875,0.03435921578640792,0,166.95
TXN002960,CUST00659,2025-12-25 09:06:43,POS Purchase,Utilities,85.71,6216.29,6130.58,Yes,Mobile App,United States,15.5,67,Female,115,0,0,66+,9,0,0,0.013787966777611732,0.013787966777611725,0,128.47
TXN002961,CUST01641,2025-12-25 12:27:19,Online Purchase,Groceries,256.06,5808.49,5552.43,Yes,Mobile App,United Kingdom,0.2,75,Female,177,0,0,66+,12,0,0,0.04408374637814638,0.04408374637814647,0,130.62
TXN002962,CUST01632,2025-12-25 15:00:13,Online Purchase,Fuel,337.62,14314.95,13977.33,No,Mobile App,Canada,6.8,26,Female,170,0,0,26-35,15,0,0,0.02358513302526385,0.023585133025263796,0,147.4
TXN002963,CUST01280,2025-12-25 20:16:58,POS Purchase,Groceries,691.03,1499.26,808.23,Yes,POS Terminal,Germany,35.2,49,Other,134,0,0,46-55,20,0,0,0.460914050931793,0.460914050931793,0,130.62
TXN002964,CUST00785,2025-12-26 05:04:07,POS Purchase,Fuel,60.84,3813.14,3752.3,No,Mobile App,Pakistan,2.5,19,Female,1,1,0,18-25,5,0,1,0.015955354379854843,0.015955354379854923,70,147.4
TXN002965,CUST01133,2025-12-26 10:01:44,Bank Transfer,Fuel,143.87,1428.16,1284.29,,Mobile App,United Kingdom,51.9,70,Male,2,0,0,66+,10,0,0,0.10073801254761379,0.1007380125476137,0,147.4
TXN002966,CUST01164,2025-12-26 10:51:21,Online Purchase,Electronics,211.03,8349.07,8138.04,No,POS Terminal,Pakistan,14.4,31,Female,94,0,0,26-35,10,0,0,0.02527586904888805,0.02527586904888808,0,132.66
TXN002967,CUST01425,2025-12-26 20:30:55,POS Purchase,Fashion & Apparel,50.54,4555.0,4504.46,Yes,Mobile App,United Kingdom,25.4,24,Female,180,0,0,18-25,20,0,0,0.011095499451152572,0.011095499451152579,0,144.15
TXN002968,CUST00486,2025-12-27 08:03:19,Online Purchase,Entertainment,226.0,850.34,1346.34,Yes,POS Terminal,United Kingdom,2.7,50,Female,178,0,0,46-55,8,1,0,-0.5832960933273748,0.2657760425241668,0,166.95
TXN002970,CUST01378,2025-12-27 08:55:50,Online Purchase,Home Improvement,153.72,1354.87,1611.87,Yes,POS Terminal,United Kingdom,9.9,67,Male,160,0,0,66+,8,1,0,-0.18968609534494085,0.11345737967480275,0,202.64
TXN002971,CUST00030,2025-12-27 10:55:29,POS Purchase,Restaurants,319.0,2249.09,1930.09,Yes,Mobile App,United States,16.9,18,Female,76,0,0,18-25,10,1,0,0.14183514221307295,0.14183514221307283,0,139.48
TXN002972,CUST00791,2025-12-27 13:29:55,ATM Withdrawal,Online Services,130.91,17005.56,16874.65,No,Mobile App,Canada,2.5,49,Female,120,0,0,46-55,13,1,0,0.007698070513408547,0.007698070513408555,30,146.23
TXN002973,CUST00294,2025-12-27 13:43:43,Bank Transfer,Fashion & Apparel,58.1,5367.26,5309.16,,POS Terminal,Pakistan,12.0,36,Female,48,0,0,36-45,13,1,0,0.010824890167422552,0.010824890167422484,0,144.15
TXN002974,CUST01196,2025-12-27 20:02:21,Wire Transfer,Travel,232.53,49092.32,48859.79,,ATM Machine,India,15.1,55,Male,107,0,0,46-55,20,1,0,0.004736586089229412,0.004736586089229436,0,483.02
TXN002975,CUST00079,2025-12-27 21:27:18,POS Purchase,Groceries,251.75,1039.32,787.57,No,Mobile App,Pakistan,6.9,36,Male,111,0,0,36-45,21,1,0,0.24222568602547812,0.2422256860254782,30,130.62
TXN002976,CUST01727,2025-12-27 21:52:12,POS Purchase,Utilities,127.81,1667.12,1539.31,No,Web Browser,United States,29.8,78,Male,130,0,0,66+,21,1,0,0.07666514707999421,0.07666514707999425,30,128.47
TXN002977,CUST00258,2025-12-28 10:04:55,ATM Withdrawal,Entertainment,59.66,5921.58,5861.92,No,POS Terminal,United Kingdom,4.1,54,Male,88,0,0,46-55,10,1,0,0.010075013763218576,0.0100750137632186,30,166.95
TXN002978,CUST00511,2025-12-28 13:19:25,Wire Transfer,Utilities,84.03,19659.49,19575.46,,Web Browser,Australia,8.3,78,Female,77,0,0,66+,13,1,0,0.004274271611318629,0.004274271611318503,0,128.47
TXN002979,CUST01642,2025-12-29 02:22:00,Bill Payment,Restaurants,66.76,2415.78,2349.02,,POS Terminal,United Kingdom,14.6,40,Female,32,0,0,36-45,2,0,1,0.02763496676021832,0.027634966760218233,25,139.48
TXN002980,CUST00074,2025-12-29 08:23:27,Online Purchase,Restaurants,55.57,8394.51,8338.94,No,Web Browser,United Kingdom,12.7,20,Female,55,0,0,18-25,8,0,0,0.006619802704386522,0.006619802704386557,0,139.48
TXN002981,CUST00084,2025-12-29 11:12:34,Bank Transfer,Online Services,117.07,5654.94,5537.87,,Web Browser,United Kingdom,21.6,55,Female,130,0,0,46-55,11,0,0,0.02070225325113966,0.02070225325113971,0,146.23
TXN002982,CUST00464,2025-12-29 15:01:45,POS Purchase,Electronics,28.96,1123.45,1094.49,Yes,Mobile App,United Kingdom,37.6,39,Female,93,0,0,36-45,15,0,0,0.025777738217099146,0.025777738217099114,0,132.66
TXN002983,CUST00449,2025-12-29 17:30:50,POS Purchase,Online Services,105.3,1377.64,1721.64,Yes,Mobile App,Canada,2.8,23,Male,119,0,0,18-25,17,0,0,-0.24970238959379806,0.07643506286112481,0,146.23
TXN002984,CUST00110,2025-12-29 19:15:37,Bank Transfer,Travel,58.04,1791.96,1733.92,,Web Browser,Pakistan,9.0,82,Male,160,0,0,66+,19,0,0,0.032389115828478296,0.03238911582847831,0,483.02
TXN002985,CUST00518,2025-12-29 20:10:25,POS Purchase,Groceries,61.09,3598.82,3537.73,No,Mobile App,Australia,7.9,74,Male,146,0,0,66+,20,0,0,0.016975008475000178,0.01697500847500014,30,130.62
TXN002986,CUST01164,2025-12-29 21:32:03,Bank Transfer,Electronics,69.89,504.56,434.67,,POS Terminal,Pakistan,5.8,53,Male,139,0,0,46-55,21,0,0,0.13851672744569524,0.13851672744569526,0,132.66
TXN002987,CUST01472,2025-12-30 11:04:08,POS Purchase,Electronics,65.95,15863.09,15797.14,Yes,Mobile App,United Kingdom,20.0,19,Female,175,0,0,18-25,11,0,0,0.004157449778069766,0.00415744977806972,0,132.66
TXN002988,CUST00034,2025-12-30 11:43:31,Wire Transfer,Fashion & Apparel,84.13,741.07,656.94,,Web Browser,UAE,42.0,32,Female,31,3,1,26-35,11,0,0,0.1135250381205554,0.1135250381205554,45,144.15
TXN002989,CUST01334,2025-12-30 12:56:53,POS Purchase,Groceries,78.94,1082.55,1003.61,Yes,Mobile App,Germany,15.6,64,Male,89,0,0,56-65,12,0,0,0.07292041938016715,0.0729204193801672,0,130.62
TXN002990,CUST01712,2025-12-30 13:15:11,ATM Withdrawal,Electronics,38.2,15947.66,15909.46,Yes,ATM Machine,United Kingdom,3.8,71,Male,142,0,0,66+,13,0,0,0.002395335742046214,0.0023953357420461686,0,132.66
TXN002991,CUST00041,2025-12-30 14:54:29,POS Purchase,Entertainment,35.15,8355.43,8320.28,Yes,ATM Machine,United States,17.8,50,Male,132,0,0,46-55,14,0,0,0.004206845129454694,0.004206845129454738,0,166.95
TXN002992,CUST00575,2025-12-30 15:03:28,Online Purchase,Entertainment,259.89,3168.06,2908.17,Yes,Web Browser,United States,24.5,77,Male,178,0,0,66+,15,0,0,0.08203443116607637,0.0820344311660764,0,166.95
TXN002993,CUST00527,2025-12-30 15:46:36,POS Purchase,Restaurants,392.07,1865.82,1473.75,Yes,POS Terminal,UAE,9.7,43,Male,156,0,0,36-45,15,0,0,0.21013281023892977,0.2101328102389298,0,139.48
TXN002994,CUST01720,2025-12-30 17:34:04,POS Purchase,Electronics,108.59,4587.5,4672.5,Yes,Mobile App,United States,13.9,21,Male,157,1,0,18-25,17,0,0,-0.018528610354223433,0.023670844686648502,15,132.66
