Transaction_ID,Customer_ID,Transaction_DateTime,Transaction_Type,Merchant_Category,Transaction_Amount,Account_Balance_Before,Account_Balance_After,Card_Present,Device_Type,Transaction_Country,Distance_From_Home_KM,Customer_Age,Customer_Gender,Customer_Tenure_Months,Previous_Fraud_Flags,Is_Fraud
TXN000001,CUST00041,2024-01-01 00:32:47,Online Purchase,Entertainment,1779.72,7617.08,5837.36,No,Web Browser,UAE,31.2,79,Female,105,0,1
TXN000002,CUST00577,2024-01-01 06:06:04,Bank Transfer,Restaurants,216.91,4832.88,4615.97,N/A,Mobile App,United Kingdom,10.6,31,Male,137,0,0
TXN000003,CUST00362,2024-01-01 06:48:58,Online Purchase,Groceries,83.65,16843.26,16759.61,Yes,Mobile App,Pakistan,11.0,63,Female,89,0,0
TXN000004,CUST00192,2024-01-01 12:52:10,Online Purchase,Healthcare,397.58,958.2,560.62,Yes,ATM Machine,Pakistan,8.9,68,Female,128,0,0
TXN000005,CUST00661,2024-01-01 13:24:11,Online Purchase,Fashion & Apparel,335.46,1828.06,1492.6,Yes,POS Terminal,United Kingdom,3.4,78,Female,95,0,0
TXN000006,CUST01676,2024-01-01 16:50:38,Online Purchase,Fuel,42.42,7119.09,7593.09,No,Web Browser,Pakistan,1.2,64,Male,167,0,0
TXN000007,CUST01677,2024-01-02 10:21:17,Online Purchase,Groceries,29.21,2514.45,2485.24,Yes,Web Browser,United Kingdom,1.5,48,Female,143,0,0
TXN000008,CUST01134,2024-01-02 12:07:09,POS Purchase,Groceries,133.94,3159.64,3025.7,Yes,Web Browser,United States,22.5,72,Female,170,0,0
TXN000009,CUST01556,2024-01-02 16:45:28,Online Purchase,Healthcare,49.63,7737.77,7688.14,No,Web Browser,United Kingdom,,70,Male,85,0,0
TXN000010,CUST01212,2024-01-02 22:41:01,ATM Withdrawal,Groceries,45.84,28313.62,28267.78,Yes,ATM Machine,United Kingdom,0.1,31,Male,120,0,0
TXN000011,CUST00984,2024-01-03 06:49:43,POS Purchase,Travel,395.2,20050.55,19655.35,Yes,Web Browser,Canada,15.5,58,Female,14,0,0
TXN000012,CUST00337,2024-01-03 07:18:25,Online Purchase,Entertainment,245.26,5827.32,5938.32,No,Mobile App,India,18.3,31,Male,170,0,0
TXN000013,CUST01688,2024-01-03 10:23:11,Bank Transfer,Electronics,28.12,3723.4,3695.28,N/A,Web Browser,United States,3.0,39,Male,66,0,0
TXN000014,CUST00119,2024-01-03 11:29:29,Online Purchase,Online Services,269.45,2064.76,1795.31,Yes,POS Terminal,United Kingdom,11.4,25,Male,169,0,0
TXN000015,CUST00619,2024-01-03 11:29:50,Online Purchase,Electronics,181.23,11581.87,11400.64,No,Web Browser,UAE,1.3,39,Female,144,0,0
TXN000016,CUST01135,2024-01-03 19:02:28,Bill Payment,Fashion & Apparel,12.73,15513.84,15501.11,N/A,POS Terminal,Germany,19.8,63,Female,159,0,0
TXN000017,CUST01582,2024-01-03 20:01:03,Bank Transfer,Entertainment,55.28,907.61,852.33,N/A,POS Terminal,United States,0.7,79,Male,82,0,0
TXN000018,CUST00170,2024-01-05 07:38:46,Online Purchase,Online Services,132.4,4121.57,3989.17,Yes,Mobile App,Germany,7.4,82,Female,147,0,0
TXN000019,CUST00927,2024-01-05 09:51:41,Bank Transfer,Fuel,143.71,7955.96,7812.25,N/A,POS Terminal,Germany,1.6,63,Female,161,0,0
TXN000020,CUST01624,2024-01-05 12:14:15,POS Purchase,Groceries,107.61,457.69,350.08,No,Web Browser,United States,2.2,76,Female,103,0,0
TXN000021,CUST00308,2024-01-05 12:52:24,Online Purchase,Restaurants,47.78,37822.86,37775.08,No,Web Browser,UAE,12.0,33,Male,92,0,0
TXN000022,CUST00641,2024-01-05 17:46:45,Bill Payment,Restaurants,63.13,8637.71,8574.58,N/A,ATM Machine,Canada,14.0,62,Female,162,0,0
TXN000023,CUST00469,2024-01-05 19:37:41,Wire Transfer,Fuel,94.98,2073.33,1978.35,N/A,Mobile App,Pakistan,23.7,22,Male,23,0,0
TXN000024,CUST00541,2024-01-06 08:44:52,POS Purchase,Healthcare,128.81,9067.02,8938.21,Yes,Web Browser,United States,61.9,70,Male,170,0,0
TXN000025,CUST00656,2024-01-07 16:35:05,POS Purchase,Groceries,122.46,6894.15,6984.15,No,POS Terminal,UAE,10.8,20,Male,41,0,0
TXN000026,CUST01066,2024-01-07 18:32:28,ATM Withdrawal,Restaurants,66.89,1804.87,1737.98,No,POS Terminal,United Kingdom,12.7,28,Female,72,0,0
TXN000027,CUST01660,2024-01-08 08:20:09,ATM Withdrawal,Entertainment,231.09,745.48,514.39,No,Web Browser,UAE,4.1,77,Female,43,0,0
TXN000028,CUST00415,2024-01-08 09:22:25,Online Purchase,Online Services,47.85,2255.92,2208.07,No,POS Terminal,United States,36.3,70,Female,134,0,0
TXN000029,CUST01665,2024-01-08 11:45:16,Online Purchase,Fashion & Apparel,208.17,871.51,663.34,Yes,Mobile App,United States,47.0,44,Male,131,0,0
TXN000030,CUST00926,2024-01-08 12:04:51,POS Purchase,Electronics,44.56,854.6,810.04,No,Mobile App,Germany,13.5,35,Male,157,0,0
TXN000031,CUST01214,2024-01-08 14:07:09,Bank Transfer,Online Services,60.42,3729.69,3669.27,N/A,POS Terminal,United Kingdom,7.2,82,Male,109,0,0
TXN000032,CUST01078,2024-01-08 17:31:32,POS Purchase,Restaurants,486.93,4624.05,4137.12,No,Web Browser,United Kingdom,7.7,29,Female,116,0,0
TXN000033,CUST00325,2024-01-08 18:48:22,Bank Transfer,Restaurants,78.81,1340.79,1261.98,N/A,Mobile App,United Kingdom,0.9,59,Male,144,0,0
TXN000034,CUST01033,2024-01-09 03:12:52,Bill Payment,Home Improvement,157.85,7106.32,6948.47,N/A,Mobile App,United Kingdom,5.3,24,Male,37,0,0
TXN000035,CUST00083,2024-01-09 11:11:44,Online Purchase,Electronics,374.27,2364.35,1990.08,Yes,Web Browser,United Kingdom,3.1,30,Male,93,0,0
TXN000036,CUST01417,2024-01-09 11:57:57,ATM Withdrawal,Electronics,102.39,2061.61,1959.22,No,Web Browser,United States,11.2,61,Female,29,0,0
TXN000037,CUST01469,2024-01-09 17:32:50,Bill Payment,Fuel,177.87,3395.37,3217.5,N/A,POS Terminal,India,1.9,81,Male,144,0,0
TXN000038,CUST00354,2024-01-09 17:55:32,ATM Withdrawal,Restaurants,104.66,3831.22,3726.56,No,POS Terminal,United States,24.6,22,Male,7,0,0
TXN000039,CUST00362,2024-01-09 20:43:24,Online Purchase,Groceries,35.22,3521.24,3486.02,Yes,Mobile App,United States,2.0,63,Female,51,0,0
TXN000040,CUST00957,2024-01-10 11:21:12,Online Purchase,Entertainment,138.71,1069.11,930.4,No,Mobile App,Canada,6.2,20,Male,180,0,0
TXN000041,CUST00676,2024-01-10 16:57:22,Bill Payment,Groceries,206.76,3194.37,2987.61,N/A,POS Terminal,United States,5.2,26,Male,78,0,0
TXN000042,CUST00005,2024-01-10 19:52:15,Bank Transfer,Groceries,45.65,9724.58,9678.93,N/A,Mobile App,India,9.6,29,Male,90,0,0
TXN000043,CUST00520,2024-01-10 20:02:14,POS Purchase,Fuel,265.14,7456.36,7191.22,Yes,Web Browser,Germany,0.5,34,Male,3,0,0
TXN000044,CUST01435,2024-01-10 22:27:12,ATM Withdrawal,Fuel,59.03,1476.4,1417.37,Yes,Mobile App,Canada,36.1,26,Male,69,0,0
TXN000045,CUST00303,2024-01-10 23:52:29,Online Purchase,Utilities,111.92,2703.06,2591.14,No,POS Terminal,UAE,0.4,29,Male,122,0,0
TXN000046,CUST01567,2024-01-11 15:29:26,POS Purchase,Fashion & Apparel,137.92,1923.67,2002.67,Yes,Web Browser,United Kingdom,17.8,20,Male,103,0,0
TXN000047,CUST00586,2024-01-11 16:05:57,ATM Withdrawal,Utilities,65.43,6413.79,6348.36,Yes,POS Terminal,United States,18.9,73,Male,150,0,0
TXN000048,CUST00655,2024-01-11 18:26:55,Wire Transfer,Fuel,182.95,3805.6,3622.65,N/A,Mobile App,United Kingdom,3.9,79,Male,100,0,0
TXN000049,CUST00609,2024-01-11 18:44:10,Online Purchase,Fashion & Apparel,171.77,586.52,414.75,Yes,ATM Machine,UAE,28.5,52,Male,177,0,0
TXN000050,CUST00572,2024-01-11 23:09:20,Bill Payment,Electronics,197.69,1116.94,919.25,N/A,POS Terminal,United States,1.5,23,Female,141,0,0
TXN000051,CUST01525,2024-01-12 08:27:40,Online Purchase,Fuel,553.39,1527.99,974.6,Yes,POS Terminal,UAE,26.9,24,Female,179,0,0
TXN000052,CUST00390,2024-01-12 13:42:12,POS Purchase,Healthcare,51.19,7678.32,7627.13,Yes,POS Terminal,United States,6.4,25,Male,33,0,0
TXN000053,CUST01198,2024-01-12 13:46:02,Online Purchase,Fashion & Apparel,79.23,4960.89,4881.66,Yes,Web Browser,United States,9.2,59,Female,10,0,0
TXN000054,CUST00439,2024-01-12 17:22:34,POS Purchase,Healthcare,81.88,4638.48,4556.6,No,ATM Machine,Pakistan,5.8,65,Male,168,0,0
TXN000055,CUST01376,2024-01-12 18:37:25,POS Purchase,Fuel,1380.63,686.43,-694.2,Yes,POS Terminal,Pakistan,15.3,49,Male,45,0,0
TXN000056,CUST00669,2024-01-13 00:22:01,Wire Transfer,Fuel,20.43,2792.78,2772.35,N/A,Web Browser,United Kingdom,22.8,55,Female,38,0,0
TXN000057,CUST01404,2024-01-13 04:36:14,Wire Transfer,Restaurants,103.43,13808.09,13704.66,N/A,Web Browser,Germany,5.3,19,Female,179,0,0
TXN000058,CUST01047,2024-01-13 13:30:50,Bank Transfer,Groceries,76.12,17207.57,17131.45,N/A,Web Browser,Canada,5.9,68,Male,64,0,0
TXN000059,CUST00364,2024-01-13 16:13:55,Online Purchase,Electronics,81.41,5718.06,5636.65,Yes,Web Browser,United States,26.0,59,Female,89,0,0
TXN000060,CUST00124,2024-01-14 15:32:14,POS Purchase,Fuel,206.8,3310.15,3103.35,Yes,Mobile App,Pakistan,7.4,82,Female,92,0,0
TXN000061,CUST00160,2024-01-15 09:20:54,Wire Transfer,Groceries,247.21,2381.8,2134.59,N/A,Mobile App,United Kingdom,6.0,61,Male,180,0,0
TXN000062,CUST00131,2024-01-15 10:11:34,Online Purchase,Electronics,71.85,4251.35,4179.5,No,Mobile App,Germany,5.3,23,Male,144,0,0
TXN000063,CUST00326,2024-01-15 11:58:26,Bank Transfer,Healthcare,398.53,2353.46,1954.93,N/A,POS Terminal,United States,1.4,60,Female,28,0,0
TXN000064,CUST01270,2024-01-15 17:16:09,Online Purchase,Healthcare,133.89,1927.66,1793.77,Yes,Mobile App,Pakistan,17.0,62,Male,179,0,0
TXN000065,CUST01583,2024-01-15 17:44:22,Bill Payment,Fashion & Apparel,360.24,1943.69,1583.45,N/A,Mobile App,UAE,8.4,65,Female,18,0,0
TXN000066,CUST00240,2024-01-15 18:48:49,Bank Transfer,Travel,58.55,2908.04,2849.49,N/A,Mobile App,Germany,43.7,85,Female,178,0,0
TXN000067,CUST01009,2024-01-15 20:26:48,Online Purchase,Groceries,76.3,1698.98,1622.68,No,ATM Machine,United Kingdom,6.2,73,Female,49,0,0
TXN000068,CUST01698,2024-01-16 10:48:46,POS Purchase,Healthcare,36.36,8198.89,8162.53,Yes,ATM Machine,Canada,6.6,33,Male,136,0,0
TXN000069,CUST00596,2024-01-16 12:05:02,POS Purchase,Groceries,54.36,10323.43,10668.43,No,Web Browser,United Kingdom,30.7,35,Female,31,0,0
TXN000070,CUST01191,2024-01-16 16:07:46,Online Purchase,Entertainment,140.86,2663.61,2803.61,No,POS Terminal,India,4.4,76,Female,135,0,0
TXN000071,CUST00013,2024-01-17 11:38:49,Online Purchase,Healthcare,33.84,1323.07,1289.23,Yes,Web Browser,United Kingdom,12.3,67,Male,91,0,0
TXN000072,CUST01358,2024-01-17 15:31:14,Online Purchase,Healthcare,41.98,1236.7,1194.72,Yes,Mobile App,UAE,23.6,18,Male,146,0,0
TXN000073,CUST01290,2024-01-17 15:43:28,POS Purchase,Fashion & Apparel,158.39,20404.99,20246.6,No,Mobile App,Pakistan,3.6,84,Male,24,0,0
TXN000074,CUST00944,2024-01-17 19:08:48,Bill Payment,Online Services,145.16,3559.56,3414.4,N/A,ATM Machine,United States,2.6,24,Female,147,0,0
TXN000075,CUST00145,2024-01-18 11:21:58,ATM Withdrawal,Groceries,933.84,15291.28,14357.44,Yes,Web Browser,United States,2.1,32,Female,50,0,0
TXN000076,CUST01587,2024-01-18 13:27:23,ATM Withdrawal,Fuel,91.28,14450.78,14359.5,Yes,Web Browser,United States,10.1,68,Male,174,0,0
TXN000077,CUST01459,2024-01-18 22:38:01,Online Purchase,Electronics,366.0,5056.26,4690.26,No,Mobile App,United States,1.9,35,Male,105,0,0
TXN000078,CUST00908,2024-01-19 20:17:12,POS Purchase,Electronics,120.28,2020.96,1900.68,Yes,POS Terminal,Canada,8.9,83,Female,67,0,0
TXN000079,CUST01665,2024-01-19 20:46:05,POS Purchase,Restaurants,151.33,5489.84,5338.51,No,ATM Machine,United Kingdom,6.0,42,Male,121,0,0
TXN000080,CUST01048,2024-01-19 23:50:19,POS Purchase,Entertainment,110.21,7612.31,7502.1,No,Mobile App,United States,38.5,32,Female,109,0,0
TXN000081,CUST00328,2024-01-20 17:06:53,Bill Payment,Fuel,209.26,816.22,606.96,N/A,Mobile App,United Kingdom,7.5,19,Male,103,0,0
TXN000082,CUST00064,2024-01-20 20:42:38,Online Purchase,Entertainment,252.93,1185.71,932.78,Yes,ATM Machine,United Kingdom,12.1,80,Female,141,0,0
TXN000083,CUST00356,2024-01-20 21:29:08,POS Purchase,Fashion & Apparel,252.23,3249.83,2997.6,No,POS Terminal,United States,14.6,24,Female,155,0,0
TXN000084,CUST00958,2024-01-21 01:27:50,Bill Payment,Fashion & Apparel,229.62,3632.88,3403.26,N/A,POS Terminal,Canada,0.6,19,Male,145,0,0
TXN000085,CUST00500,2024-01-21 09:02:43,POS Purchase,Entertainment,101.76,3545.64,3443.88,Yes,Mobile App,United Kingdom,4.9,51,Male,70,0,0
TXN000086,CUST00023,2024-01-21 10:18:16,POS Purchase,Entertainment,259.83,3616.36,3750.36,No,POS Terminal,United Kingdom,15.9,85,Female,29,0,0
TXN000087,CUST00856,2024-01-21 12:41:34,Online Purchase,Jewelry & Luxury,37.04,2046.61,2009.57,No,POS Terminal,United States,2.0,71,Female,140,0,0
TXN000088,CUST01703,2024-01-21 14:40:26,POS Purchase,Electronics,43.75,7047.53,7003.78,No,Mobile App,United States,32.3,59,Male,114,0,0
TXN000089,CUST01612,2024-01-21 19:31:14,Bank Transfer,Groceries,320.53,3114.27,2793.74,N/A,POS Terminal,UAE,18.5,55,Female,90,0,0
TXN000090,CUST00845,2024-01-21 23:19:10,ATM Withdrawal,Healthcare,43.46,6246.15,6202.69,Yes,Mobile App,Pakistan,0.6,47,Female,44,0,0
TXN000091,CUST00893,2024-01-22 11:33:54,Bill Payment,Electronics,75.43,5104.98,5029.55,N/A,Mobile App,United Kingdom,5.9,74,Male,20,0,0
TXN000092,CUST01181,2024-01-22 14:45:45,POS Purchase,Fashion & Apparel,326.52,3142.96,2816.44,Yes,ATM Machine,United Kingdom,33.8,66,Male,1,0,0
TXN000093,CUST00839,2024-01-23 15:37:17,Online Purchase,Jewelry & Luxury,184.07,835.97,651.9,No,POS Terminal,Pakistan,3.7,79,Male,116,0,0
TXN000094,CUST01179,2024-01-23 18:35:16,POS Purchase,Utilities,271.55,2360.87,2798.87,No,Mobile App,United States,17.5,56,Male,129,0,0
TXN000095,CUST00187,2024-01-23 18:48:28,POS Purchase,Restaurants,72.62,5797.2,5724.58,Yes,Mobile App,UAE,8.9,80,Female,119,0,0
TXN000096,CUST01654,2024-01-24 07:21:16,Online Purchase,Electronics,31.37,3744.61,3713.24,Yes,Web Browser,India,1.2,49,Male,69,0,0
TXN000097,CUST01018,2024-01-24 09:05:05,Bill Payment,Fashion & Apparel,36.59,6489.86,6453.27,N/A,Web Browser,Canada,4.2,59,Male,66,0,0
TXN000098,CUST01000,2024-01-24 17:37:47,POS Purchase,Utilities,211.03,6493.83,6282.8,No,Web Browser,United States,17.3,78,Male,115,0,0
TXN000099,CUST00013,2024-01-25 02:07:40,Online Purchase,Groceries,1237.92,7977.04,6739.12,Yes,Web Browser,United States,21.0,59,Male,8,0,1
TXN000100,CUST00329,2024-01-25 09:25:20,Online Purchase,Utilities,98.76,8114.07,8015.31,No,Mobile App,United States,3.5,59,Male,161,0,0
TXN000101,CUST01282,2024-01-25 11:55:39,Online Purchase,Electronics,806.83,832.6,1291.6,Yes,Web Browser,UAE,1.9,34,Female,16,0,0
TXN000102,CUST00476,2024-01-25 13:10:57,Online Purchase,Electronics,127.32,1822.32,1695.0,Yes,Mobile App,India,20.8,31,Male,62,0,0
TXN000103,CUST00158,2024-01-25 16:53:38,Bank Transfer,Online Services,873.41,6234.68,5361.27,N/A,Web Browser,India,3.4,71,Male,76,0,0
TXN000104,CUST01013,2024-01-25 20:11:46,POS Purchase,Groceries,172.61,1208.71,1036.1,Yes,Mobile App,United States,10.6,41,Female,118,0,0
TXN000105,CUST01438,2024-01-25 20:35:13,POS Purchase,Utilities,26.88,9611.28,9584.4,No,Web Browser,United Kingdom,3.6,30,Male,115,0,0
TXN000106,CUST01414,2024-01-26 10:39:04,Bank Transfer,Electronics,1272.16,1846.61,574.45,N/A,Web Browser,Pakistan,23.4,61,Male,12,0,0
TXN000107,CUST00844,2024-01-26 11:50:29,Online Purchase,Healthcare,153.33,3125.94,2972.61,Yes,Web Browser,India,1.3,60,Male,102,0,0
TXN000108,CUST00767,2024-01-26 17:53:46,POS Purchase,Fuel,80.44,4715.24,5184.24,No,Mobile App,United Kingdom,2.8,28,Male,19,0,0
TXN000109,CUST00707,2024-01-26 19:42:53,ATM Withdrawal,Groceries,174.58,5402.94,5228.36,Yes,Mobile App,United States,14.6,41,Female,147,0,0
TXN000110,CUST01437,2024-01-27 10:59:39,Bill Payment,Home Improvement,15.98,2921.78,2905.8,N/A,Mobile App,United Kingdom,19.5,24,Female,92,0,0
TXN000111,CUST00853,2024-01-27 11:53:41,ATM Withdrawal,Online Services,38.74,6582.81,6544.07,Yes,Web Browser,United States,35.0,85,Female,63,0,0
TXN000112,CUST01367,2024-01-27 16:31:38,Online Purchase,Jewelry & Luxury,62.68,6749.01,6686.33,No,Mobile App,United Kingdom,7.8,64,Male,78,0,0
TXN000113,CUST00945,2024-01-28 11:55:15,Bank Transfer,Healthcare,14.35,4892.55,4878.2,N/A,POS Terminal,United States,42.1,50,Male,64,0,0
TXN000114,CUST00695,2024-01-28 16:13:32,Online Purchase,Restaurants,47.51,2233.75,2186.24,No,ATM Machine,UAE,3.7,41,Female,118,0,0
TXN000115,CUST01676,2024-01-28 17:53:16,POS Purchase,Entertainment,47.73,3395.15,3347.42,No,POS Terminal,Canada,55.7,48,Male,32,0,0
TXN000116,CUST00492,2024-01-28 18:32:04,Bank Transfer,Utilities,102.98,2534.31,2431.33,N/A,POS Terminal,Pakistan,20.7,85,Female,67,0,0
TXN000117,CUST00258,2024-01-28 21:07:39,Online Purchase,Groceries,98.14,1014.77,916.63,No,POS Terminal,United States,3.3,39,Male,27,0,0
TXN000118,CUST00809,2024-01-29 09:33:58,Bank Transfer,Groceries,326.41,648.21,321.8,N/A,Web Browser,United Kingdom,20.3,33,Female,65,0,0
TXN000119,CUST01688,2024-01-30 02:54:54,POS Purchase,Fuel,128.19,1933.56,1805.37,No,ATM Machine,Canada,7.4,30,Female,139,1,0
TXN000120,CUST00985,2024-01-30 06:35:11,POS Purchase,Entertainment,229.76,8473.2,8243.44,No,POS Terminal,UAE,13.3,74,Male,68,0,0
TXN000121,CUST00593,2024-01-30 10:47:36,ATM Withdrawal,Groceries,131.03,3516.84,3385.81,Yes,POS Terminal,United States,7.4,19,Female,129,0,0
TXN000122,CUST00605,2024-01-30 12:05:59,Bank Transfer,Fashion & Apparel,216.53,2267.13,2050.6,N/A,Mobile App,United States,4.3,35,Female,60,0,0
TXN000123,CUST01565,2024-01-30 14:23:52,Bill Payment,Groceries,101.63,3098.38,2996.75,N/A,Mobile App,United States,6.1,27,Female,9,0,0
TXN000124,CUST00574,2024-01-30 14:38:14,ATM Withdrawal,Fuel,45.16,9932.21,9887.05,Yes,POS Terminal,United States,0.6,72,Male,165,0,0
TXN000125,CUST00788,2024-01-30 18:23:36,Online Purchase,Travel,383.97,2565.11,2181.14,No,Web Browser,Pakistan,7.4,56,Female,25,0,0
TXN000126,CUST00040,2024-01-30 19:27:57,POS Purchase,Fuel,95.21,17037.07,17057.07,Yes,ATM Machine,United Kingdom,28.7,64,Male,6,0,0
TXN000127,CUST01500,2024-01-30 20:51:38,Wire Transfer,Fashion & Apparel,227.51,2330.44,2102.93,N/A,Mobile App,UAE,24.3,33,Male,178,0,0
TXN000128,CUST01552,2024-01-31 23:52:21,Online Purchase,Groceries,84.86,2290.41,2205.55,No,POS Terminal,Pakistan,0.3,82,Female,107,0,0
TXN000129,CUST00369,2024-02-01 06:52:18,POS Purchase,Groceries,54.29,7944.61,7890.32,Yes,POS Terminal,United States,1.6,50,Female,15,0,0
TXN000130,CUST00444,2024-02-01 08:15:21,POS Purchase,Fuel,75.12,3800.18,3725.06,No,Web Browser,Germany,41.4,79,Female,21,0,0
TXN000131,CUST01445,2024-02-01 10:41:09,Online Purchase,Fuel,111.31,5061.86,4950.55,No,Mobile App,Pakistan,1.6,59,Male,93,0,0
TXN000132,CUST01216,2024-02-01 12:36:06,Online Purchase,Restaurants,190.76,1780.59,1589.83,Yes,Web Browser,United Kingdom,47.8,61,Female,161,0,0
TXN000133,CUST00904,2024-02-01 13:19:47,POS Purchase,Utilities,164.39,3241.97,3568.97,No,POS Terminal,United Kingdom,4.1,69,Female,179,0,0
TXN000134,CUST01589,2024-02-01 14:46:01,Online Purchase,Fashion & Apparel,115.56,845.77,730.21,Yes,Mobile App,Canada,1.6,53,Male,24,0,0
TXN000135,CUST00765,2024-02-01 21:38:24,POS Purchase,Utilities,142.05,3501.63,3359.58,Yes,Web Browser,United Kingdom,9.9,72,Male,91,0,0
TXN000136,CUST00910,2024-02-02 10:51:40,Online Purchase,Entertainment,364.22,607.89,243.67,No,Mobile App,Germany,12.0,54,Female,117,0,0
TXN000137,CUST00157,2024-02-02 14:35:09,Bank Transfer,Groceries,80.5,575.01,494.51,N/A,Mobile App,United States,0.8,74,Male,27,0,0
TXN000138,CUST01163,2024-02-02 15:23:12,Wire Transfer,Fuel,322.58,3967.33,3644.75,N/A,Web Browser,United States,6.5,18,Male,135,0,0
TXN000139,CUST00761,2024-02-03 16:14:42,POS Purchase,Restaurants,117.05,17267.95,17150.9,No,Mobile App,United States,39.0,79,Female,180,0,0
TXN000140,CUST01466,2024-02-03 18:26:06,POS Purchase,Utilities,20.64,3622.61,3601.97,Yes,POS Terminal,Germany,21.3,66,Male,83,0,0
TXN000141,CUST01264,2024-02-03 19:26:18,Wire Transfer,Groceries,161.3,2616.25,2454.95,N/A,Mobile App,Canada,1.8,70,Female,93,0,0
TXN000142,CUST00111,2024-02-03 19:41:21,Online Purchase,Restaurants,96.05,973.78,877.73,Yes,Mobile App,UAE,6.8,21,Female,158,0,0
TXN000143,CUST00207,2024-02-03 19:47:13,Bill Payment,Travel,134.9,46181.68,46046.78,N/A,ATM Machine,India,25.8,24,Male,163,0,0
TXN000144,CUST00624,2024-02-03 20:50:15,Bill Payment,Electronics,452.18,1333.55,881.37,N/A,ATM Machine,United States,0.9,32,Male,145,0,0
TXN000145,CUST00610,2024-02-04 11:20:40,Bank Transfer,Utilities,145.29,7049.28,6903.99,N/A,Web Browser,Canada,29.7,24,Female,50,0,0
TXN000146,CUST01642,2024-02-04 12:57:01,ATM Withdrawal,Travel,144.31,12555.11,12410.8,Yes,Web Browser,India,1.0,41,Female,110,0,0
TXN000147,CUST00559,2024-02-04 12:59:22,ATM Withdrawal,Electronics,82.1,4098.71,4016.61,No,Web Browser,United States,8.1,23,Female,55,0,0
TXN000148,CUST00054,2024-02-04 17:42:16,POS Purchase,Restaurants,44.57,6729.45,6684.88,Yes,Web Browser,United States,48.6,76,Male,25,1,0
TXN000149,CUST00566,2024-02-05 09:36:27,Online Purchase,Jewelry & Luxury,183.84,2579.03,2395.19,Yes,Mobile App,United Kingdom,16.1,48,Female,84,0,0
TXN000150,CUST01432,2024-02-05 14:54:32,POS Purchase,Groceries,155.49,5564.44,5408.95,No,POS Terminal,Australia,8.9,63,Male,115,0,0
TXN000151,CUST01617,2024-02-05 16:08:13,POS Purchase,Fashion & Apparel,59.51,829.81,770.3,No,Web Browser,Germany,23.6,83,Male,163,0,0
TXN000152,CUST00137,2024-02-05 20:04:00,POS Purchase,Healthcare,499.42,1357.16,857.74,Yes,Mobile App,UAE,42.7,46,Male,139,0,0
TXN000153,CUST00368,2024-02-06 10:41:07,POS Purchase,Utilities,128.5,17839.37,17925.37,No,POS Terminal,Pakistan,14.2,24,Male,110,0,0
TXN000154,CUST01272,2024-02-06 10:46:02,Bill Payment,Home Improvement,93.6,2338.09,2244.49,N/A,Mobile App,Pakistan,2.8,48,Female,21,0,0
TXN000155,CUST00548,2024-02-06 11:09:38,Online Purchase,Utilities,135.2,2302.99,2167.79,No,Web Browser,UAE,0.5,66,Female,71,0,0
TXN000156,CUST01545,2024-02-06 11:44:13,Bill Payment,Groceries,19.63,5408.93,5389.3,N/A,ATM Machine,Germany,5.6,84,Female,47,0,0
TXN000157,CUST00533,2024-02-06 19:20:46,ATM Withdrawal,Electronics,69.28,2486.64,2417.36,Yes,Mobile App,United Kingdom,5.1,78,Female,120,0,0
TXN000158,CUST01489,2024-02-06 19:48:02,Bank Transfer,Electronics,148.78,1867.27,1718.49,N/A,Web Browser,United Kingdom,4.5,36,Male,102,0,0
TXN000159,CUST00057,2024-02-06 22:27:55,Online Purchase,Online Services,1131.38,1355.84,224.46,No,Web Browser,Pakistan,27.1,38,Female,36,2,1
TXN000160,CUST00350,2024-02-07 10:43:40,POS Purchase,Fuel,113.86,9022.2,8908.34,No,Mobile App,United Kingdom,36.2,21,Male,30,0,0
TXN000161,CUST01530,2024-02-07 14:08:02,POS Purchase,Healthcare,34.48,18926.4,18891.92,No,Mobile App,United States,3.1,18,Female,94,0,0
TXN000162,CUST01675,2024-02-07 14:53:38,Online Purchase,Restaurants,41.96,4902.9,4860.94,No,Mobile App,United Kingdom,5.8,63,Male,4,0,0
TXN000163,CUST01691,2024-02-08 00:51:17,POS Purchase,Fashion & Apparel,47.84,9381.59,9333.75,Yes,POS Terminal,Pakistan,3.2,29,Female,83,0,0
TXN000164,CUST00169,2024-02-08 10:24:22,Online Purchase,Electronics,84.61,1306.47,1221.86,No,POS Terminal,Pakistan,4.6,79,Female,101,0,0
TXN000165,CUST00042,2024-02-08 10:57:37,Online Purchase,Electronics,266.33,9658.97,9392.64,Yes,POS Terminal,Germany,2.4,72,Male,8,0,0
TXN000166,CUST00877,2024-02-08 13:36:05,Bank Transfer,Groceries,165.27,2784.43,2619.16,N/A,POS Terminal,Germany,4.3,56,Female,146,0,0
TXN000167,CUST00043,2024-02-08 17:05:40,Wire Transfer,Fuel,81.31,2298.47,2217.16,N/A,Mobile App,India,36.4,79,Male,6,0,0
TXN000168,CUST01454,2024-02-08 21:45:25,Bank Transfer,Jewelry & Luxury,236.5,1876.28,1639.78,N/A,Web Browser,India,1.6,20,Female,146,0,0
TXN000169,CUST01288,2024-02-09 06:14:42,POS Purchase,Healthcare,56.84,1153.73,1096.89,No,POS Terminal,United States,4.9,51,Male,140,0,0
TXN000170,CUST00248,2024-02-09 22:50:08,ATM Withdrawal,Fuel,928.84,1887.83,958.99,Yes,POS Terminal,Canada,3.0,42,Female,69,0,0
TXN000171,CUST00259,2024-02-10 11:06:57,ATM Withdrawal,Entertainment,220.55,3605.82,3385.27,Yes,Web Browser,United States,,27,Male,168,0,0
TXN000172,CUST00124,2024-02-10 13:45:46,ATM Withdrawal,Restaurants,94.31,621.24,526.93,No,Web Browser,United States,13.1,55,Male,61,0,0
TXN000173,CUST00203,2024-02-11 03:53:20,Online Purchase,Fuel,525.5,1718.46,1192.96,Yes,Web Browser,Germany,7.3,69,Male,127,0,0
TXN000174,CUST00668,2024-02-11 12:16:23,Bank Transfer,Electronics,705.68,6680.28,5974.6,N/A,Mobile App,Canada,6.4,67,Female,167,0,0
TXN000175,CUST01217,2024-02-11 13:11:04,POS Purchase,Groceries,142.89,6542.42,6699.42,No,Web Browser,India,33.7,69,Male,95,0,0
TXN000176,CUST01203,2024-02-11 16:43:34,Online Purchase,Restaurants,73.45,3594.86,3797.86,Yes,POS Terminal,UAE,8.2,50,Male,5,0,0
TXN000177,CUST00252,2024-02-11 20:41:45,Online Purchase,Fashion & Apparel,201.39,5337.9,5673.9,Yes,Mobile App,United States,13.3,71,Female,25,0,0
TXN000178,CUST00635,2024-02-11 21:50:04,Online Purchase,Groceries,332.2,3969.72,4124.72,No,ATM Machine,Pakistan,13.0,62,Male,15,1,0
TXN000179,CUST00038,2024-02-11 23:13:30,Online Purchase,Electronics,611.1,1022.21,1059.21,Yes,Mobile App,United Kingdom,105.5,42,Female,29,1,1
TXN000180,CUST00902,2024-02-12 13:45:11,Bill Payment,Groceries,92.84,1892.23,1799.39,N/A,Mobile App,United States,3.8,76,Male,11,0,0
TXN000181,CUST00948,2024-02-12 14:32:13,Bill Payment,Electronics,67.95,2531.91,2463.96,N/A,POS Terminal,United Kingdom,,19,Female,137,0,0
TXN000182,CUST01228,2024-02-12 18:29:31,ATM Withdrawal,Travel,118.36,6206.43,6088.07,Yes,Mobile App,Canada,0.5,73,Female,25,0,0
TXN000183,CUST00675,2024-02-13 00:46:37,Online Purchase,Travel,130.46,2654.7,2524.24,No,POS Terminal,United Kingdom,26.8,20,Female,135,0,0
TXN000184,CUST01681,2024-02-13 09:38:29,Bank Transfer,Entertainment,103.8,9225.07,9121.27,N/A,Mobile App,United Kingdom,9.3,58,Male,117,0,0
TXN000185,CUST00331,2024-02-13 11:15:20,POS Purchase,Online Services,359.64,2570.81,2211.17,No,Mobile App,Pakistan,10.4,81,Male,27,0,0
TXN000186,CUST00329,2024-02-13 14:28:43,Bank Transfer,Groceries,121.02,16979.52,16858.5,N/A,Mobile App,UAE,0.3,40,Male,127,0,0
TXN000187,CUST00781,2024-02-13 15:30:13,Online Purchase,Healthcare,296.56,4154.21,3857.65,No,Mobile App,Canada,20.4,20,Female,50,0,0
TXN000188,CUST00946,2024-02-13 15:36:04,Online Purchase,Utilities,86.55,2753.84,2834.84,Yes,Mobile App,United Kingdom,8.1,74,Male,113,0,0
TXN000189,CUST00091,2024-02-13 16:50:34,POS Purchase,Fashion & Apparel,130.4,3516.1,3385.7,Yes,POS Terminal,India,5.5,30,Female,67,0,0
TXN000190,CUST01522,2024-02-14 09:42:58,ATM Withdrawal,Utilities,340.15,16470.87,16130.72,Yes,POS Terminal,United Kingdom,15.3,18,Male,51,0,0
TXN000191,CUST01007,2024-02-14 10:46:10,Online Purchase,Travel,670.38,2243.39,1573.01,No,Mobile App,Canada,6.6,67,Female,71,0,0
TXN000192,CUST00326,2024-02-14 11:08:28,Bank Transfer,Fashion & Apparel,110.96,2705.03,2594.07,N/A,Mobile App,Germany,9.2,60,Female,107,0,0
TXN000193,CUST00307,2024-02-14 12:45:05,Online Purchase,Groceries,37.57,5825.82,6153.82,Yes,POS Terminal,Canada,2.6,84,Female,84,0,0
TXN000194,CUST01642,2024-02-14 12:51:26,Bill Payment,Groceries,46.16,9170.29,9124.13,N/A,ATM Machine,Pakistan,12.8,27,Male,164,0,0
TXN000195,CUST00824,2024-02-14 22:29:15,Online Purchase,Utilities,112.34,12911.25,12798.91,Yes,POS Terminal,Pakistan,7.4,61,Female,141,0,0
TXN000196,CUST01155,2024-02-15 00:38:56,POS Purchase,Groceries,518.56,40256.55,39737.99,No,ATM Machine,India,4.0,67,Female,51,1,0
TXN000197,CUST01554,2024-02-15 17:14:57,Wire Transfer,Electronics,174.12,706.81,532.69,N/A,Mobile App,Germany,1.8,29,Female,81,0,0
TXN000198,CUST00034,2024-02-15 19:47:21,Online Purchase,Restaurants,2372.92,4657.64,2284.72,No,Web Browser,United Kingdom,154.3,65,Female,16,0,1
TXN000199,CUST01493,2024-02-16 08:57:21,Bill Payment,Groceries,744.81,16907.58,16162.77,N/A,POS Terminal,India,22.6,62,Female,113,0,0
TXN000200,CUST01345,2024-02-16 14:59:38,POS Purchase,Groceries,114.31,7965.84,8125.84,Yes,POS Terminal,Germany,0.2,60,Male,46,0,0
TXN000201,CUST00100,2024-02-17 09:36:30,Bill Payment,Groceries,86.33,8147.83,8061.5,N/A,Mobile App,United Kingdom,12.0,84,Male,56,0,0
TXN000202,CUST00985,2024-02-17 20:26:58,POS Purchase,Healthcare,282.41,2161.28,1878.87,Yes,ATM Machine,United States,21.8,77,Male,173,0,0
TXN000203,CUST01112,2024-02-18 03:37:04,Wire Transfer,Online Services,45.2,7644.88,7599.68,N/A,Mobile App,UAE,1.1,80,Female,105,0,0
TXN000204,CUST00978,2024-02-18 06:23:41,Online Purchase,Online Services,187.94,4637.71,4837.71,Yes,POS Terminal,United States,17.0,42,Male,19,0,0
TXN000205,CUST00878,2024-02-18 06:44:51,Online Purchase,Restaurants,70.75,2093.64,2022.89,No,Mobile App,India,4.6,47,Male,91,0,0
TXN000206,CUST00473,2024-02-18 17:28:39,POS Purchase,Online Services,105.14,2055.62,1950.48,No,Web Browser,United Kingdom,26.9,49,Male,27,0,0
TXN000207,CUST00591,2024-02-18 17:51:08,POS Purchase,Restaurants,40.76,6171.88,6347.88,Yes,Mobile App,Pakistan,15.9,79,Male,10,0,0
TXN000208,CUST00933,2024-02-19 09:50:11,Online Purchase,Fashion & Apparel,174.1,2146.88,1972.78,Yes,POS Terminal,United States,3.0,82,Female,144,0,0
TXN000209,CUST00284,2024-02-19 13:54:10,Bank Transfer,Restaurants,65.77,6533.56,6467.79,N/A,Web Browser,Pakistan,23.3,34,Female,17,0,0
TXN000210,CUST01068,2024-02-19 18:10:14,Online Purchase,Online Services,127.07,25204.6,25077.53,No,POS Terminal,United States,3.6,64,Male,83,0,0
TXN000211,CUST01572,2024-02-20 07:46:06,Wire Transfer,Restaurants,183.33,8885.67,8702.34,N/A,Web Browser,United States,1.8,53,Other,67,1,0
TXN000212,CUST00825,2024-02-20 19:34:29,Wire Transfer,Electronics,25.6,4225.26,4199.66,N/A,Web Browser,Canada,3.9,66,Male,85,0,0
TXN000213,CUST01298,2024-02-20 22:07:17,Online Purchase,Electronics,28.11,19011.09,18982.98,No,Web Browser,United States,0.2,82,Male,175,0,0
TXN000214,CUST01105,2024-02-20 23:20:40,Bank Transfer,Healthcare,24.27,2345.21,2320.94,N/A,Mobile App,Canada,15.7,36,Female,49,0,0
TXN000215,CUST00005,2024-02-21 04:33:56,Wire Transfer,Fashion & Apparel,2647.65,2294.15,-353.5,N/A,Web Browser,United States,151.2,25,Female,55,1,1
TXN000216,CUST01655,2024-02-21 12:05:00,POS Purchase,Fashion & Apparel,132.69,3375.33,3242.64,Yes,Mobile App,United Kingdom,7.2,85,Male,70,0,0
TXN000217,CUST01038,2024-02-21 13:02:25,POS Purchase,Groceries,16.81,15236.04,15305.04,No,POS Terminal,United States,16.6,57,Female,99,0,0
TXN000218,CUST00109,2024-02-21 15:28:04,Bill Payment,Travel,318.29,12988.97,12670.68,N/A,Web Browser,United Kingdom,15.6,70,Female,59,0,0
TXN000219,CUST00224,2024-02-22 08:08:18,Online Purchase,Home Improvement,59.61,242.31,182.7,Yes,Mobile App,UAE,4.5,37,Male,80,0,0
TXN000220,CUST01325,2024-02-22 09:54:25,Bank Transfer,Home Improvement,293.48,12337.9,12044.42,N/A,ATM Machine,Canada,23.4,45,Male,169,0,0
TXN000221,CUST00436,2024-02-22 14:28:01,POS Purchase,Groceries,68.02,9960.25,10137.25,No,POS Terminal,Germany,6.4,47,Male,49,0,0
TXN000222,CUST00329,2024-02-22 14:47:33,POS Purchase,Entertainment,122.45,7111.22,6988.77,No,Web Browser,Pakistan,9.2,44,Male,19,0,0
TXN000223,CUST00650,2024-02-22 15:26:17,Online Purchase,Groceries,347.88,1621.69,1742.69,Yes,POS Terminal,UAE,,23,Male,143,0,0
TXN000224,CUST01139,2024-02-22 17:18:25,Bank Transfer,Groceries,66.92,1105.22,1038.3,N/A,Mobile App,Germany,13.9,27,Male,14,0,0
TXN000225,CUST01322,2024-02-22 17:59:13,Online Purchase,Utilities,82.16,4644.64,4562.48,No,POS Terminal,United Kingdom,4.6,71,Male,139,0,0
TXN000226,CUST00604,2024-02-23 11:21:14,Bank Transfer,Healthcare,107.39,940.53,833.14,N/A,Mobile App,Canada,8.6,64,Female,167,0,0
TXN000227,CUST00852,2024-02-23 11:58:49,Online Purchase,Fuel,187.2,5794.31,5607.11,No,Web Browser,United States,1.6,77,Male,91,0,0
TXN000228,CUST00707,2024-02-23 12:02:25,ATM Withdrawal,Restaurants,468.56,2144.81,1676.25,Yes,Web Browser,United Kingdom,4.1,50,Female,60,0,0
TXN000229,CUST00686,2024-02-23 15:28:37,Online Purchase,Travel,184.81,5488.45,5303.64,No,Mobile App,United Kingdom,16.3,23,Male,9,0,0
TXN000230,CUST00506,2024-02-23 20:24:08,Wire Transfer,Healthcare,127.57,1750.63,1623.06,N/A,Web Browser,United Kingdom,12.1,85,Female,42,0,0
TXN000231,CUST00918,2024-02-23 22:16:27,POS Purchase,Travel,29.23,860.29,1094.29,No,POS Terminal,UAE,2.1,32,Male,21,0,0
TXN000232,CUST00055,2024-02-23 22:23:07,Online Purchase,Travel,3345.36,2558.58,-786.78,No,Web Browser,Pakistan,26.0,21,Male,21,0,1
TXN000233,CUST01429,2024-02-24 02:06:55,POS Purchase,Utilities,95.83,2018.71,1922.88,Yes,POS Terminal,Canada,23.3,21,Female,27,0,0
TXN000234,CUST01611,2024-02-24 17:06:56,Bill Payment,Electronics,26.44,3145.71,3119.27,N/A,Mobile App,United States,0.2,69,Male,116,0,0
TXN000235,CUST00857,2024-02-24 18:19:16,Online Purchase,Home Improvement,25.3,3303.0,3277.7,No,Mobile App,Canada,36.2,36,Female,146,0,0
TXN000236,CUST00738,2024-02-24 18:30:45,Bank Transfer,Online Services,375.45,13899.06,13523.61,N/A,ATM Machine,India,31.3,84,Female,82,0,0
TXN000237,CUST00298,2024-02-24 18:49:49,Wire Transfer,Entertainment,1029.98,4010.44,2980.46,N/A,POS Terminal,United Kingdom,4.1,70,Male,3,0,0
TXN000238,CUST00691,2024-02-24 19:06:52,POS Purchase,Groceries,120.43,4055.65,3935.22,No,POS Terminal,India,24.3,25,Male,173,0,0
TXN000239,CUST00765,2024-02-25 08:15:27,POS Purchase,Fashion & Apparel,102.45,2719.93,2617.48,Yes,POS Terminal,United Kingdom,2.6,24,Male,8,0,0
TXN000240,CUST00447,2024-02-25 10:22:28,Bank Transfer,Groceries,68.57,6136.76,6068.19,N/A,POS Terminal,Canada,0.7,37,Female,174,0,0
TXN000241,CUST01591,2024-02-25 10:47:36,Online Purchase,Fashion & Apparel,25.0,2265.86,2240.86,No,Mobile App,Pakistan,30.8,52,Male,86,0,0
TXN000242,CUST00178,2024-02-25 15:54:08,Bank Transfer,Online Services,104.2,2517.57,2413.37,N/A,Mobile App,India,7.1,23,Male,151,0,0
TXN000243,CUST00099,2024-02-25 16:08:33,Bank Transfer,Home Improvement,222.22,2654.94,2432.72,N/A,POS Terminal,UAE,14.5,54,Male,2,0,0
TXN000244,CUST01350,2024-02-25 18:40:59,POS Purchase,Fuel,118.32,7645.57,7527.25,Yes,Web Browser,United Kingdom,0.9,27,Male,91,0,0
TXN000245,CUST01151,2024-02-25 20:17:09,Wire Transfer,Groceries,117.55,14027.36,13909.81,N/A,Web Browser,United Kingdom,10.0,26,Other,118,0,0
TXN000246,CUST01323,2024-02-26 10:09:19,Bill Payment,Entertainment,25.33,956.0,930.67,N/A,POS Terminal,United States,11.9,54,Male,180,0,0
TXN000247,CUST01407,2024-02-26 13:46:34,POS Purchase,Fuel,16.32,2400.16,2383.84,Yes,Web Browser,UAE,21.3,73,Female,127,0,0
TXN000248,CUST01641,2024-02-26 14:09:06,Online Purchase,Groceries,69.36,6524.87,6455.51,No,Web Browser,United Kingdom,7.6,66,Female,68,0,0
TXN000249,CUST00396,2024-02-27 05:36:23,Online Purchase,Utilities,209.78,4073.34,3863.56,No,ATM Machine,Germany,9.1,66,Male,99,0,0
TXN000250,CUST01230,2024-02-28 12:48:36,ATM Withdrawal,Groceries,1351.41,9374.27,8022.86,Yes,POS Terminal,Canada,10.5,23,Male,109,0,0
TXN000251,CUST01275,2024-02-28 22:34:23,POS Purchase,Travel,36.34,1814.01,1777.67,No,POS Terminal,United Kingdom,6.6,48,Female,114,0,0
TXN000252,CUST01170,2024-02-29 02:33:32,POS Purchase,Groceries,58.05,23987.08,23929.03,Yes,Web Browser,United Kingdom,1.2,31,Male,163,0,0
TXN000253,CUST01556,2024-02-29 08:48:12,Bank Transfer,Electronics,38.99,1879.39,1840.4,N/A,ATM Machine,Pakistan,0.5,56,Male,75,0,0
TXN000254,CUST01420,2024-02-29 16:37:09,Wire Transfer,Jewelry & Luxury,101.42,2919.85,2818.43,N/A,Mobile App,Germany,2.9,47,Male,15,0,0
TXN000255,CUST00711,2024-02-29 19:43:46,POS Purchase,Groceries,176.05,3077.81,2901.76,No,POS Terminal,United Kingdom,6.3,58,Female,97,0,0
TXN000256,CUST01483,2024-03-01 10:28:45,Online Purchase,Travel,28.16,8906.26,8878.1,Yes,Web Browser,UAE,8.5,34,Other,152,1,0
TXN000257,CUST00640,2024-03-01 13:27:20,Online Purchase,Electronics,86.4,2902.36,2815.96,Yes,ATM Machine,Germany,12.9,72,Male,61,0,0
TXN000258,CUST00846,2024-03-01 16:01:11,Online Purchase,Home Improvement,72.11,5371.45,5299.34,No,POS Terminal,UAE,14.0,44,Male,128,0,0
TXN000259,CUST01202,2024-03-01 16:07:26,Bank Transfer,Healthcare,125.81,3285.32,3159.51,N/A,Mobile App,United Kingdom,14.7,26,Female,180,0,0
TXN000260,CUST01525,2024-03-01 18:41:38,Wire Transfer,Electronics,1063.58,5219.86,4156.28,N/A,Web Browser,Canada,1.0,59,Female,62,0,0
TXN000261,CUST00201,2024-03-01 19:01:47,Online Purchase,Fashion & Apparel,32.48,744.66,757.66,No,Mobile App,United Kingdom,4.4,38,Female,162,0,0
TXN000262,CUST00448,2024-03-02 12:25:49,Bank Transfer,Fuel,113.44,2740.77,2627.33,N/A,Mobile App,Germany,28.3,24,Male,36,0,0
TXN000263,CUST00447,2024-03-02 20:22:55,POS Purchase,Travel,183.64,2163.54,1979.9,Yes,Web Browser,Germany,14.7,39,Female,156,0,0
TXN000264,CUST00526,2024-03-02 20:35:46,POS Purchase,Healthcare,55.72,2651.56,2595.84,Yes,Web Browser,Germany,8.4,27,Male,18,0,0
TXN000265,CUST00408,2024-03-02 22:23:28,Online Purchase,Online Services,37.47,5523.69,5486.22,Yes,ATM Machine,Canada,8.6,38,Male,13,0,0
TXN000266,CUST00790,2024-03-03 01:31:04,Bill Payment,Groceries,260.9,5933.62,5672.72,N/A,Web Browser,United Kingdom,14.1,82,Female,45,0,0
TXN000267,CUST01607,2024-03-03 07:33:57,ATM Withdrawal,Fuel,129.2,4212.57,4083.37,Yes,Web Browser,Pakistan,21.6,75,Female,90,0,0
TXN000268,CUST00555,2024-03-03 08:35:24,Online Purchase,Entertainment,42.56,33506.76,33464.2,No,Mobile App,United Kingdom,26.7,32,Female,164,0,0
TXN000269,CUST01574,2024-03-03 14:07:22,Online Purchase,Restaurants,104.86,15657.46,15552.6,No,Mobile App,United Kingdom,6.7,26,Female,13,0,0
TXN000270,CUST00429,2024-03-03 14:15:11,Bank Transfer,Restaurants,36.26,1310.45,1274.19,N/A,POS Terminal,Pakistan,0.9,40,Female,95,0,0
TXN000271,CUST00543,2024-03-03 14:59:53,POS Purchase,Fashion & Apparel,20.42,513.23,492.81,No,POS Terminal,United Kingdom,16.5,63,Female,163,1,0
TXN000272,CUST01663,2024-03-03 22:59:42,Online Purchase,Groceries,203.88,1206.33,1002.45,No,Web Browser,UAE,17.6,71,Female,176,0,0
TXN000273,CUST01202,2024-03-04 00:39:02,POS Purchase,Groceries,127.25,3929.07,4415.07,Yes,POS Terminal,United States,1.4,48,Female,159,0,0
TXN000274,CUST00739,2024-03-04 00:57:23,ATM Withdrawal,Fashion & Apparel,98.58,3923.7,3825.12,Yes,POS Terminal,United States,0.0,36,Male,27,0,0
TXN000275,CUST01295,2024-03-04 10:51:29,Bank Transfer,Electronics,54.75,960.75,906.0,N/A,POS Terminal,United States,1.3,69,Female,67,0,0
TXN000276,CUST00014,2024-03-04 14:50:42,POS Purchase,Restaurants,43.62,14464.76,14421.14,Yes,Mobile App,United Kingdom,10.7,32,Female,105,1,0
TXN000277,CUST01327,2024-03-04 17:32:53,POS Purchase,Fashion & Apparel,33.64,11653.98,11620.34,Yes,POS Terminal,United Kingdom,12.1,77,Male,146,0,0
TXN000278,CUST00481,2024-03-04 19:57:26,POS Purchase,Restaurants,400.82,2380.29,1979.47,No,Web Browser,United Kingdom,35.7,52,Male,59,0,0
TXN000279,CUST00908,2024-03-04 20:26:31,Bank Transfer,Utilities,593.14,3599.37,3006.23,N/A,ATM Machine,United Kingdom,2.1,75,Male,35,0,0
TXN000280,CUST00397,2024-03-05 00:50:50,ATM Withdrawal,Electronics,215.95,8319.75,8103.8,Yes,Web Browser,United Kingdom,7.0,19,Male,110,0,0
TXN000281,CUST00715,2024-03-05 08:13:16,POS Purchase,Restaurants,128.92,5561.69,5432.77,Yes,Web Browser,United Kingdom,5.5,38,Male,171,0,0
TXN000282,CUST00654,2024-03-05 11:21:52,Online Purchase,Electronics,118.72,2382.42,2263.7,Yes,Mobile App,United States,2.3,45,Female,82,0,0
TXN000283,CUST00611,2024-03-05 17:59:49,POS Purchase,Entertainment,69.27,578.24,508.97,Yes,Mobile App,United States,18.8,36,Female,40,0,0
TXN000284,CUST00217,2024-03-05 19:06:25,POS Purchase,Groceries,258.27,4359.01,4100.74,No,Mobile App,Canada,34.8,69,Other,45,0,0
TXN000285,CUST01528,2024-03-05 23:29:56,POS Purchase,Groceries,51.65,7181.14,7129.49,Yes,Mobile App,United Kingdom,1.4,68,Male,115,0,0
TXN000286,CUST00709,2024-03-06 01:48:26,POS Purchase,Entertainment,99.65,3661.57,3561.92,Yes,Mobile App,United Kingdom,18.6,74,Male,73,0,0
TXN000287,CUST01189,2024-03-06 02:30:51,Online Purchase,Fashion & Apparel,53.43,2585.23,2531.8,No,Mobile App,India,0.5,26,Female,178,0,0
TXN000288,CUST01191,2024-03-06 06:06:58,Bank Transfer,Electronics,62.13,5457.84,5395.71,N/A,Mobile App,Australia,4.5,40,Female,41,0,0
TXN000289,CUST00266,2024-03-06 15:58:51,Wire Transfer,Electronics,228.03,1737.4,1509.37,N/A,POS Terminal,United Kingdom,8.6,60,Female,125,0,0
TXN000290,CUST00495,2024-03-06 18:07:09,Bill Payment,Fuel,224.01,1120.03,896.02,N/A,Mobile App,Pakistan,3.0,45,Female,123,0,0
TXN000291,CUST00013,2024-03-07 08:57:26,Wire Transfer,Fashion & Apparel,243.48,1647.36,1403.88,N/A,Mobile App,Pakistan,6.2,27,Female,24,0,0
TXN000292,CUST00856,2024-03-07 14:19:21,Online Purchase,Electronics,458.16,12376.81,11918.65,No,Mobile App,United Kingdom,14.9,62,Female,85,0,0
TXN000293,CUST00644,2024-03-07 16:48:27,ATM Withdrawal,Utilities,98.0,1892.25,1794.25,No,ATM Machine,United States,5.9,34,Male,48,0,0
TXN000294,CUST00728,2024-03-08 10:34:56,Bank Transfer,Travel,181.16,6295.4,6114.24,N/A,Web Browser,Canada,4.4,27,Female,3,0,0
TXN000295,CUST01565,2024-03-10 04:55:47,POS Purchase,Groceries,95.97,9114.55,9018.58,Yes,Mobile App,United States,5.1,71,Male,114,0,0
TXN000296,CUST01584,2024-03-10 09:36:33,Online Purchase,Fashion & Apparel,68.75,5469.77,5401.02,No,Web Browser,Pakistan,10.3,32,Male,82,0,0
TXN000297,CUST00917,2024-03-10 10:29:56,POS Purchase,Restaurants,98.59,9341.51,9242.92,Yes,Mobile App,United States,5.7,63,Male,110,0,0
TXN000298,CUST01408,2024-03-10 12:07:05,Online Purchase,Healthcare,146.47,2087.15,1940.68,No,Mobile App,United States,41.8,21,Female,117,0,0
TXN000299,CUST00456,2024-03-10 13:51:49,POS Purchase,Online Services,91.3,3414.12,3322.82,Yes,Mobile App,Canada,7.4,25,Male,159,0,0
TXN000300,CUST01184,2024-03-10 23:08:30,Online Purchase,Fashion & Apparel,40.62,6633.41,6592.79,Yes,POS Terminal,Canada,0.6,51,Female,90,0,0
TXN000301,CUST00062,2024-03-11 02:59:54,Bank Transfer,Online Services,627.16,12395.78,11768.62,N/A,Mobile App,United Kingdom,14.3,26,Male,35,1,1
TXN000302,CUST01347,2024-03-11 14:23:34,Wire Transfer,Healthcare,18.21,1836.51,1818.3,N/A,ATM Machine,India,17.4,48,Female,45,0,0
TXN000303,CUST01684,2024-03-11 19:29:30,POS Purchase,Groceries,95.45,5412.64,5317.19,Yes,Web Browser,Germany,1.9,69,Male,4,0,0
TXN000304,CUST00642,2024-03-11 21:57:48,POS Purchase,Fuel,127.73,6832.73,6705.0,Yes,Web Browser,Pakistan,5.9,59,Male,93,0,0
TXN000305,CUST00291,2024-03-12 08:57:03,POS Purchase,Groceries,309.6,2404.78,2095.18,No,Web Browser,United Kingdom,3.7,72,Male,48,0,0
TXN000306,CUST00288,2024-03-12 09:13:19,POS Purchase,Travel,26.83,3003.9,2977.07,No,Web Browser,United Kingdom,10.4,73,Female,14,0,0
TXN000307,CUST00069,2024-03-14 06:29:04,Online Purchase,Fashion & Apparel,85.52,2830.9,2745.38,No,POS Terminal,Pakistan,4.8,51,Male,127,0,0
TXN000308,CUST00895,2024-03-14 07:09:53,POS Purchase,Online Services,179.21,9939.19,9759.98,No,POS Terminal,India,2.6,69,Other,77,0,0
TXN000309,CUST01356,2024-03-14 11:38:56,Bank Transfer,Utilities,48.48,7568.89,7520.41,N/A,ATM Machine,United Kingdom,12.8,39,Female,140,0,0
TXN000310,CUST00777,2024-03-14 17:31:33,ATM Withdrawal,Jewelry & Luxury,225.64,4353.27,4127.63,No,POS Terminal,UAE,0.8,46,Male,174,0,0
TXN000311,CUST00239,2024-03-14 18:45:38,POS Purchase,Entertainment,74.0,4134.84,4060.84,No,Mobile App,UAE,42.1,30,Male,152,0,0
TXN000312,CUST00002,2024-03-15 06:19:05,Wire Transfer,Travel,326.13,760.02,433.89,N/A,POS Terminal,Pakistan,247.2,82,Female,57,1,1
TXN000313,CUST01382,2024-03-15 10:56:24,ATM Withdrawal,Travel,40.92,2118.89,2077.97,Yes,Web Browser,United States,4.6,73,Female,40,0,0
TXN000314,CUST01319,2024-03-15 11:32:47,Bank Transfer,Groceries,72.99,6068.77,5995.78,N/A,POS Terminal,Canada,51.4,20,Male,54,0,0
TXN000315,CUST01687,2024-03-15 14:47:58,Wire Transfer,Groceries,586.33,2608.28,2021.95,N/A,POS Terminal,Pakistan,8.0,26,Male,120,0,0
TXN000316,CUST00569,2024-03-15 16:03:48,Online Purchase,Online Services,35.56,2938.35,2902.79,Yes,Mobile App,Germany,10.0,38,Female,72,0,0
TXN000317,CUST00614,2024-03-15 22:51:09,Bank Transfer,Electronics,489.98,1324.01,834.03,N/A,Web Browser,UAE,6.1,69,Male,111,0,0
TXN000318,CUST00779,2024-03-16 08:46:28,Online Purchase,Groceries,22.91,3027.32,3004.41,Yes,POS Terminal,UAE,2.8,29,Male,10,0,0
TXN000319,CUST00909,2024-03-16 12:52:54,POS Purchase,Restaurants,129.26,2317.5,2188.24,Yes,Mobile App,United Kingdom,7.7,35,Male,13,0,0
TXN000320,CUST00143,2024-03-16 13:43:43,ATM Withdrawal,Groceries,67.77,7771.53,7703.76,Yes,Mobile App,Germany,14.4,31,Male,108,0,0
TXN000321,CUST01204,2024-03-16 16:43:25,ATM Withdrawal,Groceries,105.35,3822.73,3717.38,Yes,ATM Machine,United States,16.9,29,Female,7,0,0
TXN000322,CUST01586,2024-03-16 16:56:43,Bank Transfer,Fashion & Apparel,536.99,5194.42,4657.43,N/A,Web Browser,Germany,4.5,82,Male,115,0,0
TXN000323,CUST01511,2024-03-16 19:07:40,POS Purchase,Entertainment,207.8,3987.15,3779.35,Yes,Web Browser,Canada,8.2,67,Male,56,0,0
TXN000324,CUST00760,2024-03-17 06:59:43,Bank Transfer,Electronics,385.39,35728.12,35342.73,N/A,Mobile App,India,17.5,38,Male,95,0,0
TXN000325,CUST00014,2024-03-17 07:37:46,Online Purchase,Jewelry & Luxury,813.05,1257.85,444.8,No,POS Terminal,United States,0.1,61,Female,179,0,0
TXN000326,CUST00586,2024-03-17 15:49:59,POS Purchase,Travel,117.01,4173.68,4056.67,Yes,Web Browser,United Kingdom,28.2,80,Female,86,0,0
TXN000327,CUST01117,2024-03-17 16:27:31,POS Purchase,Jewelry & Luxury,107.97,792.41,684.44,Yes,Mobile App,United States,16.1,77,Male,61,0,0
TXN000328,CUST01077,2024-03-17 17:45:18,POS Purchase,Utilities,70.97,1790.69,1719.72,Yes,POS Terminal,Australia,13.9,53,Female,157,0,0
TXN000329,CUST01553,2024-03-17 19:50:06,Wire Transfer,Groceries,32.21,1343.79,1311.58,N/A,POS Terminal,United Kingdom,23.7,56,Male,164,0,0
TXN000330,CUST01323,2024-03-18 11:27:45,Bill Payment,Restaurants,118.29,6331.9,6213.61,N/A,POS Terminal,Canada,44.5,82,Female,150,0,0
TXN000331,CUST00285,2024-03-18 20:48:38,Online Purchase,Utilities,235.24,2437.9,2202.66,No,Web Browser,India,9.2,85,Female,90,0,0
TXN000332,CUST00545,2024-03-19 12:36:57,ATM Withdrawal,Utilities,98.09,4323.91,4225.82,No,ATM Machine,UAE,0.5,40,Male,87,0,0
TXN000333,CUST00002,2024-03-19 13:33:25,POS Purchase,Online Services,81.95,2884.88,2802.93,Yes,Web Browser,Germany,23.9,35,Other,158,0,0
TXN000334,CUST00897,2024-03-19 15:15:21,Online Purchase,Online Services,226.08,7040.56,6814.48,Yes,POS Terminal,India,5.8,24,Male,116,0,0
TXN000335,CUST00900,2024-03-19 15:59:01,POS Purchase,Utilities,21.74,1185.9,1164.16,Yes,Mobile App,Germany,1.8,59,Female,140,1,0
TXN000336,CUST00454,2024-03-19 18:36:24,POS Purchase,Travel,67.93,2057.91,1989.98,Yes,Web Browser,United Kingdom,0.2,20,Female,131,0,0
TXN000337,CUST01644,2024-03-20 02:48:02,Online Purchase,Restaurants,25.15,6815.77,6790.62,No,Mobile App,United States,13.1,26,Male,67,0,0
TXN000338,CUST00522,2024-03-20 10:55:13,Bank Transfer,Groceries,22.39,8386.93,8364.54,N/A,ATM Machine,Canada,10.3,84,Male,104,0,0
TXN000339,CUST00444,2024-03-20 12:24:17,ATM Withdrawal,Entertainment,99.17,16695.13,16595.96,Yes,ATM Machine,United Kingdom,2.8,69,Female,25,0,0
TXN000340,CUST01202,2024-03-20 14:25:49,POS Purchase,Fuel,292.76,3105.46,2812.7,No,POS Terminal,Canada,9.7,52,Female,81,0,0
TXN000341,CUST01660,2024-03-20 14:35:48,ATM Withdrawal,Utilities,65.25,7071.53,7006.28,Yes,Web Browser,UAE,20.1,18,Male,10,0,0
TXN000342,CUST00637,2024-03-20 19:33:37,Online Purchase,Online Services,226.18,14681.5,14455.32,Yes,Mobile App,Canada,3.9,57,Female,46,0,0
TXN000343,CUST00112,2024-03-20 21:15:28,Wire Transfer,Electronics,142.69,1373.56,1230.87,N/A,Web Browser,Germany,7.1,26,Female,3,0,0
TXN000344,CUST01468,2024-03-21 16:03:46,Online Purchase,Fashion & Apparel,92.69,1110.97,1607.97,Yes,POS Terminal,United Kingdom,9.6,37,Female,158,0,0
TXN000345,CUST00954,2024-03-21 17:11:59,Bank Transfer,Fuel,186.1,1326.24,1140.14,N/A,Mobile App,United Kingdom,10.9,25,Male,55,0,0
TXN000346,CUST00153,2024-03-22 02:06:16,POS Purchase,Travel,91.54,4214.18,4122.64,Yes,POS Terminal,United Kingdom,7.4,58,Male,8,0,0
TXN000347,CUST01076,2024-03-22 07:20:03,Wire Transfer,Travel,56.86,9672.35,9615.49,N/A,ATM Machine,United States,10.0,48,Male,144,0,0
TXN000348,CUST01436,2024-03-22 09:47:47,Bill Payment,Groceries,31.21,1578.54,1547.33,N/A,POS Terminal,Germany,20.3,75,Female,42,0,0
TXN000349,CUST00366,2024-03-22 12:09:02,Online Purchase,Travel,61.84,1055.33,993.49,Yes,POS Terminal,United States,5.5,46,Male,68,0,0
TXN000350,CUST00794,2024-03-22 13:44:42,POS Purchase,Jewelry & Luxury,48.23,1705.94,1733.94,Yes,ATM Machine,United Kingdom,0.9,66,Female,116,0,0
TXN000351,CUST00389,2024-03-22 13:56:00,Bank Transfer,Utilities,132.35,22829.42,22697.07,N/A,POS Terminal,India,6.9,68,Female,100,0,0
TXN000352,CUST00177,2024-03-22 14:48:40,POS Purchase,Healthcare,246.16,8253.96,8007.8,Yes,Mobile App,UAE,5.8,31,Female,60,0,0
TXN000353,CUST01657,2024-03-22 20:00:27,Online Purchase,Restaurants,51.16,12880.02,12828.86,Yes,Mobile App,UAE,8.2,42,Male,114,1,0
TXN000354,CUST01653,2024-03-23 11:09:24,Bill Payment,Restaurants,119.41,3237.19,3117.78,N/A,Mobile App,Australia,0.7,44,Female,148,0,0
TXN000355,CUST00680,2024-03-23 11:33:54,Online Purchase,Groceries,155.51,3892.91,3737.4,No,Web Browser,United Kingdom,10.5,53,Male,141,0,0
TXN000356,CUST01012,2024-03-23 11:34:43,Online Purchase,Entertainment,51.0,1758.32,1707.32,No,POS Terminal,UAE,24.2,60,Female,166,0,0
TXN000357,CUST00867,2024-03-25 14:18:26,Bill Payment,Entertainment,447.35,1434.68,987.33,N/A,Web Browser,United Kingdom,9.3,42,Male,85,1,0
TXN000358,CUST01359,2024-03-25 14:24:52,POS Purchase,Utilities,121.47,1057.57,936.1,No,ATM Machine,Pakistan,23.0,52,Male,113,0,0
TXN000359,CUST00034,2024-03-25 15:28:46,Bill Payment,Online Services,311.77,5211.74,4899.97,N/A,ATM Machine,UAE,579.0,38,Female,34,0,1
TXN000360,CUST01039,2024-03-25 16:21:13,POS Purchase,Online Services,152.42,1771.83,1619.41,Yes,Web Browser,United Kingdom,16.9,30,Male,7,0,0
TXN000361,CUST01715,2024-03-25 20:25:20,Online Purchase,Electronics,40.92,15905.23,15864.31,Yes,Mobile App,United States,9.5,41,Female,166,0,0
TXN000362,CUST00173,2024-03-26 08:58:39,POS Purchase,Groceries,106.44,697.94,591.5,No,Mobile App,United States,3.0,74,Female,44,0,0
TXN000363,CUST00982,2024-03-26 10:58:32,POS Purchase,Online Services,284.85,1994.66,1709.81,No,ATM Machine,Australia,22.6,40,Male,16,0,0
TXN000364,CUST00025,2024-03-26 14:24:24,POS Purchase,Utilities,232.89,4523.2,4290.31,No,Mobile App,India,1.1,19,Other,122,0,0
TXN000365,CUST01686,2024-03-27 11:19:02,Wire Transfer,Healthcare,140.16,3270.83,3130.67,N/A,Mobile App,UAE,12.6,67,Male,43,0,0
TXN000366,CUST00229,2024-03-27 13:45:33,Bill Payment,Fuel,489.46,3026.46,2537.0,N/A,Mobile App,United Kingdom,0.9,62,Male,167,0,0
TXN000367,CUST00328,2024-03-27 23:24:14,Online Purchase,Healthcare,236.68,42268.03,42031.35,No,Web Browser,Pakistan,16.7,46,Female,169,0,0
TXN000368,CUST00593,2024-03-29 11:17:17,POS Purchase,Online Services,125.97,6836.14,6710.17,No,POS Terminal,Pakistan,10.0,48,Female,163,0,0
TXN000369,CUST00196,2024-03-29 15:46:06,Bank Transfer,Entertainment,157.29,7023.96,6866.67,N/A,POS Terminal,Germany,5.3,29,Female,43,0,0
TXN000370,CUST00421,2024-03-29 17:35:32,ATM Withdrawal,Electronics,141.59,2989.58,2847.99,No,Web Browser,United Kingdom,9.9,60,Female,136,0,0
TXN000371,CUST00276,2024-03-30 18:54:23,Online Purchase,Electronics,108.85,729.38,620.53,No,POS Terminal,Pakistan,37.3,29,Male,126,0,0
TXN000372,CUST01513,2024-03-30 22:09:20,Online Purchase,Entertainment,146.88,754.35,607.47,Yes,ATM Machine,United States,72.5,84,Female,37,0,0
TXN000373,CUST00062,2024-03-31 09:04:56,ATM Withdrawal,Groceries,42.65,3282.27,3239.62,Yes,Web Browser,United Kingdom,11.6,55,Female,95,0,0
TXN000374,CUST00724,2024-03-31 12:20:14,Online Purchase,Electronics,92.94,2057.29,1964.35,Yes,Web Browser,UAE,21.0,71,Female,60,0,0
TXN000375,CUST01703,2024-03-31 14:04:12,Online Purchase,Travel,36.65,1874.73,1838.08,Yes,Mobile App,UAE,7.0,49,Female,116,0,0
TXN000376,CUST01569,2024-03-31 16:19:58,POS Purchase,Restaurants,208.87,1315.81,1106.94,No,POS Terminal,Pakistan,32.9,46,Female,2,0,0
TXN000377,CUST00094,2024-03-31 22:04:06,POS Purchase,Entertainment,54.29,2431.93,2864.93,Yes,Mobile App,Australia,2.7,26,Male,49,0,0
TXN000378,CUST00219,2024-04-01 07:28:01,Online Purchase,Utilities,80.33,3034.75,2954.42,No,POS Terminal,United Kingdom,2.8,72,Female,96,0,0
TXN000379,CUST00565,2024-04-01 08:34:54,ATM Withdrawal,Travel,167.48,4472.8,4305.32,Yes,Mobile App,United Kingdom,46.1,63,Male,137,0,0
TXN000380,CUST01358,2024-04-01 09:30:00,Online Purchase,Healthcare,52.55,15266.36,15213.81,No,POS Terminal,UAE,5.2,76,Female,21,0,0
TXN000381,CUST01567,2024-04-01 12:28:24,Online Purchase,Groceries,79.53,1158.09,1078.56,Yes,POS Terminal,United Kingdom,14.5,25,Female,52,0,0
TXN000382,CUST01623,2024-04-01 13:54:01,ATM Withdrawal,Online Services,371.35,15157.25,14785.9,No,Mobile App,United States,11.5,61,Male,92,0,0
TXN000383,CUST01200,2024-04-01 16:37:07,POS Purchase,Groceries,196.98,66396.11,66199.13,Yes,Mobile App,United Kingdom,8.5,46,Male,136,0,0
TXN000384,CUST01486,2024-04-01 17:15:41,Bill Payment,Fuel,136.56,9996.41,9859.85,N/A,Web Browser,United Kingdom,11.9,81,Female,72,0,0
TXN000385,CUST01333,2024-04-02 10:25:17,Bill Payment,Travel,167.26,1129.23,961.97,N/A,Web Browser,United Kingdom,49.8,59,Female,10,0,0
TXN000386,CUST00757,2024-04-02 10:43:59,Wire Transfer,Healthcare,16.26,1765.95,1749.69,N/A,ATM Machine,United States,22.3,20,Male,122,1,0
TXN000387,CUST01479,2024-04-02 13:06:47,ATM Withdrawal,Jewelry & Luxury,118.51,14645.65,14527.14,No,Web Browser,Australia,35.0,19,Female,93,0,0
TXN000388,CUST00338,2024-04-02 16:10:03,POS Purchase,Electronics,10.17,1862.29,1852.12,No,POS Terminal,Canada,1.7,64,Female,151,0,0
TXN000389,CUST01271,2024-04-02 16:11:10,ATM Withdrawal,Groceries,27.4,2047.52,2020.12,Yes,Mobile App,United Kingdom,0.5,35,Other,89,0,0
TXN000390,CUST00898,2024-04-02 18:50:31,ATM Withdrawal,Home Improvement,49.87,505.65,455.78,Yes,Mobile App,United States,4.6,82,Other,11,0,0
TXN000391,CUST00708,2024-04-03 03:21:01,ATM Withdrawal,Restaurants,46.7,2034.2,1987.5,No,POS Terminal,Germany,1.2,50,Male,166,0,0
TXN000392,CUST01121,2024-04-03 06:32:15,Bill Payment,Fashion & Apparel,74.42,7150.18,7075.76,N/A,POS Terminal,Canada,15.4,58,Other,52,0,0
TXN000393,CUST00169,2024-04-03 09:32:11,Online Purchase,Utilities,158.23,1743.51,1585.28,No,Mobile App,United Kingdom,4.9,56,Female,168,0,0
TXN000394,CUST01611,2024-04-03 10:10:30,POS Purchase,Entertainment,137.87,3868.33,3922.33,Yes,Mobile App,United States,3.7,46,Male,102,0,0
TXN000395,CUST00061,2024-04-03 16:58:28,Bank Transfer,Groceries,182.74,3109.98,2927.24,N/A,POS Terminal,India,1.0,42,Male,59,0,0
TXN000396,CUST00290,2024-04-04 14:10:50,POS Purchase,Restaurants,612.36,18819.9,19018.9,Yes,Web Browser,Pakistan,8.1,37,Female,146,0,0
TXN000397,CUST00939,2024-04-04 19:21:50,ATM Withdrawal,Travel,122.45,5649.7,5527.25,No,POS Terminal,UAE,0.6,40,Male,31,0,0
TXN000398,CUST00503,2024-04-05 15:15:48,POS Purchase,Home Improvement,434.9,2132.49,1697.59,No,Mobile App,Canada,13.7,36,Female,97,0,0
TXN000399,CUST01354,2024-04-05 16:54:02,Bank Transfer,Fuel,212.8,2686.14,2473.34,N/A,POS Terminal,Canada,6.6,22,Female,28,0,0
TXN000400,CUST00462,2024-04-05 17:17:16,Online Purchase,Online Services,179.61,1972.79,1793.18,No,Mobile App,United Kingdom,,63,Other,167,0,0
TXN000401,CUST01077,2024-04-05 19:32:31,Online Purchase,Electronics,140.56,3759.38,3618.82,No,POS Terminal,UAE,17.5,73,Male,157,0,0
TXN000402,CUST01594,2024-04-05 20:50:26,Bank Transfer,Travel,213.78,7562.59,7348.81,N/A,POS Terminal,Germany,1.0,32,Female,123,0,0
TXN000403,CUST00944,2024-04-05 21:19:40,Online Purchase,Healthcare,118.25,5763.11,5644.86,No,POS Terminal,United States,26.9,48,Female,146,0,0
TXN000404,CUST01672,2024-04-05 23:55:43,ATM Withdrawal,Fuel,282.27,3983.31,3701.04,No,Web Browser,United Kingdom,23.3,77,Female,176,0,0
TXN000405,CUST01288,2024-04-06 08:17:51,Bill Payment,Fuel,82.75,4549.06,4466.31,N/A,Mobile App,India,43.2,33,Female,35,0,0
TXN000406,CUST00206,2024-04-06 17:33:43,Online Purchase,Utilities,85.86,4536.17,4450.31,Yes,POS Terminal,Pakistan,18.2,48,Male,25,0,0
TXN000407,CUST00170,2024-04-06 21:12:09,Bank Transfer,Entertainment,98.51,9958.89,9860.38,N/A,POS Terminal,Canada,0.9,30,Male,110,0,0
TXN000408,CUST00660,2024-04-07 05:31:40,POS Purchase,Travel,176.72,7706.23,7529.51,Yes,POS Terminal,Pakistan,23.3,82,Male,55,0,0
TXN000409,CUST00550,2024-04-07 06:51:52,Online Purchase,Fashion & Apparel,33.16,5755.6,5722.44,Yes,Web Browser,Germany,28.3,44,Female,131,0,0
TXN000410,CUST01122,2024-04-07 11:52:01,POS Purchase,Travel,113.56,11142.28,11028.72,Yes,Web Browser,Pakistan,2.3,55,Female,11,0,0
TXN000411,CUST00356,2024-04-07 14:58:01,ATM Withdrawal,Entertainment,93.82,8331.24,8237.42,Yes,Web Browser,Pakistan,11.3,37,Female,56,0,0
TXN000412,CUST00896,2024-04-08 10:59:47,POS Purchase,Utilities,379.16,3028.82,3394.82,Yes,Web Browser,Canada,16.2,69,Male,45,0,0
TXN000413,CUST00900,2024-04-08 11:56:37,Online Purchase,Electronics,193.98,1634.33,1440.35,No,POS Terminal,United Kingdom,1.8,20,Male,39,0,0
TXN000414,CUST01102,2024-04-09 05:54:58,Bank Transfer,Healthcare,72.37,4366.31,4293.94,N/A,Mobile App,United States,4.0,40,Female,5,0,0
TXN000415,CUST00514,2024-04-09 14:21:57,Bank Transfer,Restaurants,148.67,4589.57,4440.9,N/A,POS Terminal,United Kingdom,7.9,52,Female,16,0,0
TXN000416,CUST00470,2024-04-09 17:12:47,Bill Payment,Groceries,48.18,3057.57,3009.39,N/A,Web Browser,United Kingdom,5.3,62,Male,121,0,0
TXN000417,CUST00528,2024-04-09 22:47:26,Online Purchase,Home Improvement,81.16,731.3,650.14,Yes,Mobile App,United Kingdom,19.8,23,Female,124,0,0
TXN000418,CUST00045,2024-04-09 23:04:40,Online Purchase,Entertainment,41.51,4436.57,4395.06,Yes,Mobile App,India,2.6,59,Male,155,0,0
TXN000419,CUST00184,2024-04-10 15:31:37,POS Purchase,Online Services,122.75,8740.93,8618.18,Yes,Web Browser,Germany,30.3,47,Male,174,0,0
TXN000420,CUST01105,2024-04-10 15:36:16,Bill Payment,Online Services,106.12,1138.67,1032.55,N/A,Web Browser,Canada,4.1,32,Other,47,0,0
TXN000421,CUST00026,2024-04-10 18:01:16,Online Purchase,Groceries,133.67,816.88,683.21,No,Web Browser,Canada,4.0,35,Male,38,0,0
TXN000422,CUST01361,2024-04-10 19:08:26,Online Purchase,Fuel,264.99,5878.63,5613.64,No,Mobile App,United States,30.2,46,Female,141,0,0
TXN000423,CUST00660,2024-04-10 19:36:49,POS Purchase,Electronics,30.91,3576.81,3545.9,No,Mobile App,Germany,24.6,24,Female,138,0,0
TXN000424,CUST00678,2024-04-10 20:55:12,Online Purchase,Utilities,150.52,5167.97,5017.45,Yes,Mobile App,Canada,3.6,59,Female,10,0,0
TXN000425,CUST00234,2024-04-11 08:46:04,ATM Withdrawal,Fuel,100.82,6447.61,6346.79,No,POS Terminal,Pakistan,2.5,53,Male,180,0,0
TXN000426,CUST00094,2024-04-11 12:46:14,Online Purchase,Fuel,171.62,1920.63,1749.01,Yes,Mobile App,United Kingdom,18.4,79,Female,29,0,0
TXN000427,CUST01483,2024-04-11 14:28:42,Bank Transfer,Groceries,71.31,1614.11,1542.8,N/A,Mobile App,United States,33.7,60,Female,158,0,0
TXN000428,CUST01038,2024-04-11 15:59:44,Online Purchase,Healthcare,64.33,1143.71,1079.38,Yes,Mobile App,UAE,2.8,47,Female,147,0,0
TXN000429,CUST01162,2024-04-11 20:50:03,POS Purchase,Groceries,177.77,17652.13,17474.36,No,Mobile App,United Kingdom,13.2,62,Female,175,0,0
TXN000430,CUST00001,2024-04-11 21:31:05,Online Purchase,Entertainment,61.12,3835.43,4005.43,No,POS Terminal,Canada,2.2,75,Female,89,0,0
TXN000431,CUST01620,2024-04-12 01:25:29,Online Purchase,Entertainment,153.54,8762.1,8608.56,Yes,POS Terminal,United States,28.0,80,Female,35,0,0
TXN000432,CUST00011,2024-04-12 15:09:54,POS Purchase,Jewelry & Luxury,216.88,1548.08,1331.2,No,Web Browser,Germany,55.4,61,Female,73,0,1
TXN000433,CUST00206,2024-04-12 19:06:43,ATM Withdrawal,Fuel,115.03,15110.99,14995.96,Yes,Mobile App,Pakistan,25.8,37,Male,52,0,0
TXN000434,CUST01051,2024-04-12 19:09:27,POS Purchase,Restaurants,105.13,2709.5,2604.37,No,Mobile App,Pakistan,21.1,41,Female,102,1,0
TXN000435,CUST00172,2024-04-12 20:12:31,POS Purchase,Online Services,81.53,3269.22,3187.69,No,Web Browser,Canada,7.6,20,Male,67,0,0
TXN000436,CUST00181,2024-04-13 08:40:09,Online Purchase,Groceries,581.71,8890.72,8309.01,Yes,Mobile App,United States,11.4,70,Male,102,0,0
TXN000437,CUST00912,2024-04-13 10:04:52,POS Purchase,Groceries,69.7,1624.04,1801.04,Yes,ATM Machine,Germany,6.8,83,Male,19,0,0
TXN000438,CUST01097,2024-04-13 14:24:38,Online Purchase,Fuel,50.14,7020.83,7346.83,Yes,Mobile App,Pakistan,1.2,31,Male,143,0,0
TXN000439,CUST01153,2024-04-13 19:52:34,POS Purchase,Fuel,125.78,1725.27,1599.49,Yes,POS Terminal,Canada,1.4,23,Male,44,0,0
TXN000440,CUST00461,2024-04-14 14:53:03,Wire Transfer,Fuel,62.08,2170.25,2108.17,N/A,Web Browser,Pakistan,9.1,28,Female,75,0,0
TXN000441,CUST00829,2024-04-14 15:46:52,Online Purchase,Restaurants,218.09,4681.45,4463.36,Yes,ATM Machine,United Kingdom,20.5,84,Female,115,0,0
TXN000442,CUST00807,2024-04-14 15:48:01,Bank Transfer,Groceries,362.79,19960.68,19597.89,N/A,Mobile App,Australia,38.0,71,Female,70,0,0
TXN000443,CUST01503,2024-04-14 20:23:10,POS Purchase,Jewelry & Luxury,114.22,24944.61,24830.39,No,ATM Machine,United Kingdom,9.1,62,Female,84,0,0
TXN000444,CUST01345,2024-04-14 22:27:30,Bill Payment,Home Improvement,105.5,35585.44,35479.94,N/A,POS Terminal,United States,18.3,39,Female,42,0,0
TXN000445,CUST01529,2024-04-15 05:36:17,POS Purchase,Home Improvement,147.02,1899.98,2111.98,Yes,Mobile App,United States,7.8,49,Male,61,0,0
TXN000446,CUST01017,2024-04-15 09:11:04,Bill Payment,Groceries,16.75,1344.99,1328.24,N/A,Web Browser,United States,19.6,26,Male,133,0,0
TXN000447,CUST00911,2024-04-15 09:16:27,Wire Transfer,Groceries,157.89,11152.27,10994.38,N/A,Mobile App,Canada,4.9,37,Male,74,0,0
TXN000448,CUST00478,2024-04-15 14:29:46,Bill Payment,Groceries,26.74,9713.47,9686.73,N/A,POS Terminal,UAE,1.6,57,Male,49,0,0
TXN000449,CUST00894,2024-04-16 10:09:09,Online Purchase,Online Services,306.67,2018.03,2056.03,No,POS Terminal,UAE,1.0,76,Female,154,0,0
TXN000450,CUST00665,2024-04-16 14:23:42,Bill Payment,Groceries,30.77,1519.51,1488.74,N/A,ATM Machine,Pakistan,27.3,84,Female,143,0,0
TXN000451,CUST00819,2024-04-16 17:52:52,POS Purchase,Electronics,44.94,2655.47,2610.53,Yes,Mobile App,United Kingdom,0.1,82,Male,17,0,0
TXN000452,CUST00792,2024-04-16 20:10:43,Bank Transfer,Electronics,160.02,2282.65,2122.63,N/A,Web Browser,United States,15.0,50,Male,160,0,0
TXN000453,CUST01120,2024-04-16 20:14:47,Bank Transfer,Travel,191.31,338.71,147.4,N/A,Mobile App,United Kingdom,9.2,25,Female,74,0,0
TXN000454,CUST00114,2024-04-17 06:48:28,POS Purchase,Electronics,12.09,13711.19,13699.1,Yes,ATM Machine,United Kingdom,10.3,54,Male,18,0,0
TXN000455,CUST01690,2024-04-17 08:56:41,Bill Payment,Online Services,94.06,1130.22,1036.16,N/A,Mobile App,United Kingdom,1.2,25,Male,108,0,0
TXN000456,CUST01728,2024-04-17 10:31:46,ATM Withdrawal,Utilities,202.75,11776.18,11573.43,Yes,Web Browser,Pakistan,12.1,47,Male,133,0,0
TXN000457,CUST00618,2024-04-17 12:22:02,Online Purchase,Groceries,29.74,7466.49,7436.75,No,POS Terminal,Canada,8.1,38,Female,57,0,0
TXN000458,CUST01378,2024-04-17 16:22:36,Bank Transfer,Groceries,126.02,2548.63,2422.61,N/A,Mobile App,Germany,0.5,40,Male,125,0,0
TXN000459,CUST00412,2024-04-18 12:19:10,POS Purchase,Electronics,16.44,5351.59,5335.15,No,Web Browser,UAE,5.2,70,Female,67,0,0
TXN000460,CUST00749,2024-04-18 12:52:57,POS Purchase,Groceries,54.29,5151.8,5097.51,No,Web Browser,Pakistan,15.7,56,Male,133,0,0
TXN000461,CUST01303,2024-04-18 13:42:35,Online Purchase,Groceries,140.8,1233.23,1092.43,Yes,POS Terminal,United Kingdom,5.6,80,Male,30,0,0
TXN000462,CUST00232,2024-04-19 07:54:33,POS Purchase,Utilities,91.1,3816.26,3725.16,Yes,Mobile App,United States,8.8,82,Male,131,0,0
TXN000463,CUST01123,2024-04-19 08:22:50,POS Purchase,Groceries,71.23,15431.96,15360.73,Yes,POS Terminal,United States,1.0,82,Female,88,0,0
TXN000464,CUST01647,2024-04-19 12:51:11,Online Purchase,Fuel,67.44,3790.34,3722.9,Yes,Mobile App,Pakistan,15.6,24,Female,31,0,0
TXN000465,CUST00431,2024-04-19 17:14:53,Online Purchase,Electronics,98.73,2469.86,2371.13,No,Mobile App,United Kingdom,0.5,29,Female,124,0,0
TXN000466,CUST00864,2024-04-19 19:47:09,POS Purchase,Groceries,177.03,5316.92,5611.92,No,Mobile App,India,11.1,57,Male,2,0,0
TXN000467,CUST00726,2024-04-20 13:47:53,POS Purchase,Healthcare,102.21,3847.64,3745.43,No,Mobile App,United Kingdom,12.2,50,Male,147,0,0
TXN000468,CUST00895,2024-04-21 08:27:07,POS Purchase,Fuel,113.49,5306.82,5193.33,No,Mobile App,Pakistan,5.4,63,Male,21,0,0
TXN000469,CUST00940,2024-04-21 09:03:37,Wire Transfer,Entertainment,622.61,3102.83,2480.22,N/A,ATM Machine,Germany,0.4,66,Female,6,0,0
TXN000470,CUST01137,2024-04-21 11:46:30,Online Purchase,Online Services,210.77,2427.44,2216.67,No,Mobile App,United Kingdom,0.8,36,Female,135,0,0
TXN000471,CUST00837,2024-04-21 17:10:35,POS Purchase,Electronics,559.81,14373.05,13813.24,Yes,Mobile App,United Kingdom,28.4,20,Male,80,0,0
TXN000472,CUST00653,2024-04-21 19:29:15,Online Purchase,Fashion & Apparel,176.81,10182.97,10006.16,No,Web Browser,Canada,27.5,24,Male,60,0,0
TXN000473,CUST00497,2024-04-22 10:29:49,Online Purchase,Fuel,170.19,4316.91,4146.72,Yes,ATM Machine,Canada,18.9,20,Female,19,0,0
TXN000474,CUST01002,2024-04-22 10:59:40,ATM Withdrawal,Restaurants,231.03,2205.07,1974.04,No,Mobile App,United States,21.0,67,Female,106,0,0
TXN000475,CUST01282,2024-04-22 14:16:24,Wire Transfer,Jewelry & Luxury,142.18,2602.09,2459.91,N/A,Mobile App,United Kingdom,22.8,71,Male,128,0,0
TXN000476,CUST01411,2024-04-22 15:31:45,POS Purchase,Travel,118.73,4259.09,4140.36,Yes,Web Browser,United Kingdom,17.8,39,Male,33,0,0
TXN000477,CUST00160,2024-04-22 20:05:14,Bank Transfer,Groceries,50.21,5127.62,5077.41,N/A,Mobile App,United States,2.0,83,Female,53,0,0
TXN000478,CUST00826,2024-04-23 13:55:48,Bill Payment,Utilities,75.84,3413.68,3337.84,N/A,ATM Machine,UAE,16.5,74,Male,96,0,0
TXN000479,CUST01067,2024-04-23 16:04:19,ATM Withdrawal,Fuel,41.8,17952.21,17910.41,No,POS Terminal,United Kingdom,6.2,41,Female,33,0,0
TXN000480,CUST00073,2024-04-23 20:12:56,ATM Withdrawal,Entertainment,77.56,11513.17,11435.61,Yes,Web Browser,United States,0.2,27,Male,68,0,0
TXN000481,CUST00018,2024-04-24 01:30:32,Wire Transfer,Entertainment,282.05,3359.11,3077.06,N/A,ATM Machine,Pakistan,118.9,63,Female,107,0,1
TXN000482,CUST01034,2024-04-24 12:35:55,Bill Payment,Fashion & Apparel,207.98,2140.67,1932.69,N/A,Mobile App,United States,4.9,42,Female,65,0,0
TXN000483,CUST00575,2024-04-24 16:30:37,POS Purchase,Travel,14.14,16135.08,16120.94,Yes,Web Browser,United States,16.2,27,Female,156,0,0
TXN000484,CUST00546,2024-04-25 08:36:49,Online Purchase,Home Improvement,22.18,1451.12,1428.94,No,Mobile App,Pakistan,,20,Male,145,0,0
TXN000485,CUST00600,2024-04-25 13:43:43,Bank Transfer,Groceries,295.63,2177.9,1882.27,N/A,Mobile App,United States,6.8,76,Female,159,0,0
TXN000486,CUST01307,2024-04-25 14:30:43,Online Purchase,Restaurants,65.61,3405.17,3515.17,Yes,Mobile App,UAE,0.1,56,Female,102,0,0
TXN000487,CUST00997,2024-04-25 15:24:05,POS Purchase,Healthcare,190.62,16266.01,16075.39,No,ATM Machine,UAE,1.7,83,Female,53,0,0
TXN000488,CUST00489,2024-04-25 15:38:51,ATM Withdrawal,Groceries,370.04,5606.59,5236.55,No,Web Browser,Pakistan,16.2,27,Male,50,0,0
TXN000489,CUST00040,2024-04-26 01:47:23,Online Purchase,Jewelry & Luxury,1447.54,10588.69,9141.15,No,ATM Machine,United States,81.1,20,Female,44,1,1
TXN000490,CUST01497,2024-04-26 08:32:50,ATM Withdrawal,Fuel,50.67,11900.41,11849.74,Yes,Mobile App,United Kingdom,25.8,68,Female,70,0,0
TXN000491,CUST00890,2024-04-26 11:14:07,Online Purchase,Entertainment,74.41,1275.13,1200.72,Yes,Mobile App,United States,7.5,79,Female,25,0,0
TXN000492,CUST00569,2024-04-26 14:06:26,POS Purchase,Utilities,118.1,2806.85,2688.75,Yes,Web Browser,Canada,6.9,64,Female,92,0,0
TXN000493,CUST00690,2024-04-26 17:51:55,ATM Withdrawal,Fashion & Apparel,178.65,2363.44,2184.79,No,Mobile App,United Kingdom,8.2,82,Female,154,0,0
TXN000494,CUST00722,2024-04-27 09:44:07,POS Purchase,Electronics,370.86,12350.76,11979.9,No,POS Terminal,Germany,45.2,31,Female,129,0,0
TXN000495,CUST01473,2024-04-27 23:12:42,POS Purchase,Entertainment,84.89,4975.27,5040.27,Yes,Web Browser,UAE,8.1,75,Female,55,0,0
TXN000496,CUST00099,2024-04-28 07:19:54,POS Purchase,Healthcare,129.09,20042.16,19913.07,No,Mobile App,Australia,1.6,30,Male,141,1,0
TXN000497,CUST01255,2024-04-28 10:02:05,ATM Withdrawal,Entertainment,478.74,20558.94,20080.2,Yes,Mobile App,United Kingdom,5.0,56,Male,63,0,0
TXN000498,CUST00171,2024-04-29 08:46:21,Online Purchase,Online Services,52.78,6385.2,6332.42,Yes,Mobile App,UAE,8.7,82,Male,60,0,0
TXN000499,CUST00910,2024-04-29 08:46:41,Wire Transfer,Utilities,138.38,24199.52,24061.14,N/A,Web Browser,Germany,20.3,19,Other,35,0,0
TXN000500,CUST00914,2024-04-29 19:10:11,Online Purchase,Restaurants,156.11,8075.95,7919.84,No,Web Browser,Pakistan,6.7,62,Female,12,0,0
TXN000501,CUST01131,2024-04-29 19:35:00,POS Purchase,Electronics,244.93,2927.55,2682.62,No,Web Browser,Canada,4.3,37,Female,136,0,0
TXN000502,CUST00034,2024-04-30 00:41:43,Bill Payment,Utilities,33.13,3806.48,3773.35,N/A,POS Terminal,United Kingdom,5.1,18,Other,76,0,0
TXN000503,CUST01323,2024-04-30 07:28:15,POS Purchase,Fashion & Apparel,154.68,5931.91,5777.23,No,ATM Machine,Canada,0.3,58,Female,153,0,0
TXN000504,CUST00005,2024-04-30 08:07:18,POS Purchase,Electronics,172.44,1151.6,979.16,Yes,Mobile App,Canada,9.5,54,Female,86,0,0
TXN000505,CUST01502,2024-04-30 08:30:22,ATM Withdrawal,Fashion & Apparel,61.41,1502.57,1441.16,No,Web Browser,United States,59.1,46,Female,159,0,0
TXN000506,CUST00886,2024-04-30 14:25:00,POS Purchase,Entertainment,70.09,2491.4,2421.31,Yes,Mobile App,United Kingdom,2.4,31,Male,143,0,0
TXN000507,CUST00177,2024-04-30 15:36:53,Bill Payment,Fuel,474.6,3063.83,2589.23,N/A,Web Browser,United States,0.1,67,Female,122,0,0
TXN000508,CUST00014,2024-04-30 19:20:13,Online Purchase,Fashion & Apparel,84.56,4872.02,4787.46,Yes,ATM Machine,United Kingdom,12.5,39,Male,18,0,0
TXN000509,CUST00593,2024-04-30 20:02:19,POS Purchase,Utilities,138.02,1335.8,1197.78,Yes,Mobile App,Pakistan,4.6,73,Male,47,0,0
TXN000510,CUST01498,2024-04-30 20:36:01,ATM Withdrawal,Electronics,104.57,2017.85,1913.28,No,Mobile App,United States,7.1,53,Male,6,0,0
TXN000511,CUST00813,2024-04-30 23:10:47,POS Purchase,Home Improvement,47.66,3053.44,3005.78,No,POS Terminal,United Kingdom,6.8,39,Female,103,0,0
TXN000512,CUST00064,2024-05-01 06:06:43,POS Purchase,Groceries,100.21,2123.05,2236.05,Yes,Web Browser,Germany,9.3,62,Other,128,0,0
TXN000513,CUST00900,2024-05-01 15:46:28,Wire Transfer,Online Services,146.48,3372.53,3226.05,N/A,Mobile App,United Kingdom,4.2,43,Female,48,0,0
TXN000514,CUST00108,2024-05-01 17:30:41,ATM Withdrawal,Entertainment,132.11,3155.07,3022.96,No,Mobile App,Canada,0.8,33,Male,156,0,0
TXN000515,CUST00674,2024-05-01 17:40:43,ATM Withdrawal,Entertainment,369.16,7304.07,6934.91,No,Web Browser,Canada,2.0,74,Male,108,0,0
TXN000516,CUST01492,2024-05-01 17:41:48,Online Purchase,Online Services,1239.44,21231.13,19991.69,No,Web Browser,Germany,5.4,52,Female,179,1,0
TXN000517,CUST00363,2024-05-01 18:50:52,POS Purchase,Groceries,164.16,5406.56,5758.56,Yes,POS Terminal,Pakistan,2.6,22,Male,26,0,0
TXN000518,CUST01706,2024-05-03 08:48:08,Online Purchase,Groceries,54.66,10044.46,9989.8,No,Mobile App,United Kingdom,1.5,75,Female,28,0,0
TXN000519,CUST00417,2024-05-03 12:01:05,Online Purchase,Entertainment,321.94,9988.19,9666.25,Yes,POS Terminal,Pakistan,3.0,53,Other,170,1,0
TXN000520,CUST01279,2024-05-03 16:52:48,ATM Withdrawal,Fashion & Apparel,132.96,7816.48,7683.52,No,Web Browser,United States,0.7,35,Female,148,0,0
TXN000521,CUST00637,2024-05-03 17:29:17,POS Purchase,Entertainment,160.17,1612.95,1452.78,No,Web Browser,United Kingdom,5.0,28,Male,2,0,0
TXN000522,CUST00405,2024-05-04 09:31:13,Bill Payment,Restaurants,219.15,5836.41,5617.26,N/A,POS Terminal,United Kingdom,4.2,35,Female,34,0,0
TXN000523,CUST00693,2024-05-04 13:01:33,POS Purchase,Fuel,197.84,894.55,696.71,Yes,POS Terminal,United States,12.1,20,Male,3,0,0
TXN000524,CUST00582,2024-05-05 07:01:34,POS Purchase,Healthcare,363.88,5058.98,4695.1,No,Web Browser,United Kingdom,4.7,61,Female,119,0,0
TXN000525,CUST00033,2024-05-05 12:07:03,Online Purchase,Healthcare,226.87,2273.35,2046.48,No,Mobile App,United States,33.1,58,Male,49,0,0
TXN000526,CUST00354,2024-05-05 12:07:55,ATM Withdrawal,Fuel,19.93,818.02,798.09,Yes,Mobile App,Germany,10.2,35,Female,118,0,0
TXN000527,CUST01583,2024-05-05 17:47:54,Online Purchase,Travel,168.41,2130.96,1962.55,Yes,Mobile App,Pakistan,9.3,72,Male,122,0,0
TXN000528,CUST00349,2024-05-05 19:35:11,ATM Withdrawal,Entertainment,108.12,7664.61,7556.49,Yes,Web Browser,United Kingdom,14.0,85,Male,15,0,0
TXN000529,CUST01344,2024-05-05 20:07:13,POS Purchase,Fuel,174.02,1098.91,924.89,Yes,Mobile App,Canada,5.7,51,Female,2,0,0
TXN000530,CUST00019,2024-05-05 20:46:59,Online Purchase,Electronics,1548.41,2322.81,774.4,No,Web Browser,United Kingdom,334.3,73,Male,5,0,1
TXN000531,CUST00164,2024-05-06 10:09:46,ATM Withdrawal,Groceries,206.89,5402.6,5195.71,Yes,Web Browser,Canada,1.0,67,Male,73,0,0
TXN000532,CUST00565,2024-05-06 11:37:16,POS Purchase,Utilities,526.76,1792.72,2271.72,Yes,POS Terminal,United States,0.6,29,Male,168,0,0
TXN000533,CUST00048,2024-05-06 11:46:37,POS Purchase,Restaurants,112.88,4243.1,4130.22,Yes,ATM Machine,United Kingdom,4.1,54,Male,105,0,0
TXN000534,CUST01501,2024-05-06 13:54:16,POS Purchase,Online Services,137.39,3757.23,3619.84,No,Mobile App,Germany,10.2,31,Male,110,0,0
TXN000535,CUST00389,2024-05-07 09:00:15,Online Purchase,Electronics,146.31,4327.5,4181.19,Yes,Web Browser,Australia,7.8,43,Male,35,0,0
TXN000536,CUST00295,2024-05-07 23:51:21,Online Purchase,Healthcare,346.6,1159.55,812.95,No,Web Browser,Australia,29.3,74,Female,82,0,0
TXN000537,CUST01341,2024-05-08 09:24:16,POS Purchase,Travel,120.64,1174.81,1054.17,Yes,Web Browser,India,7.7,70,Male,158,0,0
TXN000538,CUST00727,2024-05-08 12:56:34,Bank Transfer,Entertainment,144.54,1699.95,1555.41,N/A,POS Terminal,India,5.7,28,Female,99,0,0
TXN000539,CUST00365,2024-05-08 15:48:38,Bank Transfer,Groceries,77.05,5375.92,5298.87,N/A,Mobile App,United Kingdom,1.5,28,Male,58,0,0
TXN000540,CUST00298,2024-05-08 18:28:10,POS Purchase,Fuel,169.12,2592.87,2423.75,Yes,Web Browser,Canada,1.9,81,Female,86,0,0
TXN000541,CUST00944,2024-05-08 19:26:06,POS Purchase,Online Services,35.34,7407.32,7371.98,Yes,Web Browser,United States,10.6,63,Female,50,0,0
TXN000542,CUST00627,2024-05-08 20:41:59,POS Purchase,Utilities,46.76,1231.76,1185.0,Yes,Mobile App,Pakistan,1.2,79,Male,22,0,0
TXN000543,CUST00569,2024-05-09 06:50:49,Online Purchase,Fashion & Apparel,143.42,1915.02,1771.6,Yes,Mobile App,UAE,4.1,70,Female,16,0,0
TXN000544,CUST01466,2024-05-09 09:34:15,POS Purchase,Restaurants,1236.62,3287.92,2051.3,Yes,Web Browser,United Kingdom,2.4,66,Male,6,0,0
TXN000545,CUST00741,2024-05-09 19:01:25,Bill Payment,Groceries,48.39,7688.37,7639.98,N/A,Mobile App,Pakistan,10.0,18,Female,43,0,0
TXN000546,CUST01613,2024-05-09 20:48:50,POS Purchase,Entertainment,91.93,1195.58,1103.65,Yes,POS Terminal,United States,6.8,74,Female,72,0,0
TXN000547,CUST00029,2024-05-10 01:26:49,ATM Withdrawal,Electronics,159.01,3523.43,3364.42,No,Mobile App,Canada,80.9,20,Female,72,3,1
TXN000548,CUST01018,2024-05-10 15:49:48,ATM Withdrawal,Healthcare,745.85,634.26,-111.59,Yes,Mobile App,UAE,26.9,79,Male,36,0,0
TXN000549,CUST00366,2024-05-11 12:02:32,Online Purchase,Groceries,141.65,19133.89,18992.24,No,Web Browser,Australia,6.9,74,Male,31,0,0
TXN000550,CUST00627,2024-05-11 17:00:03,Wire Transfer,Entertainment,71.68,4862.64,4790.96,N/A,POS Terminal,India,23.1,63,Male,116,0,0
TXN000551,CUST00210,2024-05-11 19:36:10,ATM Withdrawal,Restaurants,65.02,2700.3,2635.28,Yes,Mobile App,United States,12.3,78,Male,149,0,0
TXN000552,CUST01011,2024-05-12 10:38:06,Bill Payment,Electronics,41.66,3355.05,3313.39,N/A,POS Terminal,Germany,6.4,23,Male,88,0,0
TXN000553,CUST00994,2024-05-12 14:05:33,Wire Transfer,Groceries,92.33,3835.15,3742.82,N/A,POS Terminal,United States,0.7,33,Male,91,0,0
TXN000554,CUST00034,2024-05-12 16:01:35,ATM Withdrawal,Home Improvement,4259.3,1281.04,-2978.26,Yes,Mobile App,Pakistan,95.1,82,Female,25,0,1
TXN000555,CUST00289,2024-05-12 19:22:59,POS Purchase,Travel,223.94,4326.76,4102.82,Yes,Web Browser,United States,17.6,58,Female,152,0,0
TXN000556,CUST00402,2024-05-12 20:50:36,ATM Withdrawal,Entertainment,202.82,7250.64,7047.82,Yes,ATM Machine,UAE,5.2,21,Male,66,0,0
TXN000557,CUST01334,2024-05-13 06:33:18,Bank Transfer,Restaurants,252.52,2694.98,2442.46,N/A,Mobile App,UAE,14.3,76,Female,113,0,0
TXN000558,CUST00948,2024-05-13 15:34:37,Online Purchase,Restaurants,244.19,540.76,296.57,Yes,Web Browser,Germany,21.2,78,Female,156,0,0
TXN000559,CUST01617,2024-05-13 23:46:45,POS Purchase,Healthcare,187.25,2079.86,1892.61,No,Web Browser,Canada,22.6,29,Female,96,0,0
TXN000560,CUST00141,2024-05-14 07:50:26,Online Purchase,Entertainment,39.77,1257.91,1218.14,No,POS Terminal,United Kingdom,20.8,76,Male,141,0,0
TXN000561,CUST00533,2024-05-14 19:23:59,Wire Transfer,Online Services,31.69,14041.85,14010.16,N/A,POS Terminal,India,16.8,55,Female,177,0,0
TXN000562,CUST00037,2024-05-14 20:01:34,Online Purchase,Fashion & Apparel,84.28,6250.44,6166.16,No,Mobile App,United Kingdom,29.6,84,Male,140,0,0
TXN000563,CUST00031,2024-05-14 21:11:36,Bank Transfer,Groceries,302.69,9199.7,8897.01,N/A,POS Terminal,India,22.6,77,Female,14,0,0
TXN000564,CUST01172,2024-05-15 07:28:59,Online Purchase,Utilities,27.73,328.69,300.96,Yes,Mobile App,United Kingdom,5.4,34,Female,117,0,0
TXN000565,CUST01069,2024-05-15 08:36:54,Bank Transfer,Online Services,393.59,752.0,358.41,N/A,Mobile App,United Kingdom,11.7,40,Female,68,0,0
TXN000566,CUST00239,2024-05-15 10:31:41,POS Purchase,Fashion & Apparel,17.8,4000.59,3982.79,Yes,POS Terminal,India,38.0,65,Male,98,0,0
TXN000567,CUST01568,2024-05-15 14:19:01,POS Purchase,Fashion & Apparel,373.18,1283.67,910.49,Yes,Mobile App,United Kingdom,11.4,77,Other,148,0,0
TXN000568,CUST00913,2024-05-15 19:36:13,Online Purchase,Entertainment,-30.75,8777.99,8747.24,No,Mobile App,United Kingdom,8.2,18,Male,93,0,0
TXN000569,CUST00743,2024-05-16 18:48:25,Online Purchase,Groceries,18.7,26570.62,26551.92,Yes,Mobile App,United Kingdom,1.7,78,Female,108,0,0
TXN000570,CUST00918,2024-05-17 08:19:55,POS Purchase,Groceries,153.39,2496.64,2343.25,No,ATM Machine,India,32.8,33,Female,57,1,0
TXN000571,CUST01396,2024-05-17 12:46:54,Online Purchase,Fuel,48.95,597.61,548.66,Yes,Web Browser,Canada,11.4,26,Female,94,0,0
TXN000572,CUST00005,2024-05-18 03:58:46,POS Purchase,Groceries,454.73,7009.48,7486.48,No,Web Browser,United States,89.7,62,Female,26,0,1
TXN000573,CUST00693,2024-05-18 08:41:43,POS Purchase,Groceries,381.79,7667.7,7285.91,Yes,Mobile App,Canada,12.7,59,Male,172,0,0
TXN000574,CUST00354,2024-05-18 15:55:10,Online Purchase,Fashion & Apparel,89.65,6070.07,5980.42,Yes,Mobile App,Australia,18.2,47,Male,30,0,0
TXN000575,CUST00413,2024-05-19 10:00:59,Wire Transfer,Fashion & Apparel,66.12,7582.88,7516.76,N/A,Mobile App,India,0.1,42,Female,39,0,0
TXN000576,CUST01213,2024-05-19 10:29:58,POS Purchase,Utilities,119.53,1408.51,1288.98,No,Mobile App,United States,34.4,34,Male,142,0,0
TXN000577,CUST00446,2024-05-19 16:46:10,Bill Payment,Electronics,521.1,1918.81,1397.71,N/A,Mobile App,Pakistan,15.9,36,Male,10,0,0
TXN000578,CUST00053,2024-05-19 18:50:38,Online Purchase,Healthcare,66.32,5842.29,5775.97,Yes,Mobile App,UAE,15.7,22,Other,116,0,0
TXN000579,CUST01188,2024-05-21 09:47:17,POS Purchase,Home Improvement,213.34,840.7,627.36,Yes,Mobile App,United Kingdom,14.2,76,Male,123,0,0
TXN000580,CUST00622,2024-05-21 10:25:56,Bill Payment,Fuel,131.68,4857.32,4725.64,N/A,Mobile App,United States,8.7,39,Male,5,0,0
TXN000581,CUST00533,2024-05-21 16:43:13,ATM Withdrawal,Jewelry & Luxury,39.87,12744.99,12705.12,No,Web Browser,Australia,10.3,27,Female,30,0,0
TXN000582,CUST01644,2024-05-21 18:29:48,Wire Transfer,Fashion & Apparel,38.92,784.75,745.83,N/A,ATM Machine,Canada,12.3,82,Male,64,0,0
TXN000583,CUST00027,2024-05-22 19:04:28,POS Purchase,Entertainment,107.15,1406.42,1299.27,Yes,Mobile App,Germany,1.0,76,Female,105,0,0
TXN000584,CUST00904,2024-05-22 20:03:03,ATM Withdrawal,Online Services,134.72,2400.16,2265.44,No,Mobile App,Canada,3.4,21,Male,74,0,0
TXN000585,CUST00272,2024-05-23 16:57:09,POS Purchase,Utilities,53.18,1972.64,1919.46,No,Mobile App,Pakistan,,41,Female,53,0,0
TXN000586,CUST01050,2024-05-24 09:20:46,Online Purchase,Online Services,288.76,10810.09,10521.33,Yes,Web Browser,Australia,6.5,63,Female,87,0,0
TXN000587,CUST00303,2024-05-24 11:40:57,Online Purchase,Restaurants,143.44,1043.67,900.23,Yes,Web Browser,Australia,2.9,74,Male,18,0,0
TXN000588,CUST01455,2024-05-24 13:36:20,Bank Transfer,Healthcare,324.46,2072.28,1747.82,N/A,Web Browser,United States,2.0,25,Female,104,0,0
TXN000589,CUST01304,2024-05-24 13:50:24,Bank Transfer,Online Services,182.6,6775.38,6592.78,N/A,Web Browser,United Kingdom,23.6,50,Female,127,0,0
TXN000590,CUST01708,2024-05-24 16:47:04,Bill Payment,Utilities,238.18,1181.77,943.59,N/A,Mobile App,United Kingdom,18.8,55,Female,27,0,0
TXN000591,CUST01542,2024-05-24 19:55:59,Online Purchase,Travel,94.96,12054.73,11959.77,No,POS Terminal,Germany,19.6,63,Female,57,0,0
TXN000592,CUST01182,2024-05-25 10:57:53,ATM Withdrawal,Healthcare,270.19,573.96,303.77,Yes,Web Browser,United Kingdom,11.5,70,Female,112,0,0
TXN000593,CUST00255,2024-05-25 12:04:13,Bank Transfer,Online Services,124.29,9678.53,9554.24,N/A,ATM Machine,Pakistan,9.5,58,Male,14,0,0
TXN000594,CUST00125,2024-05-25 16:21:22,Online Purchase,Groceries,277.63,893.46,615.83,No,Mobile App,United Kingdom,22.3,22,Female,38,0,0
TXN000595,CUST01476,2024-05-25 16:39:21,Wire Transfer,Utilities,129.39,8669.82,8540.43,N/A,Web Browser,Pakistan,29.0,37,Male,164,0,0
TXN000596,CUST01526,2024-05-25 19:14:33,Online Purchase,Fuel,194.87,11995.63,11800.76,Yes,Web Browser,United Kingdom,0.9,23,Female,115,0,0
TXN000597,CUST01310,2024-05-25 19:39:48,Online Purchase,Fashion & Apparel,191.65,5695.46,5924.46,No,Web Browser,Germany,7.1,74,Female,165,0,0
TXN000598,CUST00661,2024-05-25 22:04:52,POS Purchase,Utilities,23.95,6573.88,6549.93,Yes,Web Browser,Germany,6.7,63,Male,73,0,0
TXN000599,CUST00819,2024-05-26 11:31:47,POS Purchase,Restaurants,91.74,10758.06,10666.32,No,Mobile App,United Kingdom,19.3,66,Female,166,0,0
TXN000600,CUST01431,2024-05-26 12:19:55,Online Purchase,Fashion & Apparel,52.49,6152.84,6100.35,No,Web Browser,United Kingdom,3.3,51,Female,151,0,0
TXN000601,CUST01016,2024-05-26 14:56:10,Online Purchase,Healthcare,21.88,2587.03,2565.15,Yes,Web Browser,India,11.4,62,Male,68,0,0
TXN000602,CUST01702,2024-05-26 20:18:17,POS Purchase,Groceries,23.46,1665.94,1642.48,No,POS Terminal,United Kingdom,8.4,28,Male,26,0,0
TXN000603,CUST01388,2024-05-26 23:32:32,Online Purchase,Healthcare,96.72,25396.8,25681.8,No,Mobile App,UAE,13.8,33,Male,82,0,0
TXN000604,CUST00329,2024-05-27 08:53:18,ATM Withdrawal,Entertainment,171.23,10434.07,10262.84,Yes,Web Browser,United Kingdom,9.3,43,Female,100,0,0
TXN000605,CUST00430,2024-05-27 10:52:21,ATM Withdrawal,Groceries,-124.33,2671.84,2547.51,No,Mobile App,UAE,17.0,35,Male,100,0,0
TXN000606,CUST00348,2024-05-27 13:27:38,Online Purchase,Groceries,70.53,1342.66,1272.13,Yes,POS Terminal,Canada,5.2,80,Female,94,0,0
TXN000607,CUST00100,2024-05-27 22:51:09,Bill Payment,Fuel,73.14,5587.85,5514.71,N/A,POS Terminal,India,3.9,21,Male,78,0,0
TXN000608,CUST01717,2024-05-28 06:31:23,Online Purchase,Groceries,149.23,5810.53,5661.3,No,Mobile App,United Kingdom,13.0,85,Female,13,0,0
TXN000609,CUST01033,2024-05-28 08:27:44,Online Purchase,Online Services,175.14,4106.74,4325.74,Yes,Web Browser,Canada,24.0,64,Male,48,0,0
TXN000610,CUST00932,2024-05-28 17:37:32,Bank Transfer,Restaurants,98.21,14496.66,14398.45,N/A,Mobile App,United Kingdom,15.4,41,Female,61,0,0
TXN000611,CUST00033,2024-05-28 21:28:37,Online Purchase,Travel,25000.0,3842.09,-21157.91,No,Web Browser,United States,109.1,46,Male,19,0,1
TXN000612,CUST00363,2024-05-29 18:29:57,Bank Transfer,Restaurants,141.13,5515.0,5373.87,N/A,POS Terminal,United Kingdom,25.5,32,Male,174,0,0
TXN000613,CUST00600,2024-05-29 19:20:54,POS Purchase,Groceries,348.32,2663.45,2315.13,No,POS Terminal,United Kingdom,2.0,53,Female,109,0,0
TXN000614,CUST00400,2024-05-29 19:46:11,Bill Payment,Fuel,90.91,13373.65,13282.74,N/A,POS Terminal,United States,3.2,19,Female,58,0,0
TXN000615,CUST01126,2024-05-29 20:19:51,POS Purchase,Groceries,67.0,660.78,1026.78,Yes,Web Browser,United Kingdom,14.4,82,Male,76,0,0
TXN000616,CUST00020,2024-05-29 22:28:12,POS Purchase,Groceries,155.42,172.96,523.96,Yes,Web Browser,United Kingdom,1.2,31,Other,101,0,0
TXN000617,CUST00005,2024-05-30 10:39:19,Bill Payment,Fuel,166.51,2099.78,1933.27,N/A,Web Browser,Pakistan,12.0,64,Male,64,0,0
TXN000618,CUST01406,2024-05-30 16:35:35,Online Purchase,Electronics,21.57,23890.33,24251.33,Yes,Mobile App,Pakistan,8.1,75,Female,165,0,0
TXN000619,CUST00334,2024-05-30 16:51:15,Bank Transfer,Groceries,47.76,2349.36,2301.6,N/A,POS Terminal,Germany,20.2,84,Male,1,0,0
TXN000620,CUST01487,2024-05-30 20:48:39,Online Purchase,Groceries,97.0,1772.07,1675.07,No,Mobile App,Canada,20.2,45,Female,108,0,0
TXN000621,CUST00280,2024-05-30 21:01:44,Online Purchase,Fashion & Apparel,46.61,6353.29,6306.68,Yes,Mobile App,UAE,18.3,80,Other,80,0,0
TXN000622,CUST00719,2024-05-31 08:08:07,POS Purchase,Restaurants,108.14,1454.71,1346.57,No,ATM Machine,United States,3.7,60,Female,11,1,0
TXN000623,CUST00128,2024-05-31 12:53:56,Bill Payment,Online Services,111.62,8067.8,7956.18,N/A,Web Browser,United Kingdom,34.1,42,Male,14,0,0
TXN000624,CUST00239,2024-05-31 14:37:31,ATM Withdrawal,Restaurants,548.66,1556.1,1007.44,Yes,POS Terminal,Canada,1.8,36,Female,166,0,0
TXN000625,CUST00562,2024-05-31 19:58:54,Wire Transfer,Travel,157.59,4906.76,4749.17,N/A,POS Terminal,United Kingdom,20.8,25,Female,46,0,0
TXN000626,CUST01607,2024-06-01 09:56:36,Bill Payment,Fashion & Apparel,482.88,2494.06,2011.18,N/A,POS Terminal,United States,5.5,73,Female,104,0,0
TXN000627,CUST01476,2024-06-01 10:03:00,ATM Withdrawal,Restaurants,30.5,2463.52,2433.02,No,ATM Machine,United Kingdom,0.1,25,Male,24,0,0
TXN000628,CUST01699,2024-06-01 11:52:04,POS Purchase,Restaurants,370.66,6728.9,6358.24,No,Web Browser,Canada,12.9,72,Male,127,0,0
TXN000629,CUST00985,2024-06-01 13:41:39,POS Purchase,Fashion & Apparel,156.54,2926.01,3239.01,Yes,Mobile App,Germany,5.3,61,Female,96,0,0
TXN000630,CUST00309,2024-06-01 16:20:43,Wire Transfer,Fuel,52.82,2956.36,2903.54,N/A,Mobile App,United Kingdom,6.6,82,Other,133,0,0
TXN000631,CUST01363,2024-06-01 18:15:48,POS Purchase,Entertainment,78.06,14789.12,14711.06,No,POS Terminal,Canada,28.7,49,Male,38,0,0
TXN000632,CUST00195,2024-06-01 18:49:59,POS Purchase,Groceries,15.87,6367.38,6351.51,No,Web Browser,United Kingdom,7.6,55,Male,165,1,0
TXN000633,CUST00276,2024-06-01 20:28:40,POS Purchase,Utilities,81.47,3403.72,3322.25,Yes,Web Browser,United Kingdom,0.1,51,Male,133,0,0
TXN000634,CUST01527,2024-06-01 22:49:57,Bank Transfer,Groceries,169.34,2449.54,2280.2,N/A,ATM Machine,United Kingdom,11.0,58,Female,162,0,0
TXN000635,CUST00957,2024-06-02 10:47:02,Online Purchase,Groceries,619.23,793.33,174.1,Yes,Mobile App,Germany,21.4,32,Female,127,0,0
TXN000636,CUST01177,2024-06-02 11:22:55,Bank Transfer,Travel,277.12,6681.65,6404.53,N/A,Mobile App,United Kingdom,4.8,57,Male,108,0,0
TXN000637,CUST01240,2024-06-02 19:02:54,Bill Payment,Fuel,52.6,4215.4,4162.8,N/A,Mobile App,Germany,5.5,36,Male,124,0,0
TXN000638,CUST00762,2024-06-02 19:39:01,Online Purchase,Jewelry & Luxury,81.15,6643.44,6562.29,No,POS Terminal,UAE,41.8,80,Male,114,0,0
TXN000639,CUST00045,2024-06-02 19:50:13,Wire Transfer,Online Services,357.41,886.19,528.78,N/A,ATM Machine,United Kingdom,35.7,57,Female,124,0,0
TXN000640,CUST00951,2024-06-02 20:55:56,Online Purchase,Travel,133.4,5891.81,5758.41,No,Web Browser,UAE,23.9,38,Female,80,0,0
TXN000641,CUST00021,2024-06-02 23:31:38,Bank Transfer,Restaurants,689.93,422.33,-267.6,N/A,ATM Machine,Germany,250.0,48,Female,90,1,1
TXN000642,CUST01276,2024-06-02 23:50:09,Bank Transfer,Online Services,193.66,3476.9,3283.24,N/A,Web Browser,UAE,24.0,84,Male,26,0,0
TXN000643,CUST00649,2024-06-03 09:41:15,Bill Payment,Entertainment,121.27,2786.81,2665.54,N/A,Web Browser,UAE,5.1,46,Male,114,0,0
TXN000644,CUST01406,2024-06-03 16:14:21,Bank Transfer,Groceries,26.96,2744.65,2717.69,N/A,Mobile App,United Kingdom,1.4,42,Female,161,0,0
TXN000645,CUST00638,2024-06-03 18:06:57,POS Purchase,Restaurants,276.1,12865.13,12589.03,No,POS Terminal,United States,18.2,59,Male,59,0,0
TXN000646,CUST00976,2024-06-03 18:10:08,Wire Transfer,Entertainment,490.6,7229.12,6738.52,N/A,POS Terminal,United States,18.9,51,Female,114,0,0
TXN000647,CUST00849,2024-06-04 15:13:02,Wire Transfer,Travel,382.62,5346.37,4963.75,N/A,POS Terminal,United States,5.4,55,Male,23,0,0
TXN000648,CUST01140,2024-06-04 18:18:10,ATM Withdrawal,Entertainment,534.23,1876.77,1342.54,No,POS Terminal,United Kingdom,20.0,21,Male,44,0,0
TXN000649,CUST00536,2024-06-04 19:10:17,ATM Withdrawal,Jewelry & Luxury,120.46,1840.9,1720.44,No,Mobile App,United Kingdom,12.0,24,Female,20,0,0
TXN000650,CUST00220,2024-06-04 19:53:20,Online Purchase,Groceries,216.91,5931.47,5714.56,Yes,POS Terminal,United Kingdom,29.0,69,Female,127,1,0
TXN000651,CUST01255,2024-06-05 17:57:39,POS Purchase,Groceries,49.27,8049.05,7999.78,No,Mobile App,Canada,8.5,49,Male,159,0,0
TXN000652,CUST01195,2024-06-06 19:43:42,Bill Payment,Online Services,18.9,2053.05,2034.15,N/A,POS Terminal,United Kingdom,0.3,43,Male,104,0,0
TXN000653,CUST01330,2024-06-06 20:18:31,Online Purchase,Utilities,286.49,2420.39,2133.9,No,ATM Machine,UAE,8.7,67,Female,142,0,0
TXN000654,CUST01289,2024-06-07 06:18:13,Bank Transfer,Utilities,93.12,3922.28,3829.16,N/A,Mobile App,United Kingdom,8.8,27,Male,63,0,0
TXN000655,CUST00797,2024-06-07 12:43:48,Online Purchase,Home Improvement,145.74,2516.07,2370.33,No,Mobile App,United Kingdom,6.3,69,Female,58,0,0
TXN000656,CUST00317,2024-06-07 20:16:38,Online Purchase,Entertainment,128.07,13821.88,13693.81,Yes,ATM Machine,Pakistan,11.3,53,Female,11,0,0
TXN000657,CUST00712,2024-06-08 12:24:01,Wire Transfer,Fashion & Apparel,122.24,1244.84,1122.6,N/A,POS Terminal,United Kingdom,20.9,84,Female,91,0,0
TXN000658,CUST00858,2024-06-08 14:14:21,Online Purchase,Groceries,116.12,478.77,362.65,Yes,POS Terminal,United States,13.6,74,Other,26,0,0
TXN000659,CUST01065,2024-06-08 15:54:09,POS Purchase,Electronics,78.07,30543.78,30465.71,Yes,POS Terminal,United States,7.0,67,Female,137,0,0
TXN000660,CUST00792,2024-06-08 22:40:46,Online Purchase,Fashion & Apparel,168.01,11890.12,11722.11,No,Web Browser,Pakistan,4.6,44,Female,85,0,0
TXN000661,CUST01382,2024-06-09 12:43:41,POS Purchase,Utilities,497.03,2148.59,1651.56,No,POS Terminal,United Kingdom,24.6,24,Female,50,0,0
TXN000662,CUST01348,2024-06-09 13:03:04,POS Purchase,Electronics,195.52,5144.64,4949.12,No,Web Browser,Pakistan,8.9,84,Male,87,0,0
TXN000663,CUST00836,2024-06-09 17:10:18,POS Purchase,Online Services,82.4,669.4,587.0,No,POS Terminal,United Kingdom,29.4,52,Male,36,1,0
TXN000664,CUST00146,2024-06-09 20:01:40,ATM Withdrawal,Online Services,153.74,2108.77,1955.03,Yes,POS Terminal,United Kingdom,10.9,19,Female,87,0,0
TXN000665,CUST00030,2024-06-10 06:41:05,ATM Withdrawal,Travel,8697.52,1149.63,-7547.89,Yes,Web Browser,UAE,374.4,33,Female,92,2,1
TXN000666,CUST01263,2024-06-10 14:21:32,POS Purchase,Electronics,113.26,10263.38,10150.12,Yes,Web Browser,Canada,0.9,77,Male,29,0,0
TXN000667,CUST00541,2024-06-10 16:57:16,POS Purchase,Online Services,61.89,1400.62,1338.73,Yes,Web Browser,United States,0.8,80,Male,107,1,0
TXN000668,CUST00787,2024-06-11 04:28:56,Bank Transfer,Utilities,38.23,5810.8,5772.57,N/A,Web Browser,Canada,16.9,50,Female,10,0,0
TXN000669,CUST01143,2024-06-11 15:55:18,Online Purchase,Healthcare,119.83,3184.08,3064.25,No,POS Terminal,Germany,20.1,53,Female,72,1,0
TXN000670,CUST00441,2024-06-11 17:08:56,POS Purchase,Restaurants,336.21,4176.48,3840.27,No,Mobile App,Australia,1.9,41,Female,74,0,0
TXN000671,CUST00069,2024-06-11 18:17:10,Online Purchase,Entertainment,267.55,1998.45,1730.9,Yes,Mobile App,United Kingdom,2.7,38,Male,152,0,0
TXN000672,CUST00751,2024-06-11 19:14:52,ATM Withdrawal,Travel,169.16,11857.9,11688.74,No,ATM Machine,UAE,8.8,51,Female,50,0,0
TXN000673,CUST00009,2024-06-12 09:31:54,Wire Transfer,Online Services,928.01,11800.02,10872.01,N/A,Mobile App,United States,489.2,57,Other,60,0,1
TXN000674,CUST00540,2024-06-12 10:58:42,Wire Transfer,Restaurants,78.54,8331.01,8252.47,N/A,Mobile App,UAE,17.2,36,Female,116,0,0
TXN000675,CUST00885,2024-06-12 16:16:27,POS Purchase,Entertainment,132.95,9230.85,9097.9,Yes,Mobile App,United States,2.7,30,Female,63,0,0
TXN000676,CUST00795,2024-06-12 17:17:46,POS Purchase,Restaurants,200.07,2152.76,1952.69,No,Mobile App,UAE,3.6,29,Female,156,0,0
TXN000677,CUST01279,2024-06-12 17:27:16,Bill Payment,Groceries,46.83,2780.92,2734.09,N/A,ATM Machine,Australia,0.0,39,Male,138,0,0
TXN000678,CUST01610,2024-06-12 19:54:59,POS Purchase,Electronics,90.66,25278.33,25187.67,Yes,POS Terminal,Australia,5.5,36,Male,63,0,0
TXN000679,CUST00880,2024-06-13 15:26:38,Bank Transfer,Groceries,51.04,3992.47,3941.43,N/A,ATM Machine,United Kingdom,13.9,22,Male,162,0,0
TXN000680,CUST01379,2024-06-13 15:47:06,ATM Withdrawal,Groceries,136.55,17730.87,17594.32,No,POS Terminal,UAE,10.2,60,Female,152,0,0
TXN000681,CUST01595,2024-06-14 02:50:50,Bill Payment,Travel,108.88,5645.03,5536.15,N/A,POS Terminal,United States,7.5,76,Male,36,0,0
TXN000682,CUST00554,2024-06-14 06:09:31,Bank Transfer,Fashion & Apparel,176.47,20201.58,20025.11,N/A,Mobile App,United States,8.1,75,Male,158,0,0
TXN000683,CUST00586,2024-06-14 06:50:13,ATM Withdrawal,Fashion & Apparel,34.25,6750.97,6716.72,Yes,POS Terminal,United States,7.2,35,Male,111,0,0
TXN000684,CUST01220,2024-06-14 11:20:08,POS Purchase,Electronics,108.53,2431.17,2322.64,Yes,Mobile App,Germany,19.6,62,Female,69,0,0
TXN000685,CUST00835,2024-06-14 13:12:27,POS Purchase,Utilities,365.85,6375.44,6009.59,Yes,Web Browser,United States,,27,Female,50,0,0
TXN000686,CUST00843,2024-06-14 16:46:02,Online Purchase,Electronics,82.09,1242.69,1160.6,Yes,Web Browser,Pakistan,4.6,25,Male,72,0,0
TXN000687,CUST00202,2024-06-15 01:14:59,Bank Transfer,Groceries,62.02,13702.88,13640.86,N/A,POS Terminal,UAE,5.2,36,Male,174,0,0
TXN000688,CUST00259,2024-06-15 10:06:14,Bill Payment,Utilities,125.5,4853.4,4727.9,N/A,Web Browser,United Kingdom,4.6,85,Female,140,1,0
TXN000689,CUST01169,2024-06-15 13:14:08,Online Purchase,Travel,348.62,1671.45,1322.83,Yes,Mobile App,UAE,9.3,58,Male,69,0,0
TXN000690,CUST01666,2024-06-15 23:04:32,Online Purchase,Groceries,612.91,2436.2,1823.29,Yes,ATM Machine,United Kingdom,0.3,48,Female,114,0,0
TXN000691,CUST00980,2024-06-16 08:41:34,Online Purchase,Electronics,52.27,2340.5,2288.23,Yes,Mobile App,United Kingdom,10.9,76,Male,116,0,0
TXN000692,CUST00126,2024-06-16 16:56:23,Bank Transfer,Restaurants,136.79,1405.83,1269.04,N/A,Mobile App,India,2.2,19,Male,37,0,0
TXN000693,CUST00094,2024-06-16 18:19:40,Bill Payment,Restaurants,90.98,3271.43,3180.45,N/A,Mobile App,Pakistan,14.3,62,Male,70,0,0
TXN000694,CUST00246,2024-06-17 14:16:46,Online Purchase,Entertainment,172.18,886.73,714.55,Yes,Web Browser,Germany,0.3,64,Male,134,0,0
TXN000695,CUST01157,2024-06-17 23:57:27,Bank Transfer,Electronics,141.62,4129.68,3988.06,N/A,Web Browser,Germany,6.3,85,Male,165,0,0
TXN000696,CUST01335,2024-06-18 16:59:16,Bank Transfer,Restaurants,172.81,1847.37,1674.56,N/A,POS Terminal,United Kingdom,11.2,42,Male,17,0,0
TXN000697,CUST00228,2024-06-19 09:09:06,Online Purchase,Restaurants,230.57,1949.98,1719.41,No,Mobile App,Canada,14.0,25,Male,6,0,0
TXN000698,CUST01064,2024-06-19 11:27:46,Online Purchase,Groceries,83.5,2874.92,3127.92,No,POS Terminal,United States,25.2,58,Male,172,0,0
TXN000699,CUST00380,2024-06-19 17:07:12,POS Purchase,Home Improvement,96.29,1587.41,1491.12,No,ATM Machine,United States,9.3,84,Female,116,0,0
TXN000700,CUST00471,2024-06-19 20:50:14,Bill Payment,Healthcare,85.9,13655.21,13569.31,N/A,Mobile App,United States,9.7,79,Other,20,0,0
TXN000701,CUST01431,2024-06-20 03:29:47,POS Purchase,Fashion & Apparel,63.13,1325.45,1818.45,Yes,Mobile App,United Kingdom,33.0,31,Male,91,0,0
TXN000702,CUST00302,2024-06-20 07:21:30,POS Purchase,Utilities,177.73,3416.8,3239.07,No,Mobile App,United Kingdom,5.2,64,Male,37,0,0
TXN000703,CUST01035,2024-06-20 17:36:03,Wire Transfer,Online Services,54.06,6963.15,6909.09,N/A,Mobile App,India,0.1,53,Other,114,0,0
TXN000704,CUST00993,2024-06-20 20:50:26,Online Purchase,Fuel,183.34,2448.52,2265.18,No,POS Terminal,Canada,6.5,33,Female,142,0,0
TXN000705,CUST01147,2024-06-21 07:25:07,Online Purchase,Electronics,499.4,3207.79,2708.39,Yes,POS Terminal,United States,0.2,44,Male,155,0,0
TXN000706,CUST00736,2024-06-21 15:36:06,POS Purchase,Healthcare,15.41,801.89,786.48,No,Mobile App,Canada,3.4,74,Male,37,0,0
TXN000707,CUST00692,2024-06-21 16:15:23,Bill Payment,Entertainment,95.63,12633.6,12537.97,N/A,POS Terminal,India,28.1,74,Female,151,0,0
TXN000708,CUST01420,2024-06-22 03:10:15,Bill Payment,Entertainment,10.34,17705.18,17694.84,N/A,ATM Machine,Pakistan,21.7,39,Female,55,0,0
TXN000709,CUST01175,2024-06-22 12:15:03,Bank Transfer,Utilities,349.27,2824.33,2475.06,N/A,Mobile App,United Kingdom,28.6,81,Female,150,0,0
TXN000710,CUST01226,2024-06-22 13:57:14,POS Purchase,Utilities,162.93,4718.03,4555.1,Yes,Web Browser,United Kingdom,0.2,55,Female,102,0,0
TXN000711,CUST00447,2024-06-22 15:28:33,POS Purchase,Restaurants,26.84,4272.61,4245.77,Yes,POS Terminal,Australia,49.0,85,Female,105,0,0
TXN000712,CUST01007,2024-06-23 07:18:51,POS Purchase,Electronics,131.12,5822.36,5691.24,No,POS Terminal,United Kingdom,4.7,40,Male,46,0,0
TXN000713,CUST01364,2024-06-23 09:38:29,Wire Transfer,Fuel,199.6,7863.61,7664.01,N/A,Mobile App,United States,5.2,23,Male,133,0,0
TXN000714,CUST00355,2024-06-23 16:40:28,POS Purchase,Groceries,82.32,6497.02,6414.7,No,Mobile App,Canada,13.2,50,Female,29,0,0
TXN000715,CUST01468,2024-06-23 19:35:44,Bank Transfer,Restaurants,58.18,2260.85,2202.67,N/A,Web Browser,Canada,20.0,80,Male,105,0,0
TXN000716,CUST00304,2024-06-24 04:16:02,ATM Withdrawal,Fuel,108.07,11654.91,11546.84,Yes,POS Terminal,Canada,18.1,40,Female,175,0,0
TXN000717,CUST00413,2024-06-24 09:09:57,Online Purchase,Fashion & Apparel,173.67,3878.23,4283.23,No,Mobile App,United Kingdom,4.6,54,Male,62,0,0
TXN000718,CUST00722,2024-06-24 09:51:12,Wire Transfer,Healthcare,17.03,949.11,932.08,N/A,Mobile App,United Kingdom,5.4,42,Male,155,0,0
TXN000719,CUST00300,2024-06-24 10:57:05,Wire Transfer,Electronics,157.13,2340.7,2183.57,N/A,Web Browser,India,1.4,85,Female,142,0,0
TXN000720,CUST01587,2024-06-24 16:37:24,POS Purchase,Entertainment,385.92,6458.89,6072.97,Yes,POS Terminal,United States,15.8,58,Female,169,0,0
TXN000721,CUST01707,2024-06-24 19:07:15,Bill Payment,Travel,151.95,1313.89,1161.94,N/A,Mobile App,Germany,26.4,85,Male,160,0,0
TXN000722,CUST00032,2024-06-25 01:50:19,Online Purchase,Online Services,2779.69,5311.93,2532.24,No,Web Browser,United Kingdom,125.3,73,Male,46,1,1
TXN000723,CUST01165,2024-06-25 10:19:09,Bank Transfer,Entertainment,131.39,2165.45,2034.06,N/A,Web Browser,UAE,18.6,58,Male,166,0,0
TXN000724,CUST00055,2024-06-25 10:52:25,Online Purchase,Online Services,724.83,12070.48,11345.65,No,Mobile App,UAE,10.1,68,Female,170,0,0
TXN000725,CUST00157,2024-06-25 12:36:22,POS Purchase,Groceries,67.86,2137.47,2069.61,Yes,Mobile App,United States,11.6,30,Male,178,0,0
TXN000726,CUST01207,2024-06-25 13:40:20,POS Purchase,Restaurants,106.17,3700.82,3594.65,No,POS Terminal,Pakistan,49.6,38,Male,87,0,0
TXN000727,CUST01347,2024-06-25 13:59:28,Bill Payment,Online Services,37.91,970.22,932.31,N/A,Web Browser,United States,4.0,73,Female,3,0,0
TXN000728,CUST00269,2024-06-26 13:27:08,Online Purchase,Healthcare,29.72,25819.05,25789.33,Yes,Mobile App,India,12.7,84,Male,133,0,0
TXN000729,CUST00049,2024-06-26 15:52:00,POS Purchase,Entertainment,135.29,1134.47,999.18,No,POS Terminal,United Kingdom,15.4,36,Male,119,0,0
TXN000730,CUST00283,2024-06-26 17:56:21,POS Purchase,Online Services,290.99,16019.0,15728.01,Yes,Web Browser,Australia,20.2,53,Female,150,0,0
TXN000731,CUST00491,2024-06-26 19:07:38,ATM Withdrawal,Travel,40.5,7991.15,7950.65,Yes,Web Browser,United Kingdom,30.4,72,Female,28,0,0
TXN000732,CUST00883,2024-06-27 11:41:20,Online Purchase,Online Services,50.3,2739.68,2689.38,Yes,Web Browser,Canada,17.4,66,Male,21,1,0
TXN000733,CUST01082,2024-06-27 12:53:27,Bill Payment,Healthcare,458.36,3009.43,2551.07,N/A,Mobile App,Pakistan,17.1,85,Male,58,0,0
TXN000734,CUST01421,2024-06-27 15:46:38,Online Purchase,Entertainment,78.82,9584.26,9760.26,Yes,Web Browser,United Kingdom,3.1,70,Female,81,0,0
TXN000735,CUST00153,2024-06-27 16:38:23,POS Purchase,Groceries,129.5,1301.74,1172.24,No,Mobile App,United States,6.3,51,Male,37,1,0
TXN000736,CUST00421,2024-06-27 16:39:00,Online Purchase,Groceries,56.22,4829.51,4773.29,No,Mobile App,United States,31.7,77,Male,110,0,0
TXN000737,CUST00191,2024-06-28 06:36:53,Online Purchase,Fuel,97.52,4129.59,4531.59,No,POS Terminal,Pakistan,30.7,72,Female,158,0,0
TXN000738,CUST00538,2024-06-28 07:33:20,Bill Payment,Groceries,55.89,21610.51,21554.62,N/A,POS Terminal,Pakistan,20.5,39,Female,109,0,0
TXN000739,CUST00988,2024-06-28 15:53:31,ATM Withdrawal,Entertainment,93.0,3899.07,3806.07,Yes,Mobile App,United Kingdom,10.8,54,Male,37,0,0
TXN000740,CUST00379,2024-06-29 07:22:30,Bank Transfer,Groceries,152.11,714.72,562.61,N/A,Web Browser,Australia,9.4,19,Female,10,0,0
TXN000741,CUST01361,2024-06-29 11:03:40,POS Purchase,Groceries,44.8,2536.0,2491.2,Yes,POS Terminal,United Kingdom,0.4,78,Female,102,1,0
TXN000742,CUST01649,2024-06-29 18:26:28,ATM Withdrawal,Fuel,140.53,12216.37,12075.84,Yes,ATM Machine,Canada,8.1,72,Female,175,0,0
TXN000743,CUST01615,2024-06-30 06:01:11,Bill Payment,Restaurants,148.76,1326.51,1177.75,N/A,Mobile App,United States,14.0,34,Female,33,0,0
TXN000744,CUST01237,2024-06-30 06:06:22,Bank Transfer,Fashion & Apparel,80.69,9636.14,9555.45,N/A,POS Terminal,India,16.0,60,Female,94,1,0
TXN000745,CUST00930,2024-06-30 14:30:28,Online Purchase,Travel,110.25,5993.94,5883.69,Yes,POS Terminal,UAE,14.9,48,Male,104,0,0
TXN000746,CUST00798,2024-07-01 06:41:01,Online Purchase,Travel,106.15,3864.94,3758.79,Yes,Web Browser,Australia,7.4,63,Male,159,0,0
TXN000747,CUST00342,2024-07-01 07:38:47,POS Purchase,Electronics,41.63,18840.51,18798.88,No,ATM Machine,United States,3.1,80,Male,159,0,0
TXN000748,CUST00373,2024-07-01 11:06:01,Bank Transfer,Online Services,439.73,8548.13,8108.4,N/A,Mobile App,Canada,15.6,29,Male,75,0,0
TXN000749,CUST00723,2024-07-01 13:29:43,Online Purchase,Fuel,426.0,9851.8,10237.8,Yes,Mobile App,United Kingdom,2.9,81,Female,169,0,0
TXN000750,CUST01530,2024-07-01 20:55:06,ATM Withdrawal,Electronics,40.6,2026.72,1986.12,No,Web Browser,Pakistan,8.5,36,Female,179,0,0
TXN000751,CUST00716,2024-07-02 12:53:47,POS Purchase,Online Services,101.69,1572.88,1471.19,No,Web Browser,Australia,3.1,55,Female,154,0,0
TXN000752,CUST01108,2024-07-02 19:11:17,ATM Withdrawal,Groceries,97.81,2547.88,2450.07,Yes,Web Browser,United States,5.6,34,Female,150,0,0
TXN000753,CUST00177,2024-07-03 17:04:58,Online Purchase,Online Services,250.48,1770.69,1520.21,No,Mobile App,United Kingdom,2.5,76,Male,179,0,0
TXN000754,CUST00843,2024-07-03 23:58:41,Online Purchase,Utilities,86.18,1610.16,1523.98,Yes,Web Browser,United States,7.7,76,Male,85,0,0
TXN000755,CUST01386,2024-07-04 14:34:02,ATM Withdrawal,Electronics,50.28,1053.5,1003.22,No,Mobile App,United Kingdom,3.0,58,Female,99,0,0
TXN000756,CUST00898,2024-07-04 14:52:12,POS Purchase,Online Services,442.38,2204.79,1762.41,No,Web Browser,Pakistan,6.4,61,Male,6,0,0
TXN000757,CUST00740,2024-07-04 18:01:25,POS Purchase,Jewelry & Luxury,91.91,2173.43,2081.52,Yes,Web Browser,UAE,24.8,44,Male,62,0,0
TXN000758,CUST00925,2024-07-04 18:21:26,Online Purchase,Groceries,34.73,2695.36,2660.63,Yes,Web Browser,Pakistan,3.4,78,Female,51,0,0
TXN000759,CUST00759,2024-07-04 19:23:04,Bank Transfer,Restaurants,66.61,5067.81,5001.2,N/A,Mobile App,UAE,0.9,42,Male,24,0,0
TXN000760,CUST01704,2024-07-05 17:08:09,Bill Payment,Entertainment,1319.37,9409.63,8090.26,N/A,POS Terminal,Canada,0.4,82,Female,93,0,0
TXN000761,CUST00362,2024-07-05 17:22:54,Online Purchase,Restaurants,241.09,772.88,531.79,No,POS Terminal,Australia,11.3,75,Female,85,0,0
TXN000762,CUST01563,2024-07-05 22:01:00,POS Purchase,Utilities,126.47,24381.43,24254.96,No,Mobile App,Pakistan,1.1,36,Female,38,0,0
TXN000763,CUST00833,2024-07-06 03:55:50,ATM Withdrawal,Online Services,65.48,4769.12,4703.64,Yes,POS Terminal,United Kingdom,22.4,40,Male,69,0,0
TXN000764,CUST00045,2024-07-07 05:58:36,Online Purchase,Travel,205.65,8993.83,9454.83,Yes,Web Browser,United Kingdom,115.4,78,Female,45,0,1
TXN000765,CUST00806,2024-07-07 09:35:42,POS Purchase,Electronics,46.15,5632.59,5586.44,No,Web Browser,United States,29.9,40,Male,124,1,0
TXN000766,CUST00212,2024-07-07 14:45:52,POS Purchase,Entertainment,276.82,2114.67,1837.85,No,POS Terminal,United Kingdom,0.6,80,Male,162,0,0
TXN000767,CUST00393,2024-07-07 15:59:43,POS Purchase,Restaurants,159.0,1022.91,863.91,No,ATM Machine,Germany,42.3,26,Male,171,0,0
TXN000768,CUST01619,2024-07-07 16:18:24,Online Purchase,Groceries,31.43,4962.0,4930.57,No,Mobile App,United Kingdom,2.3,55,Female,95,0,0
TXN000769,CUST00248,2024-07-07 17:36:14,Bill Payment,Restaurants,275.36,7741.02,7465.66,N/A,Web Browser,Pakistan,10.5,47,Male,99,0,0
TXN000770,CUST01302,2024-07-07 17:58:22,POS Purchase,Entertainment,348.85,5988.45,5639.6,Yes,ATM Machine,Pakistan,26.2,59,Male,80,0,0
TXN000771,CUST01546,2024-07-07 18:50:28,POS Purchase,Entertainment,87.19,1567.11,1479.92,No,ATM Machine,Australia,8.4,64,Female,137,0,0
TXN000772,CUST01247,2024-07-07 20:51:13,Online Purchase,Electronics,178.36,2433.56,2255.2,Yes,Mobile App,Pakistan,13.4,80,Male,87,0,0
TXN000773,CUST00119,2024-07-07 20:55:59,POS Purchase,Groceries,95.12,1477.93,1382.81,Yes,Mobile App,Canada,0.2,72,Male,51,0,0
TXN000774,CUST00253,2024-07-08 14:53:08,ATM Withdrawal,Fuel,44.48,33653.34,33608.86,Yes,POS Terminal,Germany,4.6,34,Male,38,0,0
TXN000775,CUST01532,2024-07-08 21:22:49,POS Purchase,Fashion & Apparel,13.86,2424.99,2411.13,Yes,ATM Machine,United States,38.1,71,Male,18,0,0
TXN000776,CUST01344,2024-07-09 09:24:30,Wire Transfer,Healthcare,167.22,6390.84,6223.62,N/A,Mobile App,UAE,5.8,48,Male,91,0,0
TXN000777,CUST01152,2024-07-09 13:04:52,Online Purchase,Groceries,396.63,2007.88,1611.25,Yes,Web Browser,India,22.7,39,Other,48,0,0
TXN000778,CUST00050,2024-07-10 02:47:48,Bank Transfer,Entertainment,1124.33,12144.58,11020.25,N/A,Mobile App,United States,409.6,84,Female,40,2,1
TXN000779,CUST01636,2024-07-10 10:08:48,Bill Payment,Entertainment,119.71,2773.22,2653.51,N/A,Web Browser,Australia,14.3,46,Male,110,0,0
TXN000780,CUST00996,2024-07-10 12:17:46,Online Purchase,Electronics,183.86,3558.29,3374.43,Yes,POS Terminal,UAE,3.1,72,Male,120,0,0
TXN000781,CUST01414,2024-07-10 15:15:19,POS Purchase,Fashion & Apparel,143.25,1740.88,1597.63,Yes,POS Terminal,Germany,16.4,23,Male,83,0,0
TXN000782,CUST01442,2024-07-10 19:09:46,Bank Transfer,Utilities,318.85,6305.11,5986.26,N/A,ATM Machine,United States,15.4,70,Female,99,0,0
TXN000783,CUST01720,2024-07-10 19:40:07,Online Purchase,Healthcare,69.61,19143.82,19074.21,No,Mobile App,Germany,1.4,57,Female,144,0,0
TXN000784,CUST01356,2024-07-11 11:45:02,Bill Payment,Travel,99.44,6021.39,5921.95,N/A,Web Browser,Germany,7.6,46,Male,153,0,0
TXN000785,CUST00295,2024-07-12 12:09:34,Wire Transfer,Electronics,94.85,6417.62,6322.77,N/A,Web Browser,United Kingdom,45.3,79,Male,155,1,0
TXN000786,CUST00072,2024-07-12 14:22:38,POS Purchase,Travel,633.1,6898.95,6265.85,Yes,POS Terminal,United States,5.4,58,Female,124,0,0
TXN000787,CUST01675,2024-07-12 15:43:53,POS Purchase,Electronics,32.65,2906.74,2874.09,Yes,Mobile App,United Kingdom,23.9,65,Female,127,0,0
TXN000788,CUST00245,2024-07-12 17:31:27,ATM Withdrawal,Entertainment,29.91,2921.38,2891.47,No,Web Browser,Pakistan,3.1,84,Male,18,0,0
TXN000789,CUST01691,2024-07-12 23:50:38,Bill Payment,Online Services,75.46,3712.29,3636.83,N/A,Mobile App,Pakistan,10.1,65,Female,88,0,0
TXN000790,CUST01376,2024-07-13 14:16:38,Online Purchase,Groceries,223.76,2189.11,1965.35,No,Web Browser,United States,7.3,55,Female,176,0,0
TXN000791,CUST01487,2024-07-13 21:05:43,Bill Payment,Travel,74.9,1173.78,1098.88,N/A,POS Terminal,Pakistan,32.6,84,Male,155,0,0
TXN000792,CUST00164,2024-07-14 06:09:50,POS Purchase,Electronics,53.49,3254.61,3201.12,Yes,Mobile App,UAE,14.1,78,Female,18,0,0
TXN000793,CUST00280,2024-07-14 15:57:31,Online Purchase,Groceries,59.49,9597.68,9538.19,No,ATM Machine,United Kingdom,2.2,49,Male,124,0,0
TXN000794,CUST01447,2024-07-14 17:30:31,Bill Payment,Groceries,143.08,4346.92,4203.84,N/A,Mobile App,United Kingdom,11.2,45,Male,6,0,0
TXN000795,CUST01650,2024-07-14 17:32:48,POS Purchase,Fuel,234.45,12589.2,12354.75,Yes,Web Browser,Germany,5.7,31,Male,83,0,0
TXN000796,CUST01387,2024-07-14 21:17:47,POS Purchase,Restaurants,76.3,2997.49,3375.49,Yes,Mobile App,United Kingdom,26.3,18,Female,99,0,0
TXN000797,CUST01089,2024-07-14 23:02:07,Online Purchase,Travel,44.12,996.29,952.17,No,Mobile App,Pakistan,0.2,44,Female,158,0,0
TXN000798,CUST01150,2024-07-15 09:58:41,Online Purchase,Electronics,292.44,2072.67,1780.23,Yes,Mobile App,Canada,1.5,47,Male,175,0,0
TXN000799,CUST00026,2024-07-15 19:05:16,Bill Payment,Groceries,92.69,1732.77,1640.08,N/A,Web Browser,United Kingdom,8.4,57,Female,173,0,0
TXN000800,CUST00108,2024-07-16 07:43:13,Bank Transfer,Fuel,24.19,3124.08,3099.89,N/A,Mobile App,Pakistan,13.1,73,Female,89,0,0
TXN000801,CUST01359,2024-07-16 08:33:24,Bank Transfer,Restaurants,128.06,1260.75,1132.69,N/A,Mobile App,United States,10.0,53,Female,96,0,0
TXN000802,CUST00465,2024-07-16 09:07:02,Bill Payment,Healthcare,53.16,1893.46,1840.3,N/A,Mobile App,United Kingdom,7.0,24,Male,144,0,0
TXN000803,CUST00019,2024-07-16 10:05:55,Wire Transfer,Groceries,284.91,5036.51,4751.6,N/A,Web Browser,Australia,45.7,66,Male,70,0,1
TXN000804,CUST01511,2024-07-16 10:37:55,Bill Payment,Groceries,129.06,4016.33,3887.27,N/A,POS Terminal,United States,9.7,53,Male,145,0,0
TXN000805,CUST00567,2024-07-16 10:41:13,Online Purchase,Groceries,1244.81,1640.32,1702.32,Yes,POS Terminal,United Kingdom,5.0,24,Female,94,0,0
TXN000806,CUST01194,2024-07-16 11:18:38,Online Purchase,Utilities,174.72,2714.68,2539.96,Yes,Mobile App,United Kingdom,10.8,80,Female,163,0,0
TXN000807,CUST01227,2024-07-16 15:22:30,ATM Withdrawal,Travel,238.09,2516.38,2278.29,No,ATM Machine,United States,2.1,65,Male,154,0,0
TXN000808,CUST01610,2024-07-17 15:19:25,POS Purchase,Fashion & Apparel,82.96,6160.69,6077.73,Yes,Web Browser,United Kingdom,64.5,77,Male,158,0,0
TXN000809,CUST00148,2024-07-17 17:49:08,Online Purchase,Jewelry & Luxury,449.17,2325.42,1876.25,No,Web Browser,United Kingdom,7.2,71,Male,167,0,0
TXN000810,CUST00848,2024-07-18 13:56:55,Online Purchase,Restaurants,294.14,38041.22,37747.08,No,POS Terminal,Germany,1.8,78,Female,64,0,0
TXN000811,CUST00329,2024-07-18 20:21:47,POS Purchase,Healthcare,100.08,9724.4,9624.32,No,ATM Machine,UAE,13.3,45,Male,87,0,0
TXN000812,CUST00526,2024-07-19 08:54:51,POS Purchase,Electronics,34.04,9752.17,9718.13,No,Web Browser,United Kingdom,2.1,38,Female,173,0,0
TXN000813,CUST00600,2024-07-19 10:25:38,Online Purchase,Fuel,678.9,18403.46,17724.56,No,Web Browser,United Kingdom,47.3,57,Male,154,0,0
TXN000814,CUST01529,2024-07-20 09:12:41,Wire Transfer,Restaurants,80.49,7695.19,7614.7,N/A,POS Terminal,Australia,27.7,73,Male,113,0,0
TXN000815,CUST00274,2024-07-20 11:19:25,Bill Payment,Groceries,248.83,3909.06,3660.23,N/A,POS Terminal,United Kingdom,76.9,25,Female,70,0,0
TXN000816,CUST00095,2024-07-20 12:47:25,Online Purchase,Fashion & Apparel,165.94,2679.62,2693.62,No,Mobile App,United Kingdom,1.6,73,Female,127,0,0
TXN000817,CUST01668,2024-07-20 13:48:40,Online Purchase,Electronics,104.07,3291.62,3187.55,Yes,POS Terminal,United Kingdom,6.4,22,Male,44,0,0
TXN000818,CUST01531,2024-07-20 14:36:29,Bank Transfer,Online Services,118.31,5006.23,4887.92,N/A,POS Terminal,United States,14.9,46,Female,142,0,0
TXN000819,CUST00852,2024-07-20 15:52:45,POS Purchase,Groceries,104.88,5227.62,5122.74,No,Web Browser,United Kingdom,12.8,37,Male,140,0,0
TXN000820,CUST00935,2024-07-20 16:28:44,Online Purchase,Fashion & Apparel,80.01,4181.56,4101.55,Yes,POS Terminal,Germany,15.5,85,Male,97,0,0
TXN000821,CUST00864,2024-07-20 18:47:04,Online Purchase,Healthcare,101.5,1234.93,1133.43,No,ATM Machine,United States,2.1,69,Male,77,0,0
TXN000822,CUST00168,2024-07-20 22:10:47,ATM Withdrawal,Groceries,126.72,2144.84,2018.12,No,Mobile App,Canada,15.1,21,Female,69,0,0
TXN000823,CUST00592,2024-07-21 07:26:16,POS Purchase,Fuel,55.37,6555.52,6500.15,No,POS Terminal,United States,6.2,38,Male,43,0,0
TXN000824,CUST00149,2024-07-21 09:40:56,POS Purchase,Online Services,74.49,8208.91,8134.42,Yes,Mobile App,Pakistan,14.6,30,Female,64,0,0
TXN000825,CUST01573,2024-07-21 13:40:34,Bill Payment,Fuel,14.75,5765.4,5750.65,N/A,Mobile App,Pakistan,8.6,29,Male,123,0,0
TXN000826,CUST00429,2024-07-21 19:39:43,Online Purchase,Travel,52.16,25687.01,25634.85,No,POS Terminal,Pakistan,3.5,25,Female,156,0,0
TXN000827,CUST01107,2024-07-22 00:24:19,Online Purchase,Groceries,82.31,5498.75,5416.44,No,POS Terminal,United Kingdom,18.3,67,Female,164,0,0
TXN000828,CUST01224,2024-07-22 09:50:26,POS Purchase,Fuel,115.24,2767.56,2948.56,No,ATM Machine,Pakistan,40.4,55,Female,151,0,0
TXN000829,CUST00783,2024-07-22 14:56:38,Online Purchase,Healthcare,263.12,19409.28,19146.16,Yes,POS Terminal,United States,14.4,68,Female,151,1,0
TXN000830,CUST00104,2024-07-22 16:41:06,ATM Withdrawal,Restaurants,72.41,1481.23,1408.82,Yes,Mobile App,Australia,3.9,61,Male,7,0,0
TXN000831,CUST01480,2024-07-22 20:27:28,POS Purchase,Fashion & Apparel,65.68,7442.22,7718.22,No,Web Browser,Canada,2.5,83,Male,63,0,0
TXN000832,CUST00115,2024-07-22 20:48:44,POS Purchase,Utilities,136.71,4765.31,4628.6,No,Mobile App,Australia,26.7,34,Female,46,0,0
TXN000833,CUST00109,2024-07-23 10:24:22,Online Purchase,Fuel,51.48,4664.97,4613.49,No,Mobile App,Pakistan,14.8,77,Female,176,0,0
TXN000834,CUST00457,2024-07-23 10:25:03,Wire Transfer,Fashion & Apparel,186.94,3063.58,2876.64,N/A,Mobile App,Australia,37.0,61,Female,149,0,0
TXN000835,CUST01594,2024-07-23 15:38:04,POS Purchase,Jewelry & Luxury,202.41,501.56,622.56,No,Mobile App,United States,5.6,21,Male,77,0,0
TXN000836,CUST01197,2024-07-24 00:26:26,Online Purchase,Entertainment,75.6,4115.3,4039.7,Yes,ATM Machine,UAE,2.3,75,Male,40,0,0
TXN000837,CUST01326,2024-07-24 06:44:17,Online Purchase,Restaurants,115.24,1722.26,1607.02,Yes,Web Browser,United Kingdom,16.5,68,Male,43,0,0
TXN000838,CUST01174,2024-07-24 10:14:13,POS Purchase,Travel,99.87,4529.34,4429.47,Yes,Web Browser,United Kingdom,1.1,68,Female,112,0,0
TXN000839,CUST00359,2024-07-24 11:37:55,POS Purchase,Groceries,196.86,4398.2,4201.34,Yes,POS Terminal,Canada,17.8,51,Female,30,0,0
TXN000840,CUST00464,2024-07-24 12:04:02,POS Purchase,Electronics,353.58,21185.5,21414.5,Yes,Web Browser,Canada,6.0,61,Male,75,0,0
TXN000841,CUST01593,2024-07-24 12:41:57,ATM Withdrawal,Utilities,64.13,4007.11,3942.98,No,Mobile App,United Kingdom,12.7,51,Female,180,0,0
TXN000842,CUST01507,2024-07-24 13:31:40,POS Purchase,Home Improvement,86.58,9038.04,8951.46,Yes,Mobile App,United Kingdom,1.4,63,Female,135,0,0
TXN000843,CUST00539,2024-07-24 18:50:27,Bill Payment,Healthcare,29.54,4022.47,3992.93,N/A,POS Terminal,UAE,11.9,59,Male,42,0,0
TXN000844,CUST00709,2024-07-25 00:05:45,ATM Withdrawal,Fuel,101.18,2514.41,2413.23,No,POS Terminal,Pakistan,8.7,84,Female,25,0,0
TXN000845,CUST00189,2024-07-25 09:30:26,Bank Transfer,Entertainment,80.67,3675.51,3594.84,N/A,Web Browser,Germany,0.3,40,Male,68,0,0
TXN000846,CUST00694,2024-07-25 10:30:06,Online Purchase,Electronics,24.47,30273.13,30248.66,Yes,Web Browser,United Kingdom,5.6,38,Female,68,0,0
TXN000847,CUST00025,2024-07-25 13:59:59,Bank Transfer,Fashion & Apparel,109.68,1073.1,963.42,N/A,ATM Machine,India,15.5,38,Male,79,0,0
TXN000848,CUST01329,2024-07-25 15:51:23,Bank Transfer,Healthcare,49.6,667.27,617.67,N/A,POS Terminal,UAE,0.7,53,Male,16,0,0
TXN000849,CUST00278,2024-07-26 09:46:43,Online Purchase,Entertainment,173.7,3299.57,3125.87,Yes,Mobile App,Germany,11.2,40,Female,18,1,0
TXN000850,CUST00692,2024-07-26 09:48:00,Bank Transfer,Groceries,59.39,4485.69,4426.3,N/A,Web Browser,India,5.0,28,Female,153,0,0
TXN000851,CUST01592,2024-07-26 12:20:07,Online Purchase,Restaurants,61.21,4349.6,4288.39,Yes,POS Terminal,United States,8.2,77,Male,4,0,0
TXN000852,CUST00631,2024-07-26 20:42:36,ATM Withdrawal,Electronics,81.16,4328.79,4247.63,No,POS Terminal,United States,8.7,39,Male,138,0,0
TXN000853,CUST00096,2024-07-27 08:13:18,POS Purchase,Healthcare,118.19,6179.69,6061.5,Yes,POS Terminal,Germany,10.0,45,Male,60,0,0
TXN000854,CUST00093,2024-07-27 09:16:09,POS Purchase,Electronics,111.15,2974.41,2863.26,No,POS Terminal,United Kingdom,14.7,71,Female,38,0,0
TXN000855,CUST00975,2024-07-27 09:45:26,Bill Payment,Groceries,194.11,6201.92,6007.81,N/A,POS Terminal,United Kingdom,24.9,82,Female,120,0,0
TXN000856,CUST01225,2024-07-27 12:04:07,POS Purchase,Utilities,21.01,1842.65,1821.64,Yes,Mobile App,Pakistan,29.2,32,Female,93,0,0
TXN000857,CUST00147,2024-07-27 16:17:09,POS Purchase,Online Services,62.66,14970.92,15218.92,No,POS Terminal,Germany,3.8,68,Female,149,0,0
TXN000858,CUST00806,2024-07-27 17:11:53,ATM Withdrawal,Utilities,24.31,717.48,693.17,Yes,Web Browser,Australia,37.3,58,Male,152,0,0
TXN000859,CUST00726,2024-07-27 17:36:16,POS Purchase,Entertainment,96.8,11545.22,11448.42,Yes,Mobile App,United States,34.6,76,Female,107,0,0
TXN000860,CUST01601,2024-07-27 17:45:52,Online Purchase,Healthcare,188.25,1612.7,1424.45,Yes,POS Terminal,Germany,20.2,45,Female,52,0,0
TXN000861,CUST00006,2024-07-28 14:34:16,Online Purchase,Travel,1968.63,3209.68,1241.05,No,Web Browser,Australia,74.4,66,Male,61,3,1
TXN000862,CUST00874,2024-07-28 15:13:38,Bank Transfer,Fashion & Apparel,95.06,925.65,830.59,N/A,POS Terminal,Canada,15.9,41,Female,91,0,0
TXN000863,CUST00450,2024-07-28 23:13:56,Online Purchase,Electronics,57.69,4319.84,4262.15,Yes,ATM Machine,United States,23.2,19,Male,87,0,0
TXN000864,CUST01077,2024-07-29 09:50:29,Bank Transfer,Online Services,221.89,2910.87,2688.98,N/A,ATM Machine,Pakistan,5.8,32,Male,163,0,0
TXN000865,CUST01334,2024-07-29 13:25:13,Online Purchase,Fuel,481.14,2996.4,2515.26,Yes,ATM Machine,Pakistan,4.6,81,Female,146,0,0
TXN000866,CUST00986,2024-07-30 10:05:26,Online Purchase,Groceries,146.97,1603.64,1456.67,No,POS Terminal,United States,1.2,67,Female,82,0,0
TXN000867,CUST01535,2024-07-30 13:48:29,Wire Transfer,Groceries,400.96,1133.91,732.95,N/A,POS Terminal,Canada,3.4,27,Male,4,0,0
TXN000868,CUST01163,2024-07-30 13:51:53,Online Purchase,Utilities,57.95,19371.47,19313.52,Yes,POS Terminal,India,3.0,60,Male,135,0,0
TXN000869,CUST00054,2024-07-31 04:01:00,Bank Transfer,Online Services,488.32,4123.06,3634.74,N/A,ATM Machine,Canada,207.5,83,Male,20,3,1
TXN000870,CUST00660,2024-07-31 10:05:36,Bank Transfer,Restaurants,114.5,2577.17,2462.67,N/A,ATM Machine,United States,8.1,60,Female,16,0,0
TXN000871,CUST01692,2024-07-31 18:09:59,Online Purchase,Fashion & Apparel,25.48,3717.11,3738.11,Yes,POS Terminal,United Kingdom,18.5,48,Female,7,0,0
TXN000872,CUST01688,2024-07-31 18:50:17,Wire Transfer,Utilities,223.68,20924.1,20700.42,N/A,Mobile App,Canada,22.4,44,Male,30,0,0
TXN000873,CUST00134,2024-08-01 00:33:28,POS Purchase,Groceries,109.82,367.29,257.47,Yes,ATM Machine,United Kingdom,13.8,83,Male,96,0,0
TXN000874,CUST00751,2024-08-01 05:39:01,Online Purchase,Healthcare,118.61,2603.11,2484.5,Yes,Web Browser,Pakistan,6.0,47,Male,86,0,0
TXN000875,CUST00623,2024-08-01 12:32:54,Online Purchase,Groceries,119.37,1542.0,1422.63,No,Mobile App,Canada,4.7,66,Female,21,0,0
TXN000876,CUST00987,2024-08-01 19:59:27,ATM Withdrawal,Utilities,136.46,19936.97,19800.51,Yes,Web Browser,United States,14.4,53,Other,47,0,0
TXN000877,CUST00981,2024-08-01 20:33:40,POS Purchase,Online Services,142.87,1178.92,1036.05,No,POS Terminal,Pakistan,37.2,78,Female,63,0,0
TXN000878,CUST01222,2024-08-02 18:16:37,Online Purchase,Restaurants,153.78,1701.25,1547.47,No,Mobile App,Canada,9.1,67,Female,47,0,0
TXN000879,CUST01110,2024-08-02 21:45:44,ATM Withdrawal,Groceries,16.31,1737.17,1720.86,No,POS Terminal,Germany,3.0,65,Male,66,0,0
TXN000880,CUST00495,2024-08-03 06:41:07,Wire Transfer,Restaurants,105.77,2405.8,2300.03,N/A,ATM Machine,Pakistan,23.9,24,Male,82,0,0
TXN000881,CUST01062,2024-08-03 13:38:25,POS Purchase,Fashion & Apparel,29.05,7683.98,7654.93,Yes,Web Browser,United Kingdom,19.3,63,Male,133,0,0
TXN000882,CUST00065,2024-08-03 15:53:17,ATM Withdrawal,Utilities,52.22,1807.14,1754.92,Yes,Mobile App,Pakistan,39.2,77,Female,180,0,0
TXN000883,CUST00463,2024-08-03 18:14:53,Wire Transfer,Travel,758.15,2392.57,1634.42,N/A,Web Browser,Australia,8.0,67,Male,25,0,0
TXN000884,CUST00705,2024-08-03 20:12:46,Online Purchase,Groceries,168.98,1615.51,1835.51,No,POS Terminal,United Kingdom,6.1,84,Female,116,0,0
TXN000885,CUST00681,2024-08-04 09:33:44,POS Purchase,Entertainment,93.26,1577.64,1484.38,Yes,Mobile App,United Kingdom,5.0,45,Female,135,0,0
TXN000886,CUST01215,2024-08-04 11:50:27,Online Purchase,Healthcare,248.9,4867.47,5198.47,No,ATM Machine,Pakistan,0.4,71,Male,3,0,0
TXN000887,CUST00770,2024-08-04 15:07:03,Bank Transfer,Groceries,34.81,641.46,606.65,N/A,ATM Machine,Germany,24.1,64,Male,21,0,0
TXN000888,CUST01608,2024-08-04 20:26:13,Online Purchase,Restaurants,19.25,1421.22,1401.97,No,ATM Machine,United Kingdom,10.9,81,Female,94,0,0
TXN000889,CUST01052,2024-08-04 22:09:20,Online Purchase,Fashion & Apparel,1044.41,1440.84,396.43,Yes,Web Browser,United States,9.5,59,Male,123,0,0
TXN000890,CUST00044,2024-08-04 22:22:36,Online Purchase,Online Services,222.71,4893.79,4671.08,No,ATM Machine,Canada,185.4,40,Female,44,1,1
TXN000891,CUST00530,2024-08-05 16:53:43,Online Purchase,Fuel,324.3,1353.8,1029.5,Yes,Web Browser,United States,7.3,55,Female,64,0,0
TXN000892,CUST00733,2024-08-05 17:35:56,Wire Transfer,Online Services,44.02,4179.9,4135.88,N/A,Web Browser,United Kingdom,6.0,60,Male,127,0,0
TXN000893,CUST00085,2024-08-05 19:47:25,Bill Payment,Travel,37.39,4485.1,4447.71,N/A,Web Browser,United States,76.7,33,Female,2,0,0
TXN000894,CUST00127,2024-08-05 19:50:36,ATM Withdrawal,Fuel,333.63,2118.72,1785.09,No,Mobile App,Pakistan,0.7,56,Female,16,0,0
TXN000895,CUST00020,2024-08-05 22:23:11,POS Purchase,Home Improvement,394.5,214.12,-180.38,No,Mobile App,United States,89.0,64,Male,30,2,1
TXN000896,CUST00468,2024-08-06 05:48:08,POS Purchase,Restaurants,82.16,6799.33,6717.17,No,Web Browser,Pakistan,0.3,36,Female,66,0,0
TXN000897,CUST00965,2024-08-06 14:23:15,Bank Transfer,Jewelry & Luxury,46.22,6076.15,6029.93,N/A,Web Browser,United Kingdom,12.9,79,Male,127,0,0
TXN000898,CUST01536,2024-08-06 15:29:03,Bank Transfer,Utilities,20.32,2752.01,2731.69,N/A,Mobile App,Canada,8.1,33,Male,172,0,0
TXN000899,CUST00924,2024-08-07 04:21:13,Bank Transfer,Restaurants,29.27,20346.22,20316.95,N/A,Web Browser,Australia,17.0,70,Male,108,0,0
TXN000900,CUST01160,2024-08-07 08:07:48,POS Purchase,Fashion & Apparel,30.24,3789.28,3759.04,Yes,Mobile App,Canada,10.8,77,Male,102,0,0
TXN000901,CUST00948,2024-08-07 13:36:36,POS Purchase,Restaurants,636.65,4287.88,3651.23,Yes,Mobile App,United Kingdom,0.8,61,Female,81,0,0
TXN000902,CUST00323,2024-08-07 18:28:14,Online Purchase,Groceries,70.97,10129.33,10058.36,No,Mobile App,United Kingdom,4.2,74,Male,63,0,0
TXN000903,CUST00153,2024-08-07 23:42:28,ATM Withdrawal,Entertainment,75.63,1169.59,1093.96,No,POS Terminal,United Kingdom,10.4,81,Female,92,0,0
TXN000904,CUST00592,2024-08-08 10:27:05,POS Purchase,Utilities,1225.67,3393.19,2167.52,No,POS Terminal,United Kingdom,29.4,53,Male,100,0,0
TXN000905,CUST01496,2024-08-08 10:57:38,Online Purchase,Groceries,77.83,1444.47,1839.47,No,POS Terminal,Pakistan,13.4,61,Female,31,0,0
TXN000906,CUST00683,2024-08-09 14:00:45,Bill Payment,Restaurants,618.2,2394.48,1776.28,N/A,Web Browser,United States,13.8,77,Female,122,0,0
TXN000907,CUST00586,2024-08-09 14:10:46,Bill Payment,Groceries,122.69,5087.16,4964.47,N/A,POS Terminal,Canada,0.1,40,Male,42,0,0
TXN000908,CUST00947,2024-08-09 15:59:16,Online Purchase,Entertainment,82.13,8074.6,7992.47,No,Mobile App,United States,4.1,27,Female,59,0,0
TXN000909,CUST01243,2024-08-09 17:13:48,Online Purchase,Electronics,152.37,4804.76,4652.39,No,Web Browser,UAE,7.2,70,Female,99,0,0
TXN000910,CUST01357,2024-08-10 08:45:07,Online Purchase,Groceries,37.22,7492.72,7455.5,Yes,POS Terminal,UAE,13.9,52,Female,104,0,0
TXN000911,CUST00260,2024-08-10 18:55:34,Bank Transfer,Home Improvement,646.78,1363.56,716.78,N/A,Web Browser,United Kingdom,1.9,80,Female,11,1,0
TXN000912,CUST00306,2024-08-11 11:18:51,POS Purchase,Restaurants,44.07,1621.84,1577.77,No,Mobile App,United Kingdom,4.1,44,Male,148,0,0
TXN000913,CUST00916,2024-08-11 14:30:59,Online Purchase,Travel,89.14,2486.26,2397.12,Yes,Web Browser,United Kingdom,6.9,51,Female,149,0,0
TXN000914,CUST01571,2024-08-11 17:17:54,Bill Payment,Fashion & Apparel,31.0,10396.34,10365.34,N/A,Mobile App,Pakistan,0.8,58,Male,18,0,0
TXN000915,CUST01264,2024-08-12 09:01:31,Bank Transfer,Healthcare,33.82,7989.16,7955.34,N/A,POS Terminal,Canada,11.9,72,Male,81,0,0
TXN000916,CUST01224,2024-08-12 10:27:58,Bank Transfer,Fuel,159.08,4492.94,4333.86,N/A,Mobile App,Germany,9.1,78,Male,158,0,0
TXN000917,CUST01462,2024-08-12 12:38:01,POS Purchase,Utilities,175.17,9761.56,9586.39,Yes,Mobile App,United Kingdom,5.4,42,Male,100,0,0
TXN000918,CUST00026,2024-08-12 18:45:44,POS Purchase,Electronics,62.68,5599.26,5536.58,Yes,Mobile App,United States,5.0,40,Male,14,0,0
TXN000919,CUST01053,2024-08-12 23:39:10,Bill Payment,Online Services,39.62,876.78,837.16,N/A,Mobile App,Pakistan,38.5,18,Male,14,0,0
TXN000920,CUST00349,2024-08-13 06:56:22,Wire Transfer,Utilities,169.63,5249.69,5080.06,N/A,Mobile App,United States,0.6,40,Female,65,0,0
TXN000921,CUST00207,2024-08-13 19:31:54,Online Purchase,Groceries,59.21,1261.05,1201.84,Yes,Web Browser,Pakistan,7.5,82,Female,27,0,0
TXN000922,CUST00316,2024-08-14 08:03:31,Online Purchase,Restaurants,184.31,5439.65,5819.65,No,Mobile App,UAE,22.8,41,Female,4,0,0
TXN000923,CUST00220,2024-08-14 09:15:38,ATM Withdrawal,Fashion & Apparel,236.45,19483.54,19247.09,Yes,ATM Machine,Pakistan,1.7,30,Male,130,0,0
TXN000924,CUST01226,2024-08-14 10:03:34,Online Purchase,Jewelry & Luxury,136.72,3568.94,3432.22,Yes,ATM Machine,United Kingdom,18.2,47,Male,163,0,0
TXN000925,CUST00035,2024-08-14 11:23:45,POS Purchase,Fuel,3926.16,5077.06,5319.06,No,Mobile App,United States,240.0,41,Male,106,0,1
TXN000926,CUST01605,2024-08-14 14:51:00,Online Purchase,Utilities,105.69,4996.19,4890.5,No,Mobile App,United Kingdom,32.7,76,Female,44,0,0
TXN000927,CUST00460,2024-08-14 20:32:06,POS Purchase,Restaurants,79.2,5665.25,5586.05,Yes,Web Browser,Australia,6.1,76,Female,24,0,0
TXN000928,CUST01232,2024-08-15 19:14:55,Online Purchase,Healthcare,393.94,194.41,647.41,Yes,Web Browser,Australia,12.0,56,Male,119,0,0
TXN000929,CUST00830,2024-08-16 00:49:15,Online Purchase,Fashion & Apparel,314.83,548.56,233.73,No,POS Terminal,UAE,22.0,22,Female,127,0,0
TXN000930,CUST00494,2024-08-16 07:15:39,Bank Transfer,Fuel,107.82,5210.92,5103.1,N/A,POS Terminal,United Kingdom,15.4,18,Female,90,0,0
TXN000931,CUST01394,2024-08-16 09:09:02,Bank Transfer,Fuel,65.03,2382.56,2317.53,N/A,POS Terminal,Canada,27.0,22,Male,42,0,0
TXN000932,CUST01670,2024-08-16 09:51:07,Wire Transfer,Healthcare,40.2,6101.24,6061.04,N/A,Mobile App,United Kingdom,51.8,69,Female,89,0,0
TXN000933,CUST00724,2024-08-16 11:30:50,Online Purchase,Fashion & Apparel,104.25,5982.48,5878.23,Yes,POS Terminal,Pakistan,8.7,66,Male,126,0,0
TXN000934,CUST00970,2024-08-16 12:23:52,Bank Transfer,Electronics,606.43,5398.85,4792.42,N/A,Web Browser,Canada,10.1,70,Female,159,0,0
TXN000935,CUST01668,2024-08-16 19:38:14,Online Purchase,Restaurants,145.32,13824.87,13679.55,No,POS Terminal,Pakistan,2.0,60,Female,73,0,0
TXN000936,CUST01470,2024-08-16 19:50:37,Online Purchase,Groceries,202.33,8954.71,8752.38,No,ATM Machine,UAE,14.5,36,Male,111,0,0
TXN000937,CUST01341,2024-08-17 08:19:48,ATM Withdrawal,Online Services,22.62,1721.7,1699.08,Yes,POS Terminal,Pakistan,0.2,41,Female,180,0,0
TXN000938,CUST01687,2024-08-17 15:20:46,Bank Transfer,Groceries,69.07,1936.8,1867.73,N/A,Web Browser,United Kingdom,0.6,24,Other,114,0,0
TXN000939,CUST00393,2024-08-17 15:30:48,POS Purchase,Electronics,480.45,6977.71,7256.71,Yes,POS Terminal,UAE,7.6,77,Female,144,0,0
TXN000940,CUST01010,2024-08-17 19:46:03,Bank Transfer,Fashion & Apparel,103.41,1601.92,1498.51,N/A,POS Terminal,United Kingdom,11.7,41,Female,59,0,0
TXN000941,CUST01466,2024-08-18 23:41:44,Online Purchase,Healthcare,292.81,1245.96,953.15,No,Mobile App,Australia,2.9,67,Male,122,0,0
TXN000942,CUST00859,2024-08-19 17:23:03,ATM Withdrawal,Online Services,57.86,1063.75,1005.89,No,Mobile App,United Kingdom,15.2,35,Female,58,0,0
TXN000943,CUST00362,2024-08-19 18:16:55,Bill Payment,Fashion & Apparel,118.27,2777.13,2658.86,N/A,Mobile App,Australia,4.2,77,Male,154,0,0
TXN000944,CUST01010,2024-08-19 20:50:46,Online Purchase,Entertainment,223.21,1904.71,1681.5,No,POS Terminal,United Kingdom,11.0,20,Male,72,0,0
TXN000945,CUST00639,2024-08-20 08:26:17,Online Purchase,Restaurants,150.0,3079.42,2929.42,Yes,Web Browser,United Kingdom,0.4,66,Female,5,0,0
TXN000946,CUST00347,2024-08-20 08:27:49,Bank Transfer,Home Improvement,333.31,4664.73,4331.42,N/A,POS Terminal,United Kingdom,24.2,35,Female,81,0,0
TXN000947,CUST00736,2024-08-20 10:40:54,POS Purchase,Healthcare,47.34,8872.81,8825.47,Yes,Web Browser,United States,30.0,49,Male,165,0,0
TXN000948,CUST00120,2024-08-20 11:39:29,Online Purchase,Healthcare,37.47,1787.08,1749.61,Yes,Mobile App,Australia,10.1,50,Female,172,0,0
TXN000949,CUST00755,2024-08-20 14:42:00,Wire Transfer,Entertainment,144.6,3647.19,3502.59,N/A,Mobile App,Australia,19.3,18,Female,125,0,0
TXN000950,CUST00107,2024-08-20 15:30:19,POS Purchase,Utilities,68.47,3324.64,3256.17,Yes,Mobile App,Pakistan,34.3,58,Male,178,0,0
TXN000951,CUST00100,2024-08-20 15:53:05,ATM Withdrawal,Entertainment,79.42,1327.31,1247.89,Yes,POS Terminal,Australia,0.9,49,Male,35,0,0
TXN000952,CUST01233,2024-08-20 17:09:13,Bill Payment,Electronics,46.98,3268.6,3221.62,N/A,ATM Machine,United Kingdom,2.7,50,Female,85,0,0
TXN000953,CUST01350,2024-08-20 17:28:07,ATM Withdrawal,Online Services,525.56,7898.44,7372.88,No,Web Browser,Canada,1.2,25,Male,155,0,0
TXN000954,CUST00569,2024-08-20 17:36:05,POS Purchase,Electronics,22.18,234.88,212.7,Yes,Mobile App,United Kingdom,6.0,55,Male,144,0,0
TXN000955,CUST01008,2024-08-21 00:27:36,Bank Transfer,Healthcare,327.2,2321.32,1994.12,N/A,Mobile App,Pakistan,6.6,22,Male,170,0,0
TXN000956,CUST00003,2024-08-21 07:58:08,Online Purchase,Groceries,109.35,1612.52,1503.17,Yes,POS Terminal,United States,16.0,72,Female,113,0,0
TXN000957,CUST01327,2024-08-21 14:36:11,POS Purchase,Groceries,106.59,4727.1,4620.51,No,POS Terminal,Australia,1.4,73,Female,13,0,0
TXN000958,CUST01072,2024-08-21 17:38:51,Wire Transfer,Online Services,106.62,16053.02,15946.4,N/A,Web Browser,United Kingdom,16.9,25,Female,145,1,0
TXN000959,CUST01271,2024-08-21 18:40:25,Bank Transfer,Restaurants,226.92,8183.85,7956.93,N/A,POS Terminal,United Kingdom,30.6,66,Female,47,0,0
TXN000960,CUST01274,2024-08-21 20:52:56,Online Purchase,Fashion & Apparel,19.79,2662.71,2642.92,Yes,Web Browser,United Kingdom,7.4,51,Female,8,0,0
TXN000961,CUST00349,2024-08-22 15:23:24,POS Purchase,Home Improvement,131.84,1578.44,1446.6,No,POS Terminal,Canada,34.8,22,Male,170,0,0
TXN000962,CUST01313,2024-08-23 16:44:43,Online Purchase,Groceries,97.48,1650.26,1552.78,No,POS Terminal,United Kingdom,9.0,49,Male,93,1,0
TXN000963,CUST00689,2024-08-23 17:00:18,Online Purchase,Groceries,36.51,4973.78,4937.27,Yes,POS Terminal,Canada,6.0,71,Female,115,0,0
TXN000964,CUST01139,2024-08-23 18:53:08,Online Purchase,Fashion & Apparel,81.52,4334.4,4252.88,No,Web Browser,Germany,1.2,56,Male,144,0,0
TXN000965,CUST00980,2024-08-23 20:34:21,POS Purchase,Online Services,244.18,6965.01,6720.83,No,POS Terminal,United Kingdom,8.4,81,Female,31,0,0
TXN000966,CUST00173,2024-08-24 01:15:27,Bill Payment,Restaurants,84.25,8382.44,8298.19,N/A,ATM Machine,Canada,12.0,27,Male,81,0,0
TXN000967,CUST00241,2024-08-24 11:17:24,POS Purchase,Healthcare,198.73,4636.33,4437.6,Yes,Mobile App,Germany,1.6,31,Male,88,0,0
TXN000968,CUST01586,2024-08-24 11:27:28,Bank Transfer,Entertainment,44.16,2760.7,2716.54,N/A,Mobile App,Pakistan,10.1,36,Male,39,0,0
TXN000969,CUST00123,2024-08-24 20:40:11,ATM Withdrawal,Fuel,53.79,1384.17,1330.38,Yes,POS Terminal,Germany,17.3,80,Male,129,0,0
TXN000970,CUST01150,2024-08-25 07:31:40,POS Purchase,Healthcare,161.37,8655.39,8494.02,Yes,Web Browser,United States,1.7,38,Female,112,0,0
TXN000971,CUST00378,2024-08-25 14:40:30,POS Purchase,Utilities,169.34,6495.8,6326.46,No,Mobile App,Canada,32.7,76,Female,151,0,0
TXN000972,CUST01043,2024-08-25 16:01:38,Bank Transfer,Groceries,1205.82,5701.85,4496.03,N/A,POS Terminal,United Kingdom,26.7,40,Male,172,0,0
TXN000973,CUST00039,2024-08-25 19:04:18,Bank Transfer,Utilities,101.23,5810.32,5709.09,N/A,Web Browser,Germany,3.8,42,Male,169,0,0
TXN000974,CUST01123,2024-08-26 06:53:24,ATM Withdrawal,Fashion & Apparel,239.3,8801.08,8561.78,No,Mobile App,United States,29.1,67,Female,156,1,0
TXN000975,CUST01175,2024-08-26 08:16:24,ATM Withdrawal,Fuel,138.73,4387.35,4248.62,Yes,Mobile App,United Kingdom,3.0,50,Female,100,0,0
TXN000976,CUST00238,2024-08-26 15:54:23,Online Purchase,Fashion & Apparel,96.66,1647.23,1550.57,Yes,Web Browser,Pakistan,20.9,83,Male,143,0,0
TXN000977,CUST00725,2024-08-26 15:56:30,POS Purchase,Groceries,64.08,2492.47,2935.47,Yes,Mobile App,United States,13.7,54,Female,116,0,0
TXN000978,CUST01463,2024-08-27 06:09:28,POS Purchase,Restaurants,193.76,3584.64,3390.88,Yes,Mobile App,United Kingdom,5.8,85,Male,62,0,0
TXN000979,CUST01200,2024-08-28 07:28:27,POS Purchase,Fashion & Apparel,95.96,2096.38,2000.42,No,Mobile App,UAE,4.0,30,Male,17,0,0
TXN000980,CUST00484,2024-08-28 09:24:35,Bill Payment,Entertainment,279.84,3424.07,3144.23,N/A,Mobile App,India,52.6,53,Male,46,0,0
TXN000981,CUST01590,2024-08-28 12:30:24,POS Purchase,Entertainment,80.91,1188.34,1107.43,Yes,POS Terminal,India,6.8,53,Female,75,0,0
TXN000982,CUST01509,2024-08-28 14:07:44,POS Purchase,Jewelry & Luxury,49.51,33522.71,33473.2,No,Mobile App,Pakistan,5.4,33,Female,1,0,0
TXN000983,CUST01262,2024-08-28 21:53:24,Online Purchase,Fuel,295.18,3656.51,3361.33,Yes,POS Terminal,United States,3.7,84,Female,151,0,0
TXN000984,CUST01241,2024-08-29 08:15:02,POS Purchase,Online Services,52.31,7398.36,7346.05,Yes,Web Browser,Pakistan,11.7,71,Female,94,0,0
TXN000985,CUST00201,2024-08-29 17:48:34,ATM Withdrawal,Healthcare,329.95,5005.87,4675.92,No,ATM Machine,United States,17.0,45,Male,110,0,0
TXN000986,CUST01181,2024-08-29 18:41:13,ATM Withdrawal,Jewelry & Luxury,112.67,5063.93,4951.26,Yes,Mobile App,UAE,5.0,85,Female,179,0,0
TXN000987,CUST01669,2024-08-29 19:04:19,POS Purchase,Restaurants,66.77,2499.79,2433.02,Yes,Web Browser,India,0.1,54,Male,43,0,0
TXN000988,CUST01132,2024-08-29 19:04:33,ATM Withdrawal,Groceries,129.21,1222.04,1092.83,No,POS Terminal,United Kingdom,11.8,51,Male,155,0,0
TXN000989,CUST01639,2024-08-29 19:39:23,Bill Payment,Fashion & Apparel,46.98,2462.96,2415.98,N/A,Mobile App,United Kingdom,10.7,72,Male,31,0,0
TXN000990,CUST00983,2024-08-30 08:40:06,Bank Transfer,Groceries,222.59,12480.23,12257.64,N/A,Web Browser,Germany,5.6,82,Other,34,0,0
TXN000991,CUST01679,2024-08-30 09:08:00,Online Purchase,Entertainment,155.75,4044.55,3888.8,No,Mobile App,Germany,21.7,56,Female,178,0,0
TXN000992,CUST01438,2024-08-30 10:03:33,Bill Payment,Jewelry & Luxury,73.09,3749.94,3676.85,N/A,POS Terminal,United Kingdom,1.4,40,Female,124,0,0
TXN000993,CUST01491,2024-08-30 11:00:38,Bill Payment,Healthcare,21.07,16468.11,16447.04,N/A,Web Browser,Canada,11.7,66,Female,74,0,0
TXN000994,CUST01110,2024-08-30 15:02:12,Online Purchase,Entertainment,488.2,9479.03,8990.83,No,POS Terminal,Pakistan,30.3,57,Female,88,0,0
TXN000995,CUST00392,2024-08-30 22:21:39,POS Purchase,Online Services,173.73,2025.38,1851.65,Yes,Web Browser,United Kingdom,5.8,27,Female,58,0,0
TXN000996,CUST01289,2024-08-31 16:34:22,Bank Transfer,Healthcare,34.36,9876.92,9842.56,N/A,POS Terminal,United Kingdom,6.1,31,Male,23,0,0
TXN000997,CUST00645,2024-08-31 17:51:17,Bank Transfer,Healthcare,214.03,5232.55,5018.52,N/A,ATM Machine,United States,7.3,25,Male,2,0,0
TXN000998,CUST01658,2024-09-01 20:42:42,Wire Transfer,Restaurants,120.46,1603.52,1483.06,N/A,Mobile App,Pakistan,7.6,25,Female,1,0,0
TXN000999,CUST00861,2024-09-02 19:30:06,Bill Payment,Utilities,163.2,1434.29,1271.09,N/A,Mobile App,Canada,12.0,46,Female,124,0,0
TXN001000,CUST00520,2024-09-02 20:07:11,Online Purchase,Entertainment,257.53,795.14,537.61,No,Mobile App,United States,14.9,21,Male,115,0,0
TXN001001,CUST00947,2024-09-03 09:24:07,POS Purchase,Groceries,18.5,14601.8,14583.3,No,Mobile App,Pakistan,21.6,82,Male,89,0,0
TXN001002,CUST00173,2024-09-03 13:04:06,Bill Payment,Fashion & Apparel,246.71,1332.04,1085.33,N/A,Web Browser,United States,5.0,47,Female,87,0,0
TXN001003,CUST01465,2024-09-03 15:13:27,Online Purchase,Entertainment,70.02,5637.24,5567.22,Yes,POS Terminal,India,15.5,57,Female,96,0,0
TXN001004,CUST01172,2024-09-03 17:11:07,ATM Withdrawal,Restaurants,163.6,15630.53,15466.93,Yes,Mobile App,Pakistan,2.0,59,Male,68,0,0
TXN001005,CUST01571,2024-09-03 19:02:29,ATM Withdrawal,Groceries,319.2,3765.65,3446.45,No,Mobile App,United States,10.3,71,Female,69,0,0
TXN001006,CUST01299,2024-09-04 12:04:07,Bank Transfer,Entertainment,47.83,7925.43,7877.6,N/A,POS Terminal,Canada,7.0,76,Male,27,0,0
TXN001007,CUST00070,2024-09-04 18:06:57,ATM Withdrawal,Groceries,71.56,1851.98,1780.42,Yes,POS Terminal,United Kingdom,24.2,75,Male,130,0,0
TXN001008,CUST01361,2024-09-04 19:28:08,Wire Transfer,Fuel,204.01,7183.12,6979.11,N/A,Mobile App,United Kingdom,1.5,38,Female,109,0,0
TXN001009,CUST01156,2024-09-05 01:01:24,Online Purchase,Groceries,126.36,9693.21,9566.85,Yes,Mobile App,Pakistan,19.1,29,Female,53,0,0
TXN001010,CUST01720,2024-09-05 02:35:29,POS Purchase,Fashion & Apparel,156.7,1639.64,1482.94,Yes,Web Browser,United Kingdom,0.5,78,Female,165,0,0
TXN001011,CUST00858,2024-09-05 17:18:04,Online Purchase,Electronics,309.45,4768.53,5107.53,No,Web Browser,Germany,8.6,59,Male,6,0,0
TXN001012,CUST01339,2024-09-06 08:24:27,POS Purchase,Electronics,110.79,1749.74,1638.95,Yes,Mobile App,United States,1.0,46,Male,52,0,0
TXN001013,CUST00973,2024-09-06 09:50:17,POS Purchase,Travel,67.17,1425.88,1358.71,Yes,Mobile App,Canada,35.1,27,Female,81,0,0
TXN001014,CUST01498,2024-09-06 17:17:07,POS Purchase,Entertainment,94.89,2961.29,2866.4,Yes,Web Browser,Pakistan,12.8,59,Female,21,0,0
TXN001015,CUST00873,2024-09-06 18:55:46,Online Purchase,Restaurants,50.15,11076.53,11026.38,Yes,Mobile App,United States,57.8,59,Female,59,0,0
TXN001016,CUST00013,2024-09-07 00:39:04,Online Purchase,Entertainment,87.94,13151.71,13063.77,No,Mobile App,United Kingdom,49.6,73,Male,23,2,1
TXN001017,CUST00480,2024-09-07 02:16:25,POS Purchase,Travel,440.81,3916.52,3475.71,No,Mobile App,United States,4.1,84,Male,134,0,0
TXN001018,CUST01206,2024-09-07 08:31:35,POS Purchase,Restaurants,108.74,4783.4,4674.66,Yes,Mobile App,Australia,31.2,53,Female,94,0,0
TXN001019,CUST00779,2024-09-07 14:15:45,Bank Transfer,Entertainment,969.93,3832.0,2862.07,N/A,Mobile App,Germany,9.4,74,Female,111,0,0
TXN001020,CUST00692,2024-09-07 15:31:52,POS Purchase,Electronics,219.1,5847.4,5628.3,No,POS Terminal,Pakistan,38.7,31,Male,171,0,0
TXN001021,CUST01555,2024-09-07 16:15:32,Bank Transfer,Fuel,130.29,5433.03,5302.74,N/A,Web Browser,UAE,6.4,30,Male,162,0,0
TXN001022,CUST00237,2024-09-07 17:31:03,POS Purchase,Restaurants,13.06,10406.72,10393.66,No,POS Terminal,United Kingdom,6.3,84,Male,22,0,0
TXN001023,CUST00799,2024-09-08 16:18:05,POS Purchase,Healthcare,165.16,5331.57,5166.41,Yes,Mobile App,Canada,2.0,50,Female,28,0,0
TXN001024,CUST01329,2024-09-08 17:04:16,POS Purchase,Healthcare,47.99,5738.41,5690.42,No,POS Terminal,Germany,3.0,60,Female,27,0,0
TXN001025,CUST00166,2024-09-09 12:53:00,POS Purchase,Electronics,262.39,8036.21,7773.82,Yes,Mobile App,United States,2.4,55,Male,73,0,0
TXN001026,CUST01662,2024-09-09 16:31:02,ATM Withdrawal,Utilities,33.79,10637.29,10603.5,No,Mobile App,Pakistan,20.1,37,Male,81,1,0
TXN001027,CUST00041,2024-09-10 14:32:44,Bill Payment,Utilities,112.55,14615.62,14503.07,N/A,Mobile App,United Kingdom,3.9,27,Female,3,0,0
TXN001028,CUST00970,2024-09-10 16:50:08,Bank Transfer,Electronics,93.29,1875.34,1782.05,N/A,Web Browser,United Kingdom,0.2,29,Male,103,0,0
TXN001029,CUST00090,2024-09-10 21:31:08,Bill Payment,Fuel,22.13,1362.31,1340.18,N/A,Mobile App,Pakistan,,32,Male,129,0,0
TXN001030,CUST01633,2024-09-10 23:43:52,POS Purchase,Entertainment,142.54,8128.22,7985.68,Yes,Web Browser,United Kingdom,7.2,68,Male,176,0,0
TXN001031,CUST01342,2024-09-11 08:04:21,POS Purchase,Groceries,90.29,31553.04,31889.04,No,Mobile App,United Kingdom,2.2,64,Male,27,0,0
TXN001032,CUST00080,2024-09-11 09:02:37,Online Purchase,Healthcare,182.42,3407.93,3225.51,No,Web Browser,United States,40.3,55,Male,71,0,0
TXN001033,CUST01707,2024-09-11 12:04:05,Online Purchase,Groceries,144.61,2981.56,2836.95,Yes,Mobile App,United Kingdom,10.3,40,Female,103,0,0
TXN001034,CUST01624,2024-09-11 12:27:09,Online Purchase,Restaurants,151.83,2580.55,2428.72,No,Mobile App,Canada,2.3,75,Male,113,0,0
TXN001035,CUST00461,2024-09-11 15:08:28,POS Purchase,Entertainment,249.07,8729.29,8480.22,No,POS Terminal,United States,19.6,60,Female,108,0,0
TXN001036,CUST00289,2024-09-12 09:15:35,POS Purchase,Electronics,29.03,4448.25,4419.22,No,Mobile App,Pakistan,2.5,68,Female,50,0,0
TXN001037,CUST01555,2024-09-12 10:46:40,POS Purchase,Electronics,423.33,808.78,385.45,Yes,Mobile App,Canada,9.2,79,Male,141,0,0
TXN001038,CUST00149,2024-09-12 13:27:35,Bill Payment,Groceries,240.61,3738.12,3497.51,N/A,Mobile App,Germany,13.3,83,Male,100,0,0
TXN001039,CUST00257,2024-09-12 16:35:45,Bill Payment,Restaurants,69.75,2571.74,2501.99,N/A,Web Browser,Pakistan,13.2,46,Female,164,0,0
TXN001040,CUST00377,2024-09-12 17:59:55,ATM Withdrawal,Entertainment,231.06,2040.31,1809.25,Yes,Mobile App,UAE,0.0,72,Female,41,0,0
TXN001041,CUST01274,2024-09-12 18:37:47,Bank Transfer,Online Services,106.72,10688.0,10581.28,N/A,POS Terminal,United States,6.6,31,Male,84,0,0
TXN001042,CUST00039,2024-09-12 19:48:28,Wire Transfer,Online Services,1584.27,5722.61,4138.34,N/A,Mobile App,United Kingdom,121.9,57,Male,19,2,1
TXN001043,CUST00568,2024-09-13 15:15:18,Bank Transfer,Groceries,105.3,7383.25,7277.95,N/A,POS Terminal,Pakistan,0.2,56,Female,4,0,0
TXN001044,CUST01581,2024-09-14 09:53:32,Online Purchase,Entertainment,74.69,1650.66,1575.97,Yes,ATM Machine,Canada,24.2,53,Female,46,1,0
TXN001045,CUST01359,2024-09-14 16:43:10,Bill Payment,Electronics,241.4,2113.87,1872.47,N/A,Web Browser,Pakistan,15.1,52,Male,85,0,0
TXN001046,CUST00605,2024-09-14 19:37:50,ATM Withdrawal,Travel,52.09,2510.73,2458.64,Yes,Mobile App,Canada,10.7,62,Male,61,0,0
TXN001047,CUST00903,2024-09-14 23:46:17,Bank Transfer,Electronics,90.68,37907.3,37816.62,N/A,Web Browser,United States,11.0,61,Male,167,0,0
TXN001048,CUST01659,2024-09-15 16:03:38,POS Purchase,Entertainment,49.63,3988.51,3938.88,No,Mobile App,United States,0.5,58,Female,94,0,0
TXN001049,CUST01612,2024-09-15 16:07:11,Online Purchase,Groceries,75.04,5548.27,5979.27,Yes,POS Terminal,Pakistan,1.9,33,Female,39,0,0
TXN001050,CUST00609,2024-09-16 08:51:31,POS Purchase,Groceries,85.34,3993.05,4150.05,Yes,POS Terminal,United States,10.5,60,Female,76,0,0
TXN001051,CUST00790,2024-09-16 09:12:16,Bill Payment,Fuel,283.54,5231.22,4947.68,N/A,Mobile App,United Kingdom,3.8,33,Female,2,0,0
TXN001052,CUST00028,2024-09-16 11:03:49,Wire Transfer,Home Improvement,167.08,3012.68,2845.6,N/A,POS Terminal,United Kingdom,3.0,57,Male,10,2,1
TXN001053,CUST01270,2024-09-16 16:08:55,ATM Withdrawal,Online Services,32.56,3745.81,3713.25,Yes,POS Terminal,Pakistan,2.1,55,Female,35,0,0
TXN001054,CUST00001,2024-09-17 09:16:08,Bank Transfer,Restaurants,49.27,3412.82,3363.55,N/A,Web Browser,United States,21.3,50,Male,14,0,0
TXN001055,CUST00380,2024-09-17 10:09:39,Bank Transfer,Fashion & Apparel,163.24,2418.63,2255.39,N/A,Mobile App,Canada,8.9,28,Female,70,0,0
TXN001056,CUST00760,2024-09-17 13:59:51,Bill Payment,Restaurants,339.71,1513.98,1174.27,N/A,Mobile App,United Kingdom,3.3,24,Female,69,0,0
TXN001057,CUST00237,2024-09-17 20:35:58,POS Purchase,Utilities,75.54,13759.75,13684.21,Yes,Web Browser,Pakistan,0.5,39,Male,77,0,0
TXN001058,CUST00082,2024-09-18 08:28:38,POS Purchase,Utilities,51.83,1245.99,1194.16,No,Mobile App,United Kingdom,13.3,85,Female,59,0,0
TXN001059,CUST01025,2024-09-18 11:03:44,Bill Payment,Online Services,93.85,5390.05,5296.2,N/A,Mobile App,United Kingdom,33.9,63,Female,132,0,0
TXN001060,CUST00813,2024-09-18 13:02:24,Online Purchase,Restaurants,151.43,4419.02,4267.59,Yes,Mobile App,Pakistan,4.8,52,Female,63,0,0
TXN001061,CUST00753,2024-09-18 15:03:26,Online Purchase,Restaurants,41.41,2538.78,2497.37,No,POS Terminal,India,12.3,27,Male,146,0,0
TXN001062,CUST00963,2024-09-18 16:29:54,Bill Payment,Groceries,146.45,6123.38,5976.93,N/A,Mobile App,Pakistan,7.7,22,Male,46,0,0
TXN001063,CUST00194,2024-09-18 20:49:37,POS Purchase,Jewelry & Luxury,45.61,798.28,752.67,No,Web Browser,Germany,16.4,59,Male,71,0,0
TXN001064,CUST01626,2024-09-19 08:11:42,ATM Withdrawal,Fashion & Apparel,48.2,5455.6,5407.4,No,Mobile App,UAE,9.5,82,Male,55,0,0
TXN001065,CUST00039,2024-09-19 08:27:22,POS Purchase,Utilities,43.86,8495.58,8451.72,Yes,ATM Machine,Pakistan,19.6,33,Female,172,0,0
TXN001066,CUST01481,2024-09-19 09:08:13,Online Purchase,Electronics,210.75,3471.19,3727.19,Yes,Mobile App,Pakistan,0.2,40,Female,92,0,0
TXN001067,CUST01466,2024-09-19 10:44:56,Bank Transfer,Restaurants,83.62,1877.53,1793.91,N/A,Mobile App,India,10.4,63,Male,11,0,0
TXN001068,CUST01000,2024-09-19 12:57:35,ATM Withdrawal,Fuel,125.94,5388.81,5262.87,Yes,ATM Machine,Pakistan,0.3,46,Male,77,0,0
TXN001069,CUST00827,2024-09-19 15:38:16,Bill Payment,Fashion & Apparel,51.08,6549.14,6498.06,N/A,Mobile App,Germany,18.0,65,Other,162,0,0
TXN001070,CUST00782,2024-09-19 15:56:02,Online Purchase,Fuel,234.67,5826.6,5591.93,No,Mobile App,United States,13.0,23,Female,3,0,0
TXN001071,CUST00124,2024-09-20 10:39:56,POS Purchase,Online Services,61.59,4971.15,4909.56,No,Mobile App,UAE,3.0,66,Male,33,0,0
TXN001072,CUST01304,2024-09-20 14:48:28,Online Purchase,Groceries,101.65,8670.23,9052.23,Yes,POS Terminal,UAE,30.0,64,Other,77,0,0
TXN001073,CUST01444,2024-09-21 04:40:08,Bill Payment,Travel,201.64,1539.66,1338.02,N/A,Web Browser,United Kingdom,15.3,83,Female,78,0,0
TXN001074,CUST01560,2024-09-21 08:55:41,POS Purchase,Utilities,44.37,1456.6,1412.23,Yes,Mobile App,Pakistan,4.2,36,Male,161,0,0
TXN001075,CUST01035,2024-09-21 10:43:03,Online Purchase,Utilities,66.2,1194.73,1128.53,Yes,Mobile App,United States,28.6,47,Male,108,0,0
TXN001076,CUST01318,2024-09-21 14:05:25,Bank Transfer,Utilities,107.43,528.36,420.93,N/A,Web Browser,United Kingdom,0.4,81,Male,176,0,0
TXN001077,CUST00904,2024-09-21 14:56:02,ATM Withdrawal,Online Services,127.86,9835.99,9708.13,No,POS Terminal,Pakistan,11.9,34,Male,161,0,0
TXN001078,CUST00127,2024-09-21 17:34:05,Bank Transfer,Travel,150.04,6935.95,6785.91,N/A,Mobile App,United Kingdom,5.7,68,Female,127,0,0
TXN001079,CUST01622,2024-09-21 23:40:43,Bank Transfer,Travel,171.14,1531.1,1359.96,N/A,Web Browser,Pakistan,15.5,61,Female,32,0,0
TXN001080,CUST01325,2024-09-23 08:43:14,POS Purchase,Healthcare,176.17,4802.75,4626.58,No,Mobile App,United Kingdom,26.6,36,Female,143,0,0
TXN001081,CUST00759,2024-09-23 12:30:26,Bank Transfer,Restaurants,192.62,16778.48,16585.86,N/A,Mobile App,India,9.7,20,Female,21,0,0
TXN001082,CUST00942,2024-09-23 22:35:06,POS Purchase,Restaurants,138.66,21329.33,21672.33,Yes,ATM Machine,UAE,30.4,75,Female,82,0,0
TXN001083,CUST00038,2024-09-23 23:15:23,Bank Transfer,Electronics,169.83,8411.89,8242.06,N/A,Mobile App,Germany,3.0,56,Male,100,0,0
TXN001084,CUST01350,2024-09-24 08:57:16,Online Purchase,Fuel,65.79,742.52,676.73,No,Web Browser,United Kingdom,2.2,30,Male,45,0,0
TXN001085,CUST00108,2024-09-24 12:34:32,Online Purchase,Electronics,103.43,5457.36,5353.93,No,POS Terminal,Germany,,60,Male,57,0,0
TXN001086,CUST00803,2024-09-24 15:55:50,Bank Transfer,Entertainment,741.99,4893.11,4151.12,N/A,POS Terminal,Canada,1.1,31,Female,162,0,0
TXN001087,CUST01086,2024-09-24 20:22:49,Bank Transfer,Electronics,238.41,16830.97,16592.56,N/A,POS Terminal,United Kingdom,4.0,41,Male,174,0,0
TXN001088,CUST00771,2024-09-25 13:32:16,ATM Withdrawal,Fuel,73.62,4545.68,4472.06,Yes,POS Terminal,Germany,11.4,31,Male,151,0,0
TXN001089,CUST00324,2024-09-25 18:10:31,POS Purchase,Groceries,29.24,703.87,674.63,Yes,Web Browser,United Kingdom,16.3,38,Male,120,0,0
TXN001090,CUST01362,2024-09-25 23:08:20,POS Purchase,Home Improvement,227.12,11130.99,10903.87,No,Web Browser,United Kingdom,2.3,33,Female,125,0,0
TXN001091,CUST00074,2024-09-26 06:58:42,Online Purchase,Groceries,69.17,5540.82,5471.65,No,Mobile App,Pakistan,12.4,59,Male,64,0,0
TXN001092,CUST00717,2024-09-26 10:12:37,POS Purchase,Groceries,42.11,2516.17,2474.06,Yes,POS Terminal,United Kingdom,10.8,36,Male,176,0,0
TXN001093,CUST00250,2024-09-26 12:50:50,POS Purchase,Healthcare,43.4,5782.4,5739.0,Yes,POS Terminal,Pakistan,3.9,63,Male,170,0,0
TXN001094,CUST00520,2024-09-26 16:03:00,POS Purchase,Entertainment,79.74,1453.71,1373.97,Yes,POS Terminal,United Kingdom,1.6,75,Male,153,0,0
TXN001095,CUST00326,2024-09-26 18:02:37,Bank Transfer,Healthcare,112.71,1653.1,1540.39,N/A,Mobile App,Germany,6.5,53,Female,52,0,0
TXN001096,CUST00390,2024-09-26 20:33:28,Online Purchase,Utilities,123.59,599.0,475.41,No,Mobile App,Pakistan,0.6,26,Female,104,0,0
TXN001097,CUST00028,2024-09-26 22:39:46,Bank Transfer,Restaurants,330.54,2362.73,2032.19,N/A,Web Browser,United Kingdom,327.7,54,Male,50,0,1
TXN001098,CUST01317,2024-09-27 11:04:47,POS Purchase,Travel,673.72,4302.13,3628.41,No,Mobile App,United States,0.1,41,Male,45,0,0
TXN001099,CUST00464,2024-09-27 11:26:37,POS Purchase,Entertainment,14.66,5286.51,5271.85,No,Mobile App,Germany,1.7,29,Female,155,0,0
TXN001100,CUST00061,2024-09-27 13:52:24,Online Purchase,Groceries,172.72,21459.17,21286.45,Yes,Mobile App,Canada,10.4,59,Female,45,0,0
TXN001101,CUST00187,2024-09-27 15:07:40,Bank Transfer,Groceries,168.17,1345.32,1177.15,N/A,Web Browser,United Kingdom,2.5,45,Male,92,0,0
TXN001102,CUST01603,2024-09-28 12:15:42,POS Purchase,Utilities,117.72,2121.32,2003.6,No,Web Browser,United Kingdom,1.9,38,Female,24,0,0
TXN001103,CUST00577,2024-09-28 15:32:27,Bill Payment,Groceries,58.27,2353.73,2295.46,N/A,Web Browser,Pakistan,7.1,81,Female,33,0,0
TXN001104,CUST00707,2024-09-28 16:13:56,Bill Payment,Utilities,203.14,7253.48,7050.34,N/A,POS Terminal,Canada,1.0,62,Female,169,0,0
TXN001105,CUST01243,2024-09-28 17:16:52,Online Purchase,Groceries,98.33,3003.52,3068.52,No,Mobile App,Australia,3.1,47,Female,79,0,0
TXN001106,CUST01531,2024-09-28 18:12:22,Online Purchase,Fashion & Apparel,37.97,576.61,538.64,Yes,Web Browser,United Kingdom,3.4,29,Female,86,0,0
TXN001107,CUST01675,2024-09-29 04:47:38,POS Purchase,Electronics,298.95,5507.96,5982.96,Yes,ATM Machine,United States,17.4,20,Female,44,0,0
TXN001108,CUST00441,2024-09-29 08:03:20,Bank Transfer,Entertainment,63.78,1173.95,1110.17,N/A,Web Browser,India,11.7,60,Female,135,0,0
TXN001109,CUST01408,2024-09-29 11:52:33,POS Purchase,Utilities,76.93,3314.14,3237.21,No,POS Terminal,Germany,5.5,85,Male,86,0,0
TXN001110,CUST00458,2024-09-29 12:24:00,Bank Transfer,Entertainment,106.79,1626.87,1520.08,N/A,Mobile App,United States,4.8,72,Female,161,0,0
TXN001111,CUST01239,2024-09-29 14:04:43,Bank Transfer,Home Improvement,75.67,19711.04,19635.37,N/A,Mobile App,UAE,8.5,77,Male,70,0,0
TXN001112,CUST01276,2024-09-29 17:26:32,POS Purchase,Entertainment,61.35,2537.68,2476.33,Yes,ATM Machine,Canada,0.1,56,Male,135,0,0
TXN001113,CUST00328,2024-09-29 17:58:40,Online Purchase,Online Services,188.18,6368.53,6765.53,No,POS Terminal,United Kingdom,0.3,77,Male,10,0,0
TXN001114,CUST00430,2024-09-30 09:08:11,Bank Transfer,Healthcare,27.85,6426.58,6398.73,N/A,Mobile App,United States,5.1,53,Male,117,0,0
TXN001115,CUST01272,2024-09-30 15:45:16,Bill Payment,Fashion & Apparel,85.2,4657.47,4572.27,N/A,Web Browser,United States,11.9,82,Female,62,0,0
TXN001116,CUST01109,2024-09-30 18:59:27,POS Purchase,Online Services,40.46,5465.92,5425.46,Yes,Web Browser,Pakistan,9.6,20,Male,25,0,0
TXN001117,CUST00015,2024-09-30 22:25:23,Wire Transfer,Fuel,267.53,2340.93,2073.4,N/A,Mobile App,United Kingdom,9.8,50,Female,150,0,0
TXN001118,CUST00828,2024-10-01 03:37:56,POS Purchase,Restaurants,49.94,6347.51,6297.57,No,Mobile App,UAE,19.4,35,Male,21,0,0
TXN001119,CUST01206,2024-10-01 04:29:24,ATM Withdrawal,Utilities,364.52,3812.62,3448.1,No,Web Browser,Pakistan,2.0,57,Male,34,0,0
TXN001120,CUST00573,2024-10-01 08:31:54,POS Purchase,Healthcare,140.49,4747.63,4607.14,Yes,Web Browser,Canada,38.1,52,Female,22,0,0
TXN001121,CUST01092,2024-10-01 10:48:53,POS Purchase,Groceries,73.99,11366.63,11292.64,Yes,Web Browser,Canada,1.0,69,Female,109,0,0
TXN001122,CUST01656,2024-10-01 17:11:20,Online Purchase,Online Services,342.81,5940.72,5597.91,Yes,Mobile App,India,21.8,59,Female,177,0,0
TXN001123,CUST01211,2024-10-02 11:12:45,POS Purchase,Restaurants,24.52,932.86,908.34,Yes,ATM Machine,Germany,18.5,41,Other,5,0,0
TXN001124,CUST00431,2024-10-02 13:17:49,Bill Payment,Online Services,63.16,3331.13,3267.97,N/A,Mobile App,United Kingdom,10.0,27,Female,155,0,0
TXN001125,CUST01454,2024-10-02 17:25:38,POS Purchase,Groceries,37.37,575.43,538.06,No,Web Browser,UAE,14.3,58,Male,142,0,0
TXN001126,CUST00485,2024-10-03 09:35:20,POS Purchase,Groceries,35.93,3233.72,3197.79,No,Mobile App,United Kingdom,2.8,81,Male,101,0,0
TXN001127,CUST01483,2024-10-03 10:19:50,POS Purchase,Groceries,70.39,2046.21,1975.82,Yes,Mobile App,UAE,21.8,40,Female,13,0,0
TXN001128,CUST00176,2024-10-03 12:05:53,Bank Transfer,Utilities,19.67,2335.87,2316.2,N/A,POS Terminal,United Kingdom,6.4,22,Male,52,0,0
TXN001129,CUST01584,2024-10-03 13:15:01,Online Purchase,Electronics,213.93,3280.19,3066.26,Yes,Mobile App,Germany,2.5,50,Male,117,0,0
TXN001130,CUST01083,2024-10-03 14:46:20,Online Purchase,Healthcare,60.77,8400.04,8339.27,Yes,Mobile App,Pakistan,0.6,70,Male,173,0,0
TXN001131,CUST01729,2024-10-03 14:53:59,Online Purchase,Restaurants,164.47,1675.62,1511.15,No,Web Browser,United Kingdom,38.6,20,Male,126,0,0
TXN001132,CUST00272,2024-10-03 15:58:21,Bank Transfer,Electronics,57.58,4723.71,4666.13,N/A,Mobile App,United Kingdom,6.1,20,Female,116,0,0
TXN001133,CUST00817,2024-10-03 17:01:38,Online Purchase,Fuel,686.39,540.93,-145.46,No,POS Terminal,Canada,7.5,67,Female,179,0,0
TXN001134,CUST01273,2024-10-03 17:08:22,POS Purchase,Restaurants,201.78,11778.79,11874.79,No,Mobile App,United Kingdom,22.3,46,Male,136,0,0
TXN001135,CUST00338,2024-10-03 20:59:34,Wire Transfer,Fashion & Apparel,131.63,2130.61,1998.98,N/A,ATM Machine,Germany,23.9,66,Male,141,0,0
TXN001136,CUST00362,2024-10-04 11:50:10,Online Purchase,Electronics,588.12,5170.01,4581.89,Yes,Mobile App,United Kingdom,3.2,36,Other,23,0,0
TXN001137,CUST00375,2024-10-04 14:11:45,Online Purchase,Fashion & Apparel,129.94,7304.03,7453.03,Yes,Mobile App,Germany,,18,Male,45,0,0
TXN001138,CUST00526,2024-10-04 17:11:22,Bank Transfer,Restaurants,118.2,8808.16,8689.96,N/A,Mobile App,United States,88.1,36,Male,148,0,0
TXN001139,CUST00058,2024-10-05 05:25:23,Online Purchase,Electronics,508.17,1816.7,1992.7,No,Mobile App,United States,135.0,54,Female,79,0,1
TXN001140,CUST01645,2024-10-05 15:57:56,ATM Withdrawal,Groceries,130.61,5676.45,5545.84,Yes,Mobile App,United States,0.5,46,Male,167,0,0
TXN001141,CUST01659,2024-10-05 17:55:17,ATM Withdrawal,Utilities,59.02,4942.59,4883.57,No,ATM Machine,United Kingdom,6.3,72,Female,47,0,0
TXN001142,CUST01372,2024-10-05 20:17:00,Online Purchase,Restaurants,48.19,5662.46,5614.27,Yes,Web Browser,Pakistan,8.2,57,Female,80,0,0
TXN001143,CUST00046,2024-10-06 01:40:44,Online Purchase,Home Improvement,553.52,4810.2,4256.68,Yes,Web Browser,United Kingdom,145.5,46,Female,7,2,1
TXN001144,CUST00002,2024-10-06 04:12:17,Bank Transfer,Travel,1571.55,1056.15,-515.4,N/A,Mobile App,Pakistan,180.3,32,Male,36,0,1
TXN001145,CUST01373,2024-10-06 08:35:54,Bank Transfer,Travel,169.14,5364.05,5194.91,N/A,Mobile App,India,7.9,42,Male,131,1,0
TXN001146,CUST01709,2024-10-06 15:14:15,POS Purchase,Groceries,461.37,2716.89,3041.89,No,POS Terminal,Germany,41.9,21,Female,48,0,0
TXN001147,CUST00134,2024-10-06 17:59:55,ATM Withdrawal,Groceries,94.85,3096.76,3001.91,No,Web Browser,Canada,14.0,36,Male,56,0,0
TXN001148,CUST00456,2024-10-06 19:32:56,Online Purchase,Travel,200.54,2574.7,2374.16,Yes,POS Terminal,United Kingdom,3.3,64,Male,58,0,0
TXN001149,CUST01619,2024-10-07 12:52:47,Bill Payment,Utilities,129.39,297.14,167.75,N/A,Mobile App,Pakistan,32.0,55,Female,9,0,0
TXN001150,CUST00910,2024-10-07 14:50:36,POS Purchase,Healthcare,227.52,3680.0,3452.48,No,Web Browser,India,49.4,63,Female,74,0,0
TXN001151,CUST00051,2024-10-08 03:48:13,Online Purchase,Online Services,996.83,3505.93,2509.1,No,Web Browser,United States,27.7,43,Female,8,0,1
TXN001152,CUST01001,2024-10-08 11:11:28,Online Purchase,Entertainment,146.42,1044.93,898.51,No,Mobile App,United Kingdom,13.2,19,Female,178,0,0
TXN001153,CUST01182,2024-10-08 19:24:26,Bank Transfer,Fuel,28.48,8580.15,8551.67,N/A,POS Terminal,Pakistan,3.1,60,Female,179,0,0
TXN001154,CUST00787,2024-10-09 19:52:15,Online Purchase,Entertainment,138.32,7130.11,6991.79,Yes,Mobile App,Pakistan,18.7,35,Male,37,0,0
TXN001155,CUST00540,2024-10-10 12:10:27,Online Purchase,Travel,150.87,1891.49,1740.62,Yes,Web Browser,Germany,8.1,21,Male,97,1,0
TXN001156,CUST00523,2024-10-10 12:38:38,Bill Payment,Utilities,150.0,21231.7,21081.7,N/A,Web Browser,United Kingdom,5.3,81,Female,52,0,0
TXN001157,CUST01167,2024-10-10 14:06:47,Bank Transfer,Online Services,121.24,1602.23,1480.99,N/A,Mobile App,Canada,16.4,22,Male,82,0,0
TXN001158,CUST01107,2024-10-10 17:57:16,Bank Transfer,Fuel,178.24,4106.36,3928.12,N/A,POS Terminal,Pakistan,16.5,75,Male,92,0,0
TXN001159,CUST00904,2024-10-10 20:01:04,Bank Transfer,Online Services,214.37,8417.47,8203.1,N/A,Web Browser,United States,4.6,44,Female,25,0,0
TXN001160,CUST00999,2024-10-11 10:38:29,Online Purchase,Fuel,105.04,1132.11,1027.07,No,POS Terminal,Canada,3.8,45,Male,88,0,0
TXN001161,CUST00667,2024-10-11 12:42:26,ATM Withdrawal,Travel,101.51,1589.66,1488.15,No,Web Browser,UAE,5.0,78,Male,65,0,0
TXN001162,CUST00316,2024-10-11 23:30:04,ATM Withdrawal,Fashion & Apparel,234.87,2898.89,2664.02,Yes,Mobile App,United States,13.8,72,Female,117,0,0
TXN001163,CUST01576,2024-10-12 12:54:59,POS Purchase,Entertainment,76.93,11128.91,11051.98,Yes,Mobile App,United Kingdom,32.5,40,Female,131,0,0
TXN001164,CUST00691,2024-10-12 13:50:42,ATM Withdrawal,Online Services,78.31,2407.71,2329.4,Yes,Web Browser,India,4.7,66,Female,139,0,0
TXN001165,CUST01265,2024-10-12 18:24:57,Online Purchase,Electronics,28.96,2921.08,2892.12,Yes,Web Browser,United Kingdom,4.1,56,Male,91,0,0
TXN001166,CUST00389,2024-10-12 19:24:38,Bill Payment,Utilities,294.57,5320.26,5025.69,N/A,Web Browser,Australia,4.6,66,Male,49,0,0
TXN001167,CUST01193,2024-10-13 10:34:43,Wire Transfer,Groceries,250.57,3276.76,3026.19,N/A,Web Browser,Canada,15.0,63,Female,175,0,0
TXN001168,CUST01524,2024-10-13 11:00:45,POS Purchase,Fashion & Apparel,103.38,36540.49,36437.11,Yes,Mobile App,United States,15.9,31,Male,145,0,0
TXN001169,CUST00465,2024-10-13 13:59:08,Bill Payment,Fuel,118.53,1984.13,1865.6,N/A,POS Terminal,United Kingdom,5.4,46,Male,128,0,0
TXN001170,CUST00288,2024-10-13 15:24:09,ATM Withdrawal,Travel,171.32,13161.01,12989.69,No,POS Terminal,United Kingdom,4.3,22,Female,100,0,0
TXN001171,CUST01343,2024-10-13 17:35:53,ATM Withdrawal,Groceries,115.58,3588.03,3472.45,No,Mobile App,Germany,13.7,37,Female,62,0,0
TXN001172,CUST01616,2024-10-14 06:19:05,POS Purchase,Travel,87.58,3588.63,3621.63,No,Mobile App,Pakistan,13.3,54,Female,43,0,0
TXN001173,CUST00102,2024-10-14 09:23:01,Online Purchase,Travel,170.01,7188.44,7018.43,Yes,Web Browser,United States,2.2,74,Male,7,0,0
TXN001174,CUST00310,2024-10-14 15:54:14,Online Purchase,Fashion & Apparel,173.32,2780.5,2607.18,Yes,POS Terminal,Pakistan,9.4,82,Male,97,0,0
TXN001175,CUST00295,2024-10-14 19:07:22,POS Purchase,Fashion & Apparel,45.06,2002.54,1957.48,Yes,POS Terminal,United States,8.9,69,Male,156,0,0
TXN001176,CUST01580,2024-10-14 20:16:05,Online Purchase,Travel,37.43,986.97,949.54,No,Mobile App,United States,6.0,72,Male,118,0,0
TXN001177,CUST00198,2024-10-14 20:32:33,Bill Payment,Groceries,84.91,2278.38,2193.47,N/A,Mobile App,United Kingdom,30.2,46,Female,121,0,0
TXN001178,CUST01666,2024-10-14 20:47:39,Online Purchase,Entertainment,37.27,2008.23,1970.96,No,POS Terminal,Pakistan,4.5,31,Female,179,0,0
TXN001179,CUST00535,2024-10-14 20:52:41,POS Purchase,Utilities,142.21,2354.93,2212.72,Yes,POS Terminal,Canada,7.6,25,Male,48,0,0
TXN001180,CUST00054,2024-10-15 22:31:13,Online Purchase,Restaurants,1671.26,584.66,-1086.6,No,Web Browser,United Kingdom,230.1,37,Male,1,0,1
TXN001181,CUST01270,2024-10-16 13:22:55,Bill Payment,Online Services,229.07,17792.03,17562.96,N/A,Web Browser,United States,4.9,21,Female,175,0,0
TXN001182,CUST00527,2024-10-17 17:46:57,POS Purchase,Travel,38.21,1305.25,1267.04,No,Mobile App,United States,9.5,72,Female,105,0,0
TXN001183,CUST01259,2024-10-18 10:13:17,Online Purchase,Home Improvement,66.09,961.83,895.74,Yes,Mobile App,India,10.6,72,Female,32,0,0
TXN001184,CUST00295,2024-10-18 20:49:51,POS Purchase,Healthcare,143.18,4237.4,4094.22,No,Web Browser,Germany,1.5,57,Male,79,0,0
TXN001185,CUST01145,2024-10-18 20:51:59,POS Purchase,Utilities,152.1,1612.18,1460.08,No,Web Browser,Canada,7.4,84,Male,12,0,0
TXN001186,CUST01442,2024-10-19 06:58:36,Online Purchase,Entertainment,56.73,940.66,940.66,Yes,Web Browser,United States,1.6,34,Female,128,0,0
TXN001187,CUST01101,2024-10-19 16:56:44,POS Purchase,Groceries,722.75,5889.99,5167.24,Yes,POS Terminal,UAE,19.2,22,Male,27,0,0
TXN001188,CUST01448,2024-10-20 10:49:48,POS Purchase,Groceries,64.05,1814.63,1750.58,Yes,Web Browser,United States,20.3,57,Female,123,0,0
TXN001189,CUST01361,2024-10-20 15:09:26,Online Purchase,Electronics,187.45,5664.72,5477.27,Yes,ATM Machine,United States,7.0,76,Male,131,0,0
TXN001190,CUST00828,2024-10-21 06:13:53,POS Purchase,Groceries,67.92,519.32,451.4,No,POS Terminal,United Kingdom,4.1,42,Female,77,0,0
TXN001191,CUST01252,2024-10-21 11:08:00,POS Purchase,Electronics,77.32,1251.75,1174.43,No,POS Terminal,UAE,9.6,20,Female,109,0,0
TXN001192,CUST00288,2024-10-21 15:09:30,POS Purchase,Entertainment,173.77,749.48,1221.48,No,Mobile App,Pakistan,6.1,81,Male,66,0,0
TXN001193,CUST01524,2024-10-21 17:53:44,Bank Transfer,Utilities,124.53,3481.65,3357.12,N/A,POS Terminal,United Kingdom,15.9,59,Male,88,0,0
TXN001194,CUST01427,2024-10-21 20:08:00,POS Purchase,Fuel,113.84,3318.31,3204.47,No,Mobile App,United States,24.6,73,Female,129,0,0
TXN001195,CUST00770,2024-10-22 09:07:53,ATM Withdrawal,Travel,57.12,3586.1,3528.98,Yes,Mobile App,United States,25.1,61,Female,113,0,0
TXN001196,CUST01017,2024-10-22 11:18:37,Wire Transfer,Entertainment,69.88,5228.7,5158.82,N/A,Web Browser,United Kingdom,9.8,34,Male,150,0,0
TXN001197,CUST00594,2024-10-22 18:56:06,Bank Transfer,Groceries,271.18,6040.5,5769.32,N/A,Mobile App,Canada,11.6,35,Female,20,0,0
TXN001198,CUST00717,2024-10-22 19:06:17,Online Purchase,Fuel,1390.24,2753.79,1363.55,Yes,Mobile App,Germany,13.1,33,Male,131,0,0
TXN001199,CUST01669,2024-10-23 06:02:34,ATM Withdrawal,Electronics,289.19,15048.95,14759.76,No,Web Browser,Pakistan,17.1,72,Male,17,0,0
TXN001200,CUST01217,2024-10-23 09:36:30,ATM Withdrawal,Restaurants,482.41,1784.54,1302.13,Yes,ATM Machine,United Kingdom,18.3,44,Female,122,0,0
TXN001201,CUST01518,2024-10-23 18:16:48,POS Purchase,Groceries,47.61,8029.68,7982.07,Yes,Web Browser,United Kingdom,2.7,62,Male,128,0,0
TXN001202,CUST01549,2024-10-23 19:17:48,Bill Payment,Utilities,61.46,1994.5,1933.04,N/A,POS Terminal,Pakistan,0.0,76,Male,1,0,0
TXN001203,CUST01467,2024-10-23 19:36:32,Wire Transfer,Electronics,41.42,10093.88,10052.46,N/A,Mobile App,United Kingdom,13.6,34,Female,90,0,0
TXN001204,CUST00164,2024-10-24 08:32:11,Wire Transfer,Fashion & Apparel,32.11,1536.07,1503.96,N/A,Mobile App,United States,0.5,55,Male,132,0,0
TXN001205,CUST01114,2024-10-24 10:41:02,Online Purchase,Groceries,198.18,492.19,294.01,No,Web Browser,India,44.7,62,Female,128,0,0
TXN001206,CUST00204,2024-10-24 10:59:17,Bill Payment,Healthcare,278.71,2776.7,2497.99,N/A,Web Browser,United Kingdom,6.3,43,Male,178,0,0
TXN001207,CUST00889,2024-10-24 13:01:15,Bank Transfer,Online Services,219.8,12327.71,12107.91,N/A,ATM Machine,Canada,7.5,53,Female,150,0,0
TXN001208,CUST00136,2024-10-24 15:43:07,POS Purchase,Restaurants,26.2,4306.94,4280.74,Yes,POS Terminal,UAE,0.4,20,Male,82,0,0
TXN001209,CUST00570,2024-10-24 19:52:19,Bank Transfer,Groceries,65.4,26431.9,26366.5,N/A,Web Browser,United States,2.6,34,Female,75,0,0
TXN001210,CUST01161,2024-10-24 21:29:56,POS Purchase,Entertainment,204.73,4442.66,4237.93,No,POS Terminal,United States,3.7,25,Male,141,0,0
TXN001211,CUST01096,2024-10-25 09:31:08,ATM Withdrawal,Entertainment,324.91,3326.97,3002.06,Yes,Web Browser,United States,14.6,61,Female,78,0,0
TXN001212,CUST01111,2024-10-25 12:03:08,Online Purchase,Utilities,48.49,987.79,939.3,Yes,Mobile App,United Kingdom,2.3,77,Female,59,0,0
TXN001213,CUST00047,2024-10-25 16:28:24,POS Purchase,Restaurants,96.22,8834.12,8737.9,Yes,ATM Machine,United States,2.3,40,Female,29,0,0
TXN001214,CUST00032,2024-10-25 23:40:15,Online Purchase,Entertainment,4326.48,7988.75,3662.27,No,Web Browser,United Kingdom,729.0,64,Male,24,1,1
TXN001215,CUST00728,2024-10-26 13:17:08,Wire Transfer,Groceries,342.07,11631.88,11289.81,N/A,ATM Machine,Canada,22.7,37,Female,27,0,0
TXN001216,CUST00918,2024-10-26 15:12:49,ATM Withdrawal,Travel,179.59,1286.0,1106.41,No,Web Browser,United Kingdom,3.0,61,Male,179,0,0
TXN001217,CUST01639,2024-10-26 18:32:00,Wire Transfer,Travel,240.17,4578.35,4338.18,N/A,POS Terminal,Canada,20.5,41,Female,141,0,0
TXN001218,CUST00546,2024-10-27 15:15:48,Bill Payment,Entertainment,18.14,11953.87,11935.73,N/A,Mobile App,United Kingdom,4.6,32,Female,72,0,0
TXN001219,CUST00973,2024-10-27 18:42:35,POS Purchase,Entertainment,144.28,1195.13,1050.85,Yes,Mobile App,United States,0.3,85,Female,56,0,0
TXN001220,CUST00091,2024-10-27 19:21:38,Online Purchase,Groceries,62.66,5536.12,5473.46,No,ATM Machine,Germany,3.7,62,Male,81,0,0
TXN001221,CUST00919,2024-10-27 20:06:11,Bank Transfer,Healthcare,443.0,6479.17,6036.17,N/A,Web Browser,United Kingdom,7.8,49,Female,128,0,0
TXN001222,CUST00952,2024-10-27 20:48:46,POS Purchase,Travel,253.18,14917.88,14664.7,Yes,Web Browser,United Kingdom,22.2,49,Male,105,0,0
TXN001223,CUST00012,2024-10-28 09:26:21,POS Purchase,Entertainment,341.49,2636.47,2294.98,Yes,POS Terminal,Canada,5.4,28,Female,157,0,0
TXN001224,CUST01520,2024-10-28 10:59:18,Bank Transfer,Groceries,291.01,2201.0,1909.99,N/A,Web Browser,Germany,0.2,70,Female,3,0,0
TXN001225,CUST01533,2024-10-28 13:30:21,Bill Payment,Entertainment,72.17,6262.89,6190.72,N/A,POS Terminal,Pakistan,11.0,56,Male,88,0,0
TXN001226,CUST00804,2024-10-28 15:38:55,ATM Withdrawal,Fashion & Apparel,370.18,19593.87,19223.69,No,Web Browser,Pakistan,11.6,57,Male,130,0,0
TXN001227,CUST01164,2024-10-28 16:49:56,Online Purchase,Fuel,137.57,42464.14,42736.14,Yes,Mobile App,Pakistan,6.7,69,Male,44,0,0
TXN001228,CUST01149,2024-10-28 17:09:18,Online Purchase,Fashion & Apparel,136.56,9199.56,9063.0,No,Web Browser,United Kingdom,29.8,34,Female,9,0,0
TXN001229,CUST01661,2024-10-29 09:49:41,Wire Transfer,Fuel,114.53,1195.33,1080.8,N/A,Mobile App,United Kingdom,4.5,49,Male,129,0,0
TXN001230,CUST01556,2024-10-29 11:39:50,Online Purchase,Home Improvement,67.92,7839.8,7771.88,Yes,Mobile App,India,0.7,51,Female,27,0,0
TXN001231,CUST01361,2024-10-29 19:47:17,Online Purchase,Fuel,18.14,8687.6,8714.6,No,POS Terminal,United Kingdom,32.7,32,Female,44,0,0
TXN001232,CUST00419,2024-10-30 08:24:37,ATM Withdrawal,Electronics,87.72,10000.54,9912.82,Yes,POS Terminal,Pakistan,3.4,46,Female,34,0,0
TXN001233,CUST00012,2024-10-31 04:57:20,Wire Transfer,Jewelry & Luxury,1547.59,4879.84,3332.25,N/A,Mobile App,Canada,56.4,29,Male,35,0,1
TXN001234,CUST01715,2024-10-31 11:28:17,Bank Transfer,Travel,52.23,648.88,596.65,N/A,Mobile App,United Kingdom,5.4,39,Other,126,0,0
TXN001235,CUST01246,2024-10-31 13:59:06,Online Purchase,Electronics,75.59,3255.54,3179.95,Yes,POS Terminal,United States,2.2,58,Male,81,0,0
TXN001236,CUST00744,2024-10-31 15:17:48,POS Purchase,Fuel,110.68,5520.61,5409.93,No,Web Browser,United Kingdom,1.8,65,Female,45,0,0
TXN001237,CUST00055,2024-10-31 22:52:10,Online Purchase,Online Services,238.94,5550.03,5311.09,No,Mobile App,United Kingdom,52.0,65,Female,2,0,1
TXN001238,CUST01701,2024-11-01 12:43:05,Wire Transfer,Fuel,104.8,1893.05,1788.25,N/A,Mobile App,Germany,0.3,31,Male,74,0,0
TXN001239,CUST00579,2024-11-01 12:58:48,Online Purchase,Utilities,13.89,6878.41,6864.52,Yes,Mobile App,United Kingdom,12.7,70,Female,86,0,0
TXN001240,CUST01624,2024-11-02 10:05:18,Online Purchase,Groceries,53.42,7300.81,7247.39,No,Web Browser,India,0.7,22,Male,178,1,0
TXN001241,CUST00996,2024-11-02 17:24:28,POS Purchase,Fashion & Apparel,18.92,4717.22,4698.3,Yes,Mobile App,India,3.2,53,Female,6,0,0
TXN001242,CUST01153,2024-11-02 18:53:46,ATM Withdrawal,Utilities,104.35,26809.07,26704.72,No,POS Terminal,United Kingdom,2.8,19,Female,177,0,0
TXN001243,CUST01105,2024-11-02 19:03:59,Online Purchase,Fashion & Apparel,254.36,4266.22,4011.86,Yes,POS Terminal,United Kingdom,0.3,34,Male,175,0,0
TXN001244,CUST00229,2024-11-03 09:30:30,Bill Payment,Groceries,85.15,6267.1,6181.95,N/A,Web Browser,Germany,13.0,38,Male,53,0,0
TXN001245,CUST00204,2024-11-03 14:20:44,Bill Payment,Groceries,235.87,858.26,622.39,N/A,POS Terminal,Canada,27.8,26,Male,97,0,0
TXN001246,CUST01716,2024-11-03 17:15:17,Wire Transfer,Fashion & Apparel,97.44,3654.34,3556.9,N/A,Web Browser,United States,6.9,23,Female,61,0,0
TXN001247,CUST00189,2024-11-03 17:57:16,POS Purchase,Electronics,76.85,986.87,910.02,Yes,Mobile App,United Kingdom,11.0,33,Male,10,0,0
TXN001248,CUST00939,2024-11-04 10:47:51,POS Purchase,Electronics,49.88,1362.27,1312.39,Yes,POS Terminal,Australia,1.1,34,Male,21,0,0
TXN001249,CUST00044,2024-11-04 15:52:36,ATM Withdrawal,Fuel,225.17,3206.37,2981.2,Yes,ATM Machine,Australia,2.2,51,Male,148,0,0
TXN001250,CUST00109,2024-11-05 02:00:06,Wire Transfer,Entertainment,78.54,2361.64,2283.1,N/A,POS Terminal,United Kingdom,2.2,25,Male,176,0,0
TXN001251,CUST01456,2024-11-05 06:31:26,Bill Payment,Electronics,120.43,3029.73,2909.3,N/A,Web Browser,United Kingdom,4.7,84,Female,161,0,0
TXN001252,CUST01551,2024-11-05 16:56:58,POS Purchase,Entertainment,47.45,16788.12,16823.12,Yes,POS Terminal,Pakistan,3.4,73,Male,102,1,0
TXN001253,CUST00217,2024-11-06 08:23:52,ATM Withdrawal,Fashion & Apparel,293.11,313.11,20.0,No,POS Terminal,United Kingdom,3.9,80,Male,97,0,0
TXN001254,CUST01403,2024-11-06 12:39:12,Online Purchase,Utilities,113.28,1629.48,2045.48,Yes,POS Terminal,Germany,0.2,51,Male,159,0,0
TXN001255,CUST00031,2024-11-06 14:20:28,Online Purchase,Healthcare,48.69,2062.04,2013.35,Yes,Mobile App,Pakistan,2.3,58,Female,162,0,0
TXN001256,CUST00380,2024-11-06 15:10:52,Online Purchase,Fashion & Apparel,455.29,1970.55,1515.26,No,Mobile App,Germany,28.6,23,Male,23,0,0
TXN001257,CUST01384,2024-11-06 15:20:58,POS Purchase,Home Improvement,62.62,5099.0,5036.38,No,POS Terminal,UAE,12.4,29,Male,148,0,0
TXN001258,CUST00366,2024-11-06 18:00:57,Bill Payment,Healthcare,76.84,16857.91,16781.07,N/A,POS Terminal,United Kingdom,1.7,62,Female,170,0,0
TXN001259,CUST00991,2024-11-07 08:59:29,POS Purchase,Restaurants,253.41,6700.57,6447.16,Yes,POS Terminal,United States,1.9,69,Male,118,0,0
TXN001260,CUST01164,2024-11-07 09:32:13,Online Purchase,Fuel,157.63,1114.45,956.82,Yes,POS Terminal,United Kingdom,15.8,38,Female,110,0,0
TXN001261,CUST01072,2024-11-07 11:32:04,Online Purchase,Fuel,195.54,6091.58,5896.04,No,POS Terminal,Canada,0.4,63,Male,174,0,0
TXN001262,CUST01601,2024-11-07 15:47:26,Bill Payment,Entertainment,99.02,11277.35,11178.33,N/A,POS Terminal,United Kingdom,39.2,20,Female,75,0,0
TXN001263,CUST01148,2024-11-08 06:08:19,Bill Payment,Fuel,328.5,2902.34,2573.84,N/A,ATM Machine,United States,48.6,70,Male,5,0,0
TXN001264,CUST00610,2024-11-08 10:43:28,ATM Withdrawal,Fashion & Apparel,69.83,2640.89,2571.06,No,Mobile App,Germany,10.3,70,Male,16,0,0
TXN001265,CUST01609,2024-11-08 17:20:12,ATM Withdrawal,Healthcare,248.46,2195.67,1947.21,Yes,Mobile App,Pakistan,17.2,74,Male,89,0,0
TXN001266,CUST01458,2024-11-08 23:10:25,POS Purchase,Travel,99.25,8158.89,8059.64,Yes,POS Terminal,United Kingdom,1.2,76,Female,176,0,0
TXN001267,CUST00511,2024-11-09 10:18:01,Online Purchase,Groceries,84.9,6277.17,6192.27,Yes,Web Browser,India,0.6,65,Male,41,0,0
TXN001268,CUST00926,2024-11-09 11:56:43,ATM Withdrawal,Entertainment,163.22,7219.63,7056.41,No,Mobile App,India,21.9,27,Other,55,0,0
TXN001269,CUST01229,2024-11-09 15:35:43,Online Purchase,Travel,54.98,2371.29,2316.31,No,Web Browser,United Kingdom,9.6,69,Male,89,0,0
TXN001270,CUST00327,2024-11-09 17:28:10,Bill Payment,Healthcare,88.84,4033.72,3944.88,N/A,Mobile App,United States,3.7,70,Female,4,0,0
TXN001271,CUST00086,2024-11-09 19:07:50,ATM Withdrawal,Restaurants,59.88,1372.97,1313.09,Yes,Mobile App,United Kingdom,6.3,35,Female,140,0,0
TXN001272,CUST01551,2024-11-09 19:36:00,Online Purchase,Utilities,43.61,3771.12,4121.12,Yes,Web Browser,Australia,1.7,68,Male,118,0,0
TXN001273,CUST01210,2024-11-10 04:41:06,POS Purchase,Fashion & Apparel,205.45,3860.57,3655.12,No,Web Browser,Australia,1.5,51,Female,108,0,0
TXN001274,CUST00837,2024-11-10 18:30:08,POS Purchase,Entertainment,402.62,1783.81,2248.81,No,POS Terminal,Australia,12.1,46,Female,9,0,0
TXN001275,CUST00813,2024-11-10 18:47:36,Bank Transfer,Entertainment,166.94,3234.93,3067.99,N/A,Web Browser,India,8.2,69,Female,114,0,0
TXN001276,CUST00714,2024-11-11 13:44:04,Online Purchase,Groceries,665.17,2392.14,1726.97,Yes,POS Terminal,UAE,12.0,45,Male,144,0,0
TXN001277,CUST01271,2024-11-11 16:46:51,POS Purchase,Electronics,170.11,8906.45,8736.34,Yes,Mobile App,Germany,0.3,82,Male,124,0,0
TXN001278,CUST00598,2024-11-11 19:13:29,Bank Transfer,Healthcare,115.68,4668.64,4552.96,N/A,Web Browser,Pakistan,13.2,33,Male,167,0,0
TXN001279,CUST00036,2024-11-11 23:55:45,ATM Withdrawal,Fashion & Apparel,170.59,2791.32,2620.73,Yes,POS Terminal,Germany,3.4,72,Female,15,0,0
TXN001280,CUST01200,2024-11-12 02:01:13,POS Purchase,Utilities,132.09,15038.6,15207.6,No,ATM Machine,Canada,15.2,57,Male,139,0,0
TXN001281,CUST00325,2024-11-12 11:19:40,Online Purchase,Restaurants,209.5,6656.33,7070.33,No,Web Browser,Pakistan,31.7,18,Female,157,0,0
TXN001282,CUST00082,2024-11-12 13:09:43,Bank Transfer,Electronics,112.88,27512.06,27399.18,N/A,Mobile App,Pakistan,3.1,49,Male,14,0,0
TXN001283,CUST01470,2024-11-12 13:57:21,ATM Withdrawal,Fashion & Apparel,57.4,7665.77,7608.37,No,Mobile App,United Kingdom,19.1,19,Female,132,0,0
TXN001284,CUST01360,2024-11-12 15:36:05,Bank Transfer,Restaurants,89.35,31719.03,31629.68,N/A,POS Terminal,United States,8.6,57,Male,65,0,0
TXN001285,CUST00341,2024-11-13 08:20:56,POS Purchase,Online Services,173.58,253.75,80.17,Yes,ATM Machine,United States,30.8,18,Female,125,0,0
TXN001286,CUST01635,2024-11-13 10:29:40,Online Purchase,Groceries,38.44,3086.33,3436.33,No,Mobile App,Germany,18.4,20,Male,56,0,0
TXN001287,CUST00721,2024-11-13 11:12:19,Online Purchase,Online Services,286.05,4558.1,4272.05,Yes,Mobile App,United Kingdom,10.0,82,Female,74,0,0
TXN001288,CUST01162,2024-11-13 17:41:24,POS Purchase,Travel,733.08,5995.58,5262.5,Yes,Mobile App,Australia,1.9,38,Male,61,0,0
TXN001289,CUST00569,2024-11-13 19:28:40,ATM Withdrawal,Restaurants,77.39,721.66,644.27,No,Web Browser,United Kingdom,0.6,32,Female,55,0,0
TXN001290,CUST00252,2024-11-14 08:22:24,POS Purchase,Fuel,399.73,4342.84,3943.11,Yes,POS Terminal,United States,1.4,36,Female,81,0,0
TXN001291,CUST00102,2024-11-14 11:06:49,Wire Transfer,Groceries,68.72,3646.65,3577.93,N/A,Mobile App,United States,12.9,32,Male,125,0,0
TXN001292,CUST01508,2024-11-14 11:37:05,Bank Transfer,Healthcare,148.18,9583.73,9435.55,N/A,Mobile App,UAE,4.7,75,Female,171,0,0
TXN001293,CUST00921,2024-11-14 14:57:00,Online Purchase,Home Improvement,218.38,1150.28,931.9,No,POS Terminal,United States,12.9,25,Female,165,0,0
TXN001294,CUST01360,2024-11-14 18:59:37,Wire Transfer,Fuel,68.89,4387.93,4319.04,N/A,Mobile App,India,1.9,55,Female,99,0,0
TXN001295,CUST00445,2024-11-14 20:19:49,ATM Withdrawal,Healthcare,49.79,2525.17,2475.38,Yes,Mobile App,United States,60.3,78,Male,154,0,0
TXN001296,CUST00544,2024-11-14 20:54:34,POS Purchase,Groceries,60.17,1505.47,1944.47,Yes,POS Terminal,United Kingdom,18.1,33,Male,163,0,0
TXN001297,CUST01704,2024-11-15 06:56:46,Bank Transfer,Groceries,140.44,8173.72,8033.28,N/A,POS Terminal,United Kingdom,29.5,77,Male,148,0,0
TXN001298,CUST00131,2024-11-15 11:30:28,Wire Transfer,Restaurants,44.61,4321.99,4277.38,N/A,ATM Machine,United Kingdom,7.8,49,Female,146,0,0
TXN001299,CUST00335,2024-11-15 11:46:48,ATM Withdrawal,Online Services,88.51,5324.69,5236.18,No,POS Terminal,United States,7.3,61,Other,157,0,0
TXN001300,CUST01321,2024-11-16 08:32:37,POS Purchase,Groceries,174.32,3297.23,3122.91,Yes,Mobile App,Canada,2.0,83,Female,163,0,0
TXN001301,CUST00404,2024-11-16 10:35:27,POS Purchase,Online Services,412.58,8410.1,7997.52,Yes,Mobile App,Pakistan,5.1,56,Female,180,0,0
TXN001302,CUST00683,2024-11-16 16:08:52,POS Purchase,Entertainment,157.43,1497.94,1340.51,Yes,POS Terminal,Germany,1.9,18,Female,116,0,0
TXN001303,CUST00324,2024-11-17 11:48:48,Online Purchase,Home Improvement,132.99,4380.42,4247.43,Yes,Mobile App,Pakistan,8.7,71,Female,100,0,0
TXN001304,CUST01322,2024-11-17 14:29:39,Bank Transfer,Entertainment,33.33,74142.41,74109.08,N/A,Web Browser,United States,15.3,20,Male,153,0,0
TXN001305,CUST01155,2024-11-17 15:11:46,ATM Withdrawal,Entertainment,153.78,3908.72,3754.94,Yes,Web Browser,United States,20.9,44,Female,94,0,0
TXN001306,CUST01154,2024-11-17 18:02:03,Online Purchase,Fuel,64.72,3108.84,3044.12,No,ATM Machine,Germany,7.3,64,Female,100,0,0
TXN001307,CUST00517,2024-11-17 18:36:29,ATM Withdrawal,Utilities,44.98,2196.66,2151.68,No,Mobile App,Canada,7.0,63,Male,82,0,0
TXN001308,CUST00092,2024-11-17 22:50:50,Online Purchase,Entertainment,631.27,6763.64,6132.37,No,Mobile App,Germany,25.2,29,Female,164,0,0
TXN001309,CUST00155,2024-11-18 15:11:29,POS Purchase,Electronics,248.52,14829.33,14580.81,No,Mobile App,United Kingdom,6.3,21,Male,23,0,0
TXN001310,CUST01485,2024-11-18 19:24:36,ATM Withdrawal,Entertainment,86.0,3638.58,3552.58,Yes,POS Terminal,Pakistan,13.0,56,Female,30,0,0
TXN001311,CUST00289,2024-11-21 18:57:21,POS Purchase,Fuel,10.0,2852.05,2842.05,No,ATM Machine,Germany,5.9,25,Female,87,0,0
TXN001312,CUST00045,2024-11-21 19:57:56,Online Purchase,Healthcare,87.01,13084.42,13424.42,Yes,POS Terminal,Pakistan,9.0,33,Male,31,0,0
TXN001313,CUST01078,2024-11-22 09:06:26,Online Purchase,Groceries,77.04,2772.53,2835.53,Yes,Web Browser,Pakistan,1.6,59,Male,95,0,0
TXN001314,CUST01315,2024-11-22 10:51:05,Online Purchase,Entertainment,384.89,4402.32,4709.32,Yes,Mobile App,United Kingdom,5.9,43,Female,125,0,0
TXN001315,CUST00013,2024-11-22 11:23:19,Wire Transfer,Electronics,558.68,2842.87,2284.19,N/A,Mobile App,Germany,47.9,84,Male,92,0,1
TXN001316,CUST00750,2024-11-22 13:11:45,Bank Transfer,Fuel,469.98,322.5,-147.48,N/A,POS Terminal,Canada,0.8,76,Male,140,0,0
TXN001317,CUST01145,2024-11-22 17:30:18,Online Purchase,Utilities,145.1,4671.3,4526.2,No,Mobile App,UAE,8.7,45,Male,19,0,0
TXN001318,CUST01608,2024-11-23 06:22:31,Online Purchase,Groceries,89.75,10155.78,10066.03,Yes,ATM Machine,Pakistan,8.1,59,Male,148,0,0
TXN001319,CUST01100,2024-11-23 09:36:44,POS Purchase,Restaurants,15.43,11596.57,11581.14,No,Web Browser,United States,4.2,40,Male,129,0,0
TXN001320,CUST01716,2024-11-24 05:52:32,Online Purchase,Restaurants,175.02,23681.08,23789.08,Yes,Mobile App,United Kingdom,19.6,76,Female,20,0,0
TXN001321,CUST00350,2024-11-24 16:49:32,POS Purchase,Online Services,78.56,11579.99,11501.43,No,Web Browser,Pakistan,14.7,60,Male,114,0,0
TXN001322,CUST00352,2024-11-25 09:20:32,Bank Transfer,Groceries,309.69,8448.81,8139.12,N/A,Web Browser,United States,0.7,61,Male,113,0,0
TXN001323,CUST00004,2024-11-25 15:34:10,Bank Transfer,Entertainment,241.92,6151.06,5909.14,N/A,Web Browser,Germany,2.0,24,Female,7,0,0
TXN001324,CUST00284,2024-11-25 19:33:26,POS Purchase,Fashion & Apparel,266.09,3739.91,3473.82,Yes,Mobile App,United States,14.5,55,Male,1,0,0
TXN001325,CUST00772,2024-11-25 19:43:02,Online Purchase,Travel,29.63,4279.68,4250.05,No,Web Browser,UAE,9.2,43,Male,82,0,0
TXN001326,CUST00468,2024-11-25 20:22:09,Online Purchase,Healthcare,59.1,5424.86,5365.76,Yes,Web Browser,United States,19.6,21,Female,138,0,0
TXN001327,CUST01335,2024-11-25 20:33:27,Bank Transfer,Healthcare,102.43,920.97,818.54,N/A,Web Browser,United Kingdom,0.7,51,Female,11,0,0
TXN001328,CUST01102,2024-11-26 16:03:11,Online Purchase,Fashion & Apparel,73.09,5357.66,5579.66,Yes,Web Browser,Canada,2.7,18,Male,143,0,0
TXN001329,CUST01482,2024-11-26 19:31:03,Online Purchase,Utilities,42.84,23969.22,23926.38,No,Mobile App,India,18.1,45,Female,135,0,0
TXN001330,CUST01528,2024-11-27 16:48:31,Online Purchase,Groceries,117.84,6348.39,6775.39,Yes,Mobile App,United Kingdom,12.2,78,Male,170,0,0
TXN001331,CUST00721,2024-11-27 20:42:08,Online Purchase,Fuel,37.3,18123.04,18085.74,No,Web Browser,United Kingdom,0.9,55,Female,92,0,0
TXN001332,CUST01127,2024-11-27 22:38:18,ATM Withdrawal,Entertainment,230.57,1244.96,1014.39,Yes,Mobile App,Pakistan,20.0,20,Female,133,0,0
TXN001333,CUST01261,2024-11-28 17:34:11,Bank Transfer,Groceries,118.42,13956.28,13837.86,N/A,POS Terminal,Australia,5.3,64,Male,39,0,0
TXN001334,CUST01260,2024-11-28 18:04:01,Online Purchase,Healthcare,43.6,2232.13,2482.13,No,Mobile App,United States,20.7,44,Female,1,0,0
TXN001335,CUST00698,2024-11-28 18:54:02,ATM Withdrawal,Healthcare,187.76,5758.57,5570.81,Yes,ATM Machine,United States,13.7,32,Female,118,0,0
TXN001336,CUST01479,2024-11-29 19:31:54,Bill Payment,Electronics,73.75,1437.42,1363.67,N/A,Mobile App,Canada,2.0,62,Male,10,0,0
TXN001337,CUST00665,2024-11-30 10:47:40,POS Purchase,Utilities,56.06,9057.25,9001.19,Yes,Web Browser,Germany,12.8,52,Male,161,0,0
TXN001338,CUST00054,2024-11-30 13:27:34,Online Purchase,Online Services,758.35,2274.57,1516.22,Yes,Web Browser,United Kingdom,12.3,82,Female,10,0,1
TXN001339,CUST00161,2024-11-30 16:45:36,Wire Transfer,Travel,386.69,823.28,436.59,N/A,Mobile App,United States,2.5,59,Male,119,0,0
TXN001340,CUST01231,2024-11-30 18:43:15,ATM Withdrawal,Entertainment,385.03,10450.43,10065.4,No,Mobile App,Canada,4.4,28,Female,75,0,0
TXN001341,CUST00274,2024-11-30 18:53:04,ATM Withdrawal,Restaurants,38.26,2334.59,2296.33,Yes,POS Terminal,Canada,1.1,65,Female,48,0,0
TXN001342,CUST00680,2024-12-01 01:00:17,POS Purchase,Utilities,405.64,17403.99,16998.35,Yes,Web Browser,United Kingdom,2.7,32,Female,109,0,0
TXN001343,CUST00274,2024-12-01 12:54:34,POS Purchase,Travel,216.55,1740.35,1523.8,No,Mobile App,Germany,15.2,22,Female,45,0,0
TXN001344,CUST01276,2024-12-01 15:36:23,ATM Withdrawal,Groceries,152.47,3090.59,2938.12,No,POS Terminal,United States,0.4,67,Male,83,0,0
TXN001345,CUST00296,2024-12-01 20:18:47,Online Purchase,Fuel,108.14,2491.42,2383.28,No,POS Terminal,United Kingdom,0.1,42,Female,122,0,0
TXN001346,CUST00878,2024-12-02 09:32:46,Online Purchase,Fuel,88.0,14440.57,14352.57,No,Web Browser,UAE,0.4,25,Female,83,0,0
TXN001347,CUST00244,2024-12-02 09:35:52,POS Purchase,Electronics,181.17,2286.36,2105.19,No,Web Browser,United Kingdom,11.5,18,Male,17,0,0
TXN001348,CUST01089,2024-12-02 12:15:46,Bank Transfer,Groceries,61.72,1928.46,1866.74,N/A,Mobile App,United States,41.0,27,Male,135,0,0
TXN001349,CUST00936,2024-12-02 17:14:31,POS Purchase,Fuel,382.78,1220.63,837.85,Yes,POS Terminal,United States,1.4,50,Male,141,0,0
TXN001350,CUST00250,2024-12-02 20:16:09,Online Purchase,Travel,65.96,4399.21,4564.21,No,Web Browser,United States,6.5,78,Male,79,0,0
TXN001351,CUST00096,2024-12-03 13:49:53,POS Purchase,Electronics,438.59,1792.07,2083.07,No,Web Browser,United Kingdom,34.9,23,Male,58,0,0
TXN001352,CUST01642,2024-12-03 17:56:14,POS Purchase,Entertainment,51.97,2207.22,2155.25,Yes,Web Browser,UAE,5.6,73,Male,95,0,0
TXN001353,CUST00590,2024-12-03 18:43:46,Wire Transfer,Fuel,51.21,7659.74,7608.53,N/A,Web Browser,UAE,17.8,68,Female,23,0,0
TXN001354,CUST00506,2024-12-03 21:45:42,Online Purchase,Groceries,223.19,2932.98,2709.79,Yes,Web Browser,Pakistan,10.2,21,Female,98,0,0
TXN001355,CUST01199,2024-12-03 23:05:31,Bill Payment,Groceries,142.43,13391.19,13248.76,N/A,Mobile App,United States,9.2,36,Male,36,0,0
TXN001356,CUST00405,2024-12-04 10:36:53,ATM Withdrawal,Entertainment,141.94,2539.64,2397.7,Yes,POS Terminal,India,26.3,46,Female,174,0,0
TXN001357,CUST00690,2024-12-04 12:59:59,Online Purchase,Restaurants,97.31,5868.34,5771.03,Yes,Mobile App,United States,5.3,50,Male,80,0,0
TXN001358,CUST01446,2024-12-05 07:17:16,ATM Withdrawal,Online Services,226.77,10107.94,9881.17,No,Mobile App,United Kingdom,21.3,58,Female,133,0,0
TXN001359,CUST00145,2024-12-05 11:41:40,Bill Payment,Travel,367.9,1470.84,1102.94,N/A,POS Terminal,United States,0.8,67,Female,169,0,0
TXN001360,CUST01543,2024-12-05 18:38:58,POS Purchase,Groceries,90.0,1937.81,2044.81,Yes,Mobile App,Germany,1.5,33,Female,19,0,0
TXN001361,CUST01695,2024-12-05 20:43:03,Online Purchase,Fashion & Apparel,54.49,874.19,819.7,No,Mobile App,United Kingdom,25.4,77,Female,71,0,0
TXN001362,CUST00246,2024-12-05 20:46:47,ATM Withdrawal,Restaurants,166.49,10739.03,10572.54,Yes,POS Terminal,United Kingdom,7.5,85,Male,23,0,0
TXN001363,CUST00095,2024-12-05 22:47:14,Online Purchase,Utilities,142.64,2838.53,2695.89,No,ATM Machine,United Kingdom,19.1,52,Female,76,0,0
TXN001364,CUST00614,2024-12-05 22:52:35,Bank Transfer,Travel,50.0,936.21,886.21,N/A,POS Terminal,United Kingdom,14.6,51,Male,26,0,0
TXN001365,CUST00106,2024-12-06 06:24:06,Bank Transfer,Fashion & Apparel,88.2,2523.53,2435.33,N/A,Web Browser,Germany,10.2,62,Male,25,0,0
TXN001366,CUST00927,2024-12-06 14:50:39,Bank Transfer,Groceries,101.51,5613.13,5511.62,N/A,Web Browser,India,12.0,57,Male,157,0,0
TXN001367,CUST00433,2024-12-06 16:29:32,POS Purchase,Groceries,815.34,1760.66,945.32,Yes,Web Browser,Pakistan,10.6,23,Male,33,0,0
TXN001368,CUST00217,2024-12-07 16:55:29,POS Purchase,Entertainment,48.41,2702.45,2654.04,Yes,POS Terminal,United Kingdom,0.2,21,Female,140,0,0
TXN001369,CUST00418,2024-12-08 02:37:06,POS Purchase,Restaurants,297.32,2441.93,2144.61,No,Mobile App,United Kingdom,24.1,38,Male,174,0,0
TXN001370,CUST00983,2024-12-08 12:22:43,POS Purchase,Online Services,65.42,3160.42,3095.0,Yes,Mobile App,Australia,21.5,51,Male,95,0,0
TXN001371,CUST00925,2024-12-08 13:57:13,Online Purchase,Restaurants,197.89,4102.4,4300.4,No,Web Browser,Pakistan,12.4,52,Female,38,0,0
TXN001372,CUST00414,2024-12-08 15:15:53,POS Purchase,Restaurants,84.99,1640.24,1555.25,Yes,Web Browser,Germany,3.4,24,Male,18,0,0
TXN001373,CUST00050,2024-12-08 20:27:37,Online Purchase,Groceries,132.58,8871.95,8739.37,No,Mobile App,United Kingdom,2.6,34,Male,37,0,0
TXN001374,CUST01543,2024-12-09 02:35:59,POS Purchase,Entertainment,131.57,2505.6,2374.03,No,Mobile App,India,2.0,47,Female,112,0,0
TXN001375,CUST01174,2024-12-09 08:52:10,POS Purchase,Groceries,805.72,5103.7,4297.98,Yes,Web Browser,United Kingdom,5.1,53,Female,152,0,0
TXN001376,CUST00949,2024-12-09 11:55:14,ATM Withdrawal,Groceries,247.7,8509.08,8261.38,No,Mobile App,Canada,1.7,25,Male,9,0,0
TXN001377,CUST00783,2024-12-09 15:52:22,POS Purchase,Online Services,353.24,6151.59,5798.35,No,ATM Machine,Canada,12.9,59,Female,115,0,0
TXN001378,CUST00285,2024-12-09 17:33:47,ATM Withdrawal,Travel,92.3,8344.87,8252.57,Yes,Mobile App,United Kingdom,6.2,73,Male,151,0,0
TXN001379,CUST01097,2024-12-10 04:41:33,Bank Transfer,Electronics,35.33,1721.62,1686.29,N/A,Mobile App,United Kingdom,20.2,77,Female,25,0,0
TXN001380,CUST00030,2024-12-11 06:34:56,POS Purchase,Fashion & Apparel,1401.57,1103.7,1389.7,No,ATM Machine,India,154.0,69,Other,11,3,1
TXN001381,CUST00415,2024-12-11 10:26:58,POS Purchase,Fuel,95.21,8804.94,8709.73,No,Web Browser,United States,4.1,73,Male,88,0,0
TXN001382,CUST01347,2024-12-11 10:51:20,Wire Transfer,Home Improvement,178.06,3759.89,3581.83,N/A,Mobile App,Pakistan,0.2,85,Male,42,0,0
TXN001383,CUST00238,2024-12-11 11:36:12,POS Purchase,Fashion & Apparel,59.66,2338.27,2278.61,Yes,Mobile App,United Kingdom,,22,Female,112,0,0
TXN001384,CUST01710,2024-12-11 13:50:10,POS Purchase,Utilities,175.13,5997.86,6273.86,Yes,Mobile App,Pakistan,0.5,33,Female,148,0,0
TXN001385,CUST00661,2024-12-11 22:00:00,Online Purchase,Travel,911.92,1446.05,534.13,Yes,Web Browser,United Kingdom,1.6,85,Male,31,0,0
TXN001386,CUST00442,2024-12-12 12:41:34,Bank Transfer,Groceries,152.15,3411.49,3259.34,N/A,POS Terminal,United Kingdom,17.0,19,Male,107,0,0
TXN001387,CUST01020,2024-12-12 13:06:59,Online Purchase,Travel,500.83,8515.5,8014.67,No,Mobile App,UAE,11.7,62,Male,86,0,0
TXN001388,CUST00931,2024-12-12 15:05:43,Bank Transfer,Utilities,306.71,4894.94,4588.23,N/A,Mobile App,United States,29.9,82,Male,102,0,0
TXN001389,CUST00528,2024-12-12 16:23:18,POS Purchase,Groceries,189.34,6881.04,6691.7,No,Web Browser,United Kingdom,1.2,44,Female,94,0,0
TXN001390,CUST01382,2024-12-12 18:49:03,POS Purchase,Fashion & Apparel,62.43,5244.94,5182.51,Yes,Mobile App,United States,11.5,59,Female,108,0,0
TXN001391,CUST01461,2024-12-13 08:31:40,Wire Transfer,Fuel,76.68,4636.5,4559.82,N/A,POS Terminal,United Kingdom,9.5,56,Male,21,0,0
TXN001392,CUST01572,2024-12-13 09:30:37,Bank Transfer,Fuel,600.21,16231.05,15630.84,N/A,POS Terminal,United Kingdom,2.1,18,Female,124,0,0
TXN001393,CUST00458,2024-12-13 11:58:37,Bank Transfer,Groceries,277.97,2188.77,1910.8,N/A,Web Browser,United Kingdom,27.9,47,Female,174,1,0
TXN001394,CUST00060,2024-12-13 17:18:18,POS Purchase,Travel,57.9,4989.6,4931.7,Yes,Web Browser,United States,6.0,72,Male,114,0,0
TXN001395,CUST00062,2024-12-14 12:08:39,Online Purchase,Utilities,159.42,11064.76,10905.34,Yes,Mobile App,Germany,1.1,54,Female,25,0,0
TXN001396,CUST01552,2024-12-14 15:01:02,ATM Withdrawal,Online Services,302.22,2846.54,2544.32,No,POS Terminal,UAE,2.0,18,Female,88,0,0
TXN001397,CUST01686,2024-12-14 16:42:14,ATM Withdrawal,Restaurants,182.29,2463.46,2281.17,Yes,POS Terminal,United Kingdom,1.7,79,Male,21,0,0
TXN001398,CUST01367,2024-12-14 17:21:38,ATM Withdrawal,Online Services,219.32,3742.74,3523.42,Yes,POS Terminal,UAE,6.8,19,Female,86,0,0
TXN001399,CUST01474,2024-12-14 19:43:08,POS Purchase,Travel,206.16,928.67,1408.67,No,POS Terminal,Canada,21.2,72,Female,75,0,0
TXN001400,CUST01133,2024-12-14 19:58:41,Online Purchase,Groceries,133.27,1001.49,868.22,No,POS Terminal,United States,23.5,78,Female,133,0,0
TXN001401,CUST01658,2024-12-14 20:54:52,Bank Transfer,Restaurants,196.18,774.38,578.2,N/A,Web Browser,Canada,14.9,37,Female,63,0,0
TXN001402,CUST00796,2024-12-14 21:49:08,Bank Transfer,Fashion & Apparel,210.16,12647.3,12437.14,N/A,Web Browser,United States,11.9,76,Female,84,0,0
TXN001403,CUST01393,2024-12-15 09:39:27,Bill Payment,Groceries,184.27,5245.68,5061.41,N/A,Mobile App,United States,12.3,47,Male,176,0,0
TXN001404,CUST00999,2024-12-15 13:56:03,POS Purchase,Healthcare,76.82,1516.46,1439.64,Yes,POS Terminal,Canada,8.4,67,Female,134,0,0
TXN001405,CUST01248,2024-12-15 16:10:15,Wire Transfer,Restaurants,161.78,19174.47,19012.69,N/A,Mobile App,Germany,2.2,30,Male,95,1,0
TXN001406,CUST01668,2024-12-15 16:51:39,POS Purchase,Utilities,162.91,2304.33,2666.33,No,Web Browser,United Kingdom,4.1,65,Female,156,1,0
TXN001407,CUST00665,2024-12-15 16:58:37,ATM Withdrawal,Electronics,242.88,1361.28,1118.4,Yes,POS Terminal,United Kingdom,5.7,66,Male,139,0,0
TXN001408,CUST00567,2024-12-15 18:29:34,Online Purchase,Utilities,36.79,4203.84,4646.84,Yes,POS Terminal,India,3.8,56,Male,124,0,0
TXN001409,CUST01483,2024-12-15 19:18:39,POS Purchase,Groceries,55.91,10869.55,10813.64,Yes,Mobile App,United States,0.0,82,Male,153,0,0
TXN001410,CUST00006,2024-12-16 05:33:37,Online Purchase,Entertainment,665.37,9306.2,8640.83,No,Mobile App,United States,48.0,50,Female,38,0,1
TXN001411,CUST00940,2024-12-16 09:39:28,Wire Transfer,Healthcare,135.24,4008.82,3873.58,N/A,Mobile App,Germany,2.8,83,Female,122,0,0
TXN001412,CUST01623,2024-12-16 13:34:36,Wire Transfer,Fashion & Apparel,68.55,1149.22,1080.67,N/A,Web Browser,United Kingdom,22.2,72,Female,61,0,0
TXN001413,CUST01578,2024-12-16 18:59:48,ATM Withdrawal,Utilities,200.05,3814.14,3614.09,Yes,POS Terminal,United States,15.6,78,Other,151,0,0
TXN001414,CUST00950,2024-12-17 08:10:57,Bill Payment,Electronics,79.86,644.75,564.89,N/A,POS Terminal,India,7.4,56,Male,30,0,0
TXN001415,CUST01704,2024-12-17 09:01:57,POS Purchase,Restaurants,81.65,1291.39,1209.74,No,Mobile App,United States,3.2,25,Female,5,0,0
TXN001416,CUST01500,2024-12-17 12:03:47,Bill Payment,Utilities,50.13,1948.17,1898.04,N/A,Web Browser,India,31.5,24,Female,168,0,0
TXN001417,CUST00062,2024-12-17 13:14:31,POS Purchase,Electronics,133.69,4044.3,4519.3,Yes,Mobile App,Canada,1.2,78,Male,179,0,0
TXN001418,CUST00558,2024-12-17 13:22:54,Online Purchase,Electronics,108.44,3591.32,3482.88,Yes,POS Terminal,United States,3.7,51,Male,72,0,0
TXN001419,CUST00481,2024-12-17 13:45:43,Bill Payment,Fuel,36.79,7913.47,7876.68,N/A,ATM Machine,United Kingdom,7.3,55,Male,164,0,0
TXN001420,CUST00438,2024-12-17 18:48:25,Online Purchase,Online Services,25.78,14166.84,14141.06,Yes,POS Terminal,Canada,5.4,19,Female,34,0,0
TXN001421,CUST00651,2024-12-18 11:14:50,POS Purchase,Groceries,860.15,13561.02,12700.87,No,Web Browser,India,5.4,21,Male,58,0,0
TXN001422,CUST00010,2024-12-18 12:47:52,Bill Payment,Fuel,43.08,24076.82,24033.74,N/A,Mobile App,Germany,5.7,68,Female,117,0,0
TXN001423,CUST00839,2024-12-19 06:38:13,POS Purchase,Restaurants,73.41,1520.82,1447.41,No,Web Browser,United Kingdom,41.6,60,Female,20,0,0
TXN001424,CUST00683,2024-12-19 21:54:14,Bank Transfer,Groceries,507.3,9156.16,8648.86,N/A,Web Browser,United Kingdom,9.6,41,Male,172,0,0
TXN001425,CUST00689,2024-12-20 04:25:42,ATM Withdrawal,Entertainment,181.25,14705.13,14523.88,No,Mobile App,Australia,16.2,49,Male,52,0,0
TXN001426,CUST01708,2024-12-20 15:36:44,POS Purchase,Fuel,187.11,15359.56,15172.45,No,ATM Machine,Pakistan,9.6,36,Male,135,0,0
TXN001427,CUST01065,2024-12-20 16:34:14,Bank Transfer,Groceries,447.03,5160.33,4713.3,N/A,Web Browser,Canada,1.5,54,Other,177,0,0
TXN001428,CUST01165,2024-12-20 22:00:49,POS Purchase,Fuel,365.04,8957.96,9299.96,No,ATM Machine,United Kingdom,24.9,32,Female,159,0,0
TXN001429,CUST01054,2024-12-21 10:41:40,Online Purchase,Restaurants,33.35,1262.59,1229.24,Yes,ATM Machine,United Kingdom,5.0,73,Female,115,0,0
TXN001430,CUST00147,2024-12-21 13:30:26,Online Purchase,Electronics,75.1,2287.26,2212.16,Yes,POS Terminal,United States,19.8,85,Female,143,1,0
TXN001431,CUST00996,2024-12-21 18:33:21,ATM Withdrawal,Entertainment,377.44,2252.26,1874.82,Yes,POS Terminal,Pakistan,4.2,79,Male,127,0,0
TXN001432,CUST00212,2024-12-21 22:25:40,POS Purchase,Electronics,139.25,2218.77,2079.52,Yes,Mobile App,UAE,26.7,52,Male,69,0,0
TXN001433,CUST00230,2024-12-21 22:46:39,Bill Payment,Entertainment,161.83,3424.02,3262.19,N/A,Web Browser,United Kingdom,29.2,43,Female,164,0,0
TXN001434,CUST00884,2024-12-22 01:06:39,POS Purchase,Electronics,65.31,1948.75,1883.44,Yes,POS Terminal,UAE,6.7,26,Female,77,0,0
TXN001435,CUST00944,2024-12-22 12:35:43,POS Purchase,Restaurants,71.36,841.41,1333.41,No,Web Browser,United Kingdom,8.3,45,Male,87,0,0
TXN001436,CUST01593,2024-12-22 12:41:57,Online Purchase,Healthcare,268.47,6331.26,6565.26,Yes,Web Browser,United Kingdom,7.3,79,Female,24,0,0
TXN001437,CUST01275,2024-12-23 11:32:21,Bank Transfer,Utilities,267.41,982.55,715.14,N/A,Web Browser,United States,2.7,72,Male,59,0,0
TXN001438,CUST00509,2024-12-23 15:02:20,Online Purchase,Fashion & Apparel,58.73,6458.06,6399.33,Yes,Mobile App,United States,0.8,74,Male,165,0,0
TXN001439,CUST01142,2024-12-23 15:03:38,POS Purchase,Restaurants,114.3,1453.96,1339.66,Yes,Mobile App,Canada,56.7,85,Male,88,0,0
TXN001440,CUST01231,2024-12-23 17:52:12,Bank Transfer,Fuel,55.6,498.71,443.11,N/A,ATM Machine,Germany,7.7,34,Male,126,0,0
TXN001441,CUST00349,2024-12-23 20:14:08,POS Purchase,Online Services,94.26,41309.4,41215.14,Yes,ATM Machine,United States,49.6,74,Male,148,0,0
TXN001442,CUST01202,2024-12-24 00:14:29,Online Purchase,Utilities,65.86,2363.69,2297.83,No,POS Terminal,United States,1.9,68,Female,160,0,0
TXN001443,CUST00331,2024-12-24 08:18:54,Online Purchase,Restaurants,17.38,2612.15,2594.77,No,Mobile App,United Kingdom,1.7,37,Male,113,0,0
TXN001444,CUST01250,2024-12-24 08:26:00,ATM Withdrawal,Restaurants,62.79,4667.94,4605.15,Yes,Web Browser,Pakistan,54.2,42,Male,159,0,0
TXN001445,CUST00333,2024-12-24 09:45:49,POS Purchase,Restaurants,118.35,7098.15,6979.8,No,POS Terminal,United States,17.8,24,Female,109,0,0
TXN001446,CUST00284,2024-12-24 20:53:33,POS Purchase,Groceries,90.95,3465.14,3374.19,Yes,Web Browser,United Kingdom,23.2,31,Female,25,0,0
TXN001447,CUST01559,2024-12-24 22:30:41,Bill Payment,Entertainment,27.45,591.14,563.69,N/A,Mobile App,United Kingdom,1.4,39,Female,93,0,0
TXN001448,CUST00037,2024-12-25 02:58:09,Online Purchase,Online Services,120.71,4701.92,4581.21,No,Web Browser,United States,168.5,75,Other,10,3,1
TXN001449,CUST00578,2024-12-25 09:57:25,Bill Payment,Groceries,105.02,7705.71,7600.69,N/A,POS Terminal,Germany,25.9,62,Male,145,0,0
TXN001450,CUST01320,2024-12-25 10:17:01,Bill Payment,Utilities,77.17,3527.14,3449.97,N/A,Web Browser,United Kingdom,3.7,36,Male,52,0,0
TXN001451,CUST01009,2024-12-25 11:36:01,ATM Withdrawal,Fuel,97.36,3326.22,3228.86,No,POS Terminal,Pakistan,0.1,51,Female,119,0,0
TXN001452,CUST00397,2024-12-25 12:42:05,POS Purchase,Online Services,320.27,1988.7,1668.43,Yes,Web Browser,Germany,3.1,66,Female,11,0,0
TXN001453,CUST01273,2024-12-26 03:23:57,Online Purchase,Healthcare,390.42,10413.59,10023.17,Yes,Web Browser,Pakistan,1.0,60,Female,148,0,0
TXN001454,CUST01351,2024-12-26 09:47:07,Bank Transfer,Groceries,21.4,5986.16,5964.76,N/A,Mobile App,United States,12.2,52,Male,136,0,0
TXN001455,CUST00809,2024-12-27 00:40:47,POS Purchase,Home Improvement,33.34,7940.93,7907.59,No,Mobile App,United Kingdom,6.6,47,Male,68,0,0
TXN001456,CUST00044,2024-12-27 05:03:47,Wire Transfer,Restaurants,220.3,2386.12,2165.82,N/A,ATM Machine,Germany,945.6,56,Male,58,0,1
TXN001457,CUST00332,2024-12-27 08:36:07,Bank Transfer,Online Services,117.9,3182.59,3064.69,N/A,Mobile App,Canada,8.4,61,Female,178,0,0
TXN001458,CUST00540,2024-12-27 11:11:47,Online Purchase,Electronics,98.35,13371.8,13273.45,Yes,Web Browser,Germany,5.1,70,Female,16,0,0
TXN001459,CUST00547,2024-12-27 17:36:11,ATM Withdrawal,Online Services,50.09,4355.74,4305.65,No,ATM Machine,Germany,14.9,24,Male,134,0,0
TXN001460,CUST01657,2024-12-27 20:28:14,Online Purchase,Entertainment,175.07,5932.28,5757.21,Yes,Mobile App,UAE,3.5,78,Female,13,0,0
TXN001461,CUST00134,2024-12-27 23:14:13,POS Purchase,Electronics,125.82,3261.52,3135.7,No,POS Terminal,United Kingdom,41.3,22,Male,1,0,0
TXN001462,CUST01622,2024-12-28 07:28:59,Online Purchase,Fashion & Apparel,179.09,2527.0,2347.91,Yes,Mobile App,UAE,13.9,61,Female,48,0,0
TXN001463,CUST01380,2024-12-28 10:04:48,POS Purchase,Fuel,249.31,6699.08,6449.77,Yes,POS Terminal,United Kingdom,,29,Male,33,0,0
TXN001464,CUST00968,2024-12-28 11:19:49,Bank Transfer,Fuel,247.91,8370.08,8122.17,N/A,Web Browser,Germany,0.4,18,Male,59,0,0
TXN001465,CUST00064,2024-12-28 13:17:20,POS Purchase,Travel,97.96,11982.06,11884.1,No,ATM Machine,Pakistan,51.2,71,Male,174,0,0
TXN001466,CUST00108,2024-12-28 16:31:23,Online Purchase,Groceries,122.71,1600.9,1478.19,Yes,Web Browser,United Kingdom,17.9,76,Male,68,0,0
TXN001467,CUST00029,2024-12-28 20:57:11,Online Purchase,Groceries,79.2,1517.2,1897.2,No,POS Terminal,United Kingdom,37.2,45,Female,157,0,0
TXN001468,CUST00426,2024-12-30 05:53:16,Online Purchase,Utilities,304.38,1768.5,1464.12,No,ATM Machine,Pakistan,1.8,66,Male,27,0,0
TXN001469,CUST00567,2024-12-30 19:30:02,ATM Withdrawal,Restaurants,395.31,6164.76,5769.45,No,Mobile App,United Kingdom,37.2,70,Female,123,0,0
TXN001470,CUST01715,2024-12-30 19:53:26,POS Purchase,Travel,71.13,3683.07,3611.94,No,ATM Machine,Germany,3.3,58,Male,71,0,0
TXN001471,CUST00047,2024-12-30 22:25:53,Online Purchase,Travel,1000.43,1580.46,580.03,No,Mobile App,United States,100.0,72,Male,43,3,1
TXN001472,CUST00775,2024-12-31 11:59:41,Wire Transfer,Fuel,267.13,4407.63,4140.5,N/A,Mobile App,Pakistan,9.5,65,Female,99,0,0
TXN001473,CUST00037,2024-12-31 12:00:49,POS Purchase,Electronics,1004.16,9125.81,8121.65,Yes,Web Browser,United States,29.1,75,Female,132,0,0
TXN001474,CUST00487,2024-12-31 13:32:00,POS Purchase,Utilities,205.4,602.7,397.3,No,Web Browser,United States,5.6,44,Male,168,0,0
TXN001475,CUST01311,2024-12-31 14:32:13,ATM Withdrawal,Electronics,23.18,12497.47,12474.29,Yes,ATM Machine,UAE,0.1,20,Male,96,1,0
TXN001476,CUST00750,2024-12-31 17:42:45,Online Purchase,Fashion & Apparel,87.68,161.11,73.43,Yes,Mobile App,United States,5.3,83,Male,66,0,0
TXN001477,CUST01637,2024-12-31 20:30:40,Bank Transfer,Restaurants,54.02,2234.56,2180.54,N/A,Mobile App,UAE,37.0,70,Female,116,0,0
TXN001478,CUST00721,2025-01-01 07:56:40,Bill Payment,Groceries,80.25,5053.74,4973.49,N/A,Web Browser,Germany,2.7,51,Male,74,0,0
TXN001479,CUST00241,2025-01-01 20:36:07,Online Purchase,Entertainment,83.03,9076.46,8993.43,Yes,Web Browser,India,19.2,23,Male,97,0,0
TXN001480,CUST01497,2025-01-02 11:36:29,Bill Payment,Fuel,141.01,10447.7,10306.69,N/A,Web Browser,United Kingdom,48.5,52,Male,164,0,0
TXN001481,CUST00237,2025-01-02 12:21:26,Online Purchase,Healthcare,73.09,8486.37,8413.28,Yes,Mobile App,Pakistan,26.8,48,Female,153,0,0
TXN001482,CUST00043,2025-01-02 15:02:31,POS Purchase,Groceries,112.09,4058.88,3946.79,No,Mobile App,Australia,6.8,83,Male,90,0,0
TXN001483,CUST00316,2025-01-02 17:37:48,Bank Transfer,Entertainment,155.38,1649.68,1494.3,N/A,Web Browser,Australia,6.5,54,Female,155,1,0
TXN001484,CUST01224,2025-01-03 09:39:24,Bill Payment,Utilities,80.6,4190.87,4110.27,N/A,POS Terminal,United Kingdom,0.6,60,Male,155,0,0
TXN001485,CUST00687,2025-01-03 14:06:23,Bank Transfer,Restaurants,1962.73,3524.1,1561.37,N/A,Web Browser,UAE,21.9,83,Female,67,0,0
TXN001486,CUST01510,2025-01-03 14:09:46,Bill Payment,Utilities,59.34,1639.18,1579.84,N/A,Mobile App,United Kingdom,4.8,41,Female,70,1,0
TXN001487,CUST01184,2025-01-03 16:37:53,POS Purchase,Fashion & Apparel,261.83,3621.44,3698.44,No,ATM Machine,United Kingdom,3.8,42,Female,126,0,0
TXN001488,CUST00236,2025-01-03 17:43:28,POS Purchase,Jewelry & Luxury,90.31,2465.43,2375.12,Yes,Mobile App,United Kingdom,7.6,53,Male,59,0,0
TXN001489,CUST00037,2025-01-04 16:32:26,Online Purchase,Home Improvement,186.2,1759.54,1573.34,Yes,Mobile App,United States,6.0,73,Male,64,0,0
TXN001490,CUST00266,2025-01-04 18:35:05,POS Purchase,Healthcare,63.31,3328.74,3265.43,Yes,Mobile App,United States,3.7,37,Male,49,0,0
TXN001491,CUST00280,2025-01-05 04:16:20,Online Purchase,Restaurants,393.23,3433.41,3040.18,No,Mobile App,India,37.6,83,Female,161,0,0
TXN001492,CUST00582,2025-01-05 10:16:06,POS Purchase,Travel,17.53,3368.56,3351.03,No,POS Terminal,United Kingdom,17.4,63,Male,30,0,0
TXN001493,CUST00542,2025-01-05 12:34:47,Online Purchase,Online Services,142.97,1916.27,1773.3,Yes,Web Browser,UAE,2.0,76,Female,128,0,0
TXN001494,CUST00426,2025-01-05 14:59:43,POS Purchase,Restaurants,35.87,8092.03,8056.16,No,Mobile App,United States,26.6,21,Male,77,0,0
TXN001495,CUST01442,2025-01-05 15:49:28,Bank Transfer,Utilities,132.29,17901.22,17768.93,N/A,Mobile App,India,12.8,35,Female,96,0,0
TXN001496,CUST01066,2025-01-05 18:52:07,POS Purchase,Travel,19.0,7314.36,7395.36,No,Mobile App,Germany,15.7,80,Female,91,0,0
TXN001497,CUST00868,2025-01-05 21:32:08,Online Purchase,Groceries,135.61,1508.61,1720.61,Yes,Mobile App,United Kingdom,17.3,42,Male,89,1,0
TXN001498,CUST00372,2025-01-05 22:57:49,Bill Payment,Groceries,66.57,313.39,246.82,N/A,Mobile App,Germany,4.4,67,Female,90,0,0
TXN001499,CUST00231,2025-01-06 09:37:50,ATM Withdrawal,Groceries,189.65,6067.63,5877.98,Yes,ATM Machine,Canada,2.8,48,Female,58,0,0
TXN001500,CUST00373,2025-01-06 10:41:20,Online Purchase,Healthcare,1517.14,1191.11,-326.03,Yes,ATM Machine,United States,,62,Female,161,0,0
TXN001501,CUST00736,2025-01-06 12:16:23,POS Purchase,Restaurants,19.19,2451.02,2431.83,No,POS Terminal,Pakistan,3.4,30,Female,139,0,0
TXN001502,CUST00929,2025-01-06 12:40:01,POS Purchase,Home Improvement,59.92,1286.9,1226.98,Yes,Web Browser,United States,3.5,26,Female,112,0,0
TXN001503,CUST00906,2025-01-06 14:09:20,Online Purchase,Restaurants,41.25,13003.81,12962.56,Yes,Mobile App,United States,18.9,84,Male,118,0,0
TXN001504,CUST00003,2025-01-06 19:59:26,Wire Transfer,Groceries,3069.82,3077.03,7.21,N/A,Web Browser,Germany,301.9,33,Female,18,0,1
TXN001505,CUST01430,2025-01-07 06:09:52,POS Purchase,Restaurants,169.99,3602.49,3432.5,No,Mobile App,United Kingdom,1.6,26,Male,93,0,0
TXN001506,CUST01671,2025-01-07 11:15:47,POS Purchase,Groceries,263.53,5813.74,5550.21,Yes,Mobile App,United Kingdom,3.8,46,Male,76,0,0
TXN001507,CUST01100,2025-01-07 15:14:10,POS Purchase,Electronics,77.33,1061.99,984.66,No,Mobile App,United Kingdom,19.3,25,Female,53,0,0
TXN001508,CUST00423,2025-01-07 15:42:07,Online Purchase,Groceries,178.25,1809.37,1631.12,Yes,Web Browser,Germany,18.3,83,Male,61,0,0
TXN001509,CUST00268,2025-01-07 17:46:51,POS Purchase,Groceries,123.58,10779.19,10655.61,Yes,POS Terminal,United Kingdom,15.9,65,Female,27,0,0
TXN001510,CUST00645,2025-01-08 07:49:50,Bank Transfer,Groceries,642.76,7138.66,6495.9,N/A,Mobile App,Australia,17.9,18,Male,76,0,0
TXN001511,CUST01594,2025-01-08 10:19:20,Online Purchase,Fuel,85.29,2705.81,2620.52,Yes,POS Terminal,United Kingdom,7.2,42,Male,178,0,0
TXN001512,CUST00981,2025-01-09 06:07:16,Online Purchase,Healthcare,80.96,27343.29,27262.33,Yes,Mobile App,United States,20.2,82,Female,31,0,0
TXN001513,CUST01082,2025-01-09 12:42:40,ATM Withdrawal,Online Services,680.77,1510.77,830.0,No,Mobile App,Canada,2.5,34,Male,50,0,0
TXN001514,CUST00351,2025-01-09 14:36:52,Online Purchase,Online Services,322.56,7981.08,7658.52,Yes,Mobile App,Canada,0.8,40,Male,178,0,0
TXN001515,CUST01078,2025-01-09 15:10:39,Bank Transfer,Fashion & Apparel,201.21,2561.92,2360.71,N/A,Web Browser,United Kingdom,10.2,57,Male,171,0,0
TXN001516,CUST00788,2025-01-09 18:42:07,Online Purchase,Utilities,68.51,6174.88,6106.37,Yes,Mobile App,United Kingdom,51.2,70,Other,87,0,0
TXN001517,CUST00989,2025-01-10 07:44:19,Online Purchase,Utilities,145.88,4400.66,4254.78,No,Web Browser,United States,30.6,34,Male,163,0,0
TXN001518,CUST00244,2025-01-10 08:25:24,POS Purchase,Entertainment,172.71,2255.11,2082.4,No,Mobile App,United States,26.5,54,Male,132,0,0
TXN001519,CUST00985,2025-01-10 10:05:55,ATM Withdrawal,Groceries,40.45,3009.35,2968.9,Yes,Mobile App,Australia,13.7,27,Female,59,0,0
TXN001520,CUST00001,2025-01-10 16:34:58,Online Purchase,Entertainment,550.46,3722.76,3172.3,Yes,Web Browser,United States,133.2,55,Female,46,1,1
TXN001521,CUST01344,2025-01-11 11:46:40,POS Purchase,Fashion & Apparel,164.93,2133.45,1968.52,Yes,Mobile App,Australia,0.5,18,Male,177,0,0
TXN001522,CUST00055,2025-01-11 17:19:49,Online Purchase,Entertainment,1585.84,3742.34,2156.5,No,Mobile App,Canada,249.4,69,Male,35,3,1
TXN001523,CUST00164,2025-01-11 17:32:45,Wire Transfer,Healthcare,118.2,9957.28,9839.08,N/A,POS Terminal,United Kingdom,11.6,45,Male,167,0,0
TXN001524,CUST00758,2025-01-11 20:09:05,POS Purchase,Fuel,97.2,3764.33,3667.13,Yes,Mobile App,Pakistan,13.7,83,Male,34,0,0
TXN001525,CUST00148,2025-01-12 09:20:28,POS Purchase,Entertainment,147.4,40367.02,40219.62,No,Web Browser,India,9.6,57,Female,167,0,0
TXN001526,CUST00591,2025-01-12 11:33:14,Bank Transfer,Entertainment,79.5,4081.52,4002.02,N/A,POS Terminal,Australia,4.5,84,Other,34,0,0
TXN001527,CUST01157,2025-01-12 13:24:58,Bank Transfer,Restaurants,9.35,404.78,395.43,N/A,Mobile App,United Kingdom,10.0,84,Female,51,0,0
TXN001528,CUST01502,2025-01-12 14:37:23,POS Purchase,Groceries,233.24,14894.3,15274.3,No,ATM Machine,United Kingdom,6.7,56,Male,20,0,0
TXN001529,CUST00977,2025-01-12 15:45:07,Wire Transfer,Electronics,28.54,2339.28,2310.74,N/A,Web Browser,India,3.8,70,Female,115,0,0
TXN001530,CUST01724,2025-01-12 16:52:09,Online Purchase,Online Services,60.52,7660.33,7599.81,No,ATM Machine,Pakistan,6.7,71,Male,130,0,0
TXN001531,CUST01017,2025-01-12 18:05:51,ATM Withdrawal,Groceries,286.11,2232.39,1946.28,Yes,Mobile App,Pakistan,29.7,74,Female,150,0,0
TXN001532,CUST01330,2025-01-12 20:01:06,Bank Transfer,Utilities,163.5,2483.39,2319.89,N/A,Web Browser,Canada,1.6,67,Male,171,0,0
TXN001533,CUST00124,2025-01-13 11:02:20,POS Purchase,Groceries,80.66,781.41,879.41,Yes,POS Terminal,India,11.1,70,Female,98,0,0
TXN001534,CUST00693,2025-01-13 11:45:36,Bank Transfer,Groceries,421.07,3209.1,2788.03,N/A,Mobile App,Pakistan,2.1,82,Female,29,0,0
TXN001535,CUST01438,2025-01-13 11:46:36,Online Purchase,Travel,53.39,1882.35,1947.35,No,Mobile App,UAE,0.8,56,Male,159,0,0
TXN001536,CUST00671,2025-01-13 18:16:41,POS Purchase,Groceries,53.25,8732.83,9145.83,Yes,Mobile App,Pakistan,11.4,34,Male,35,0,0
TXN001537,CUST01300,2025-01-13 20:27:11,Online Purchase,Entertainment,92.07,5341.43,5249.36,No,POS Terminal,United Kingdom,8.3,80,Female,141,0,0
TXN001538,CUST00214,2025-01-14 15:35:38,POS Purchase,Fashion & Apparel,23.91,2723.82,2806.82,Yes,POS Terminal,Canada,3.8,23,Female,161,0,0
TXN001539,CUST00818,2025-01-14 18:59:19,ATM Withdrawal,Fashion & Apparel,46.4,9531.13,9484.73,Yes,Web Browser,United Kingdom,6.0,64,Male,145,0,0
TXN001540,CUST01316,2025-01-14 19:44:20,Online Purchase,Utilities,37.68,3593.71,3556.03,Yes,Web Browser,Germany,0.9,24,Male,118,0,0
TXN001541,CUST00481,2025-01-14 19:49:10,POS Purchase,Fuel,264.51,1969.94,1705.43,No,Mobile App,United States,1.3,26,Female,114,0,0
TXN001542,CUST00486,2025-01-15 12:51:53,Online Purchase,Fuel,184.0,3908.0,3724.0,No,POS Terminal,Germany,17.0,64,Male,129,0,0
TXN001543,CUST01172,2025-01-15 13:51:45,Wire Transfer,Travel,35.57,2964.03,2928.46,N/A,Mobile App,Pakistan,4.3,45,Male,78,0,0
TXN001544,CUST00480,2025-01-15 16:06:09,POS Purchase,Fuel,225.47,1259.89,1034.42,Yes,Mobile App,India,11.2,76,Female,153,0,0
TXN001545,CUST00097,2025-01-16 10:12:23,Bank Transfer,Utilities,182.72,4683.52,4500.8,N/A,Web Browser,Pakistan,6.7,23,Male,168,1,0
TXN001546,CUST00155,2025-01-16 19:41:30,Bill Payment,Restaurants,48.23,4114.89,4066.66,N/A,Web Browser,United States,6.0,32,Female,72,0,0
TXN001547,CUST01188,2025-01-16 20:51:59,POS Purchase,Fuel,206.89,12359.03,12152.14,No,POS Terminal,Pakistan,3.3,27,Female,125,0,0
TXN001548,CUST00303,2025-01-16 21:39:31,ATM Withdrawal,Restaurants,132.71,2188.03,2055.32,Yes,POS Terminal,India,51.8,57,Female,176,0,0
TXN001549,CUST00205,2025-01-17 10:36:23,POS Purchase,Fuel,533.14,16998.52,16465.38,Yes,Web Browser,India,13.2,72,Male,47,0,0
TXN001550,CUST01305,2025-01-17 18:00:09,Online Purchase,Entertainment,62.24,3799.52,3737.28,Yes,ATM Machine,UAE,10.1,77,Female,124,0,0
TXN001551,CUST01572,2025-01-17 18:31:06,Bill Payment,Utilities,12.55,18762.88,18750.33,N/A,Mobile App,Canada,9.6,37,Female,20,0,0
TXN001552,CUST00030,2025-01-17 23:13:58,Online Purchase,Electronics,537.2,783.43,785.43,No,Web Browser,Canada,62.7,85,Female,3,1,1
TXN001553,CUST01688,2025-01-18 11:10:40,Online Purchase,Groceries,125.22,6619.21,6931.21,Yes,POS Terminal,Australia,1.3,52,Female,117,0,0
TXN001554,CUST01137,2025-01-18 15:21:10,POS Purchase,Groceries,64.23,4202.45,4138.22,Yes,Mobile App,India,5.4,55,Male,32,0,0
TXN001555,CUST00023,2025-01-18 17:32:16,POS Purchase,Travel,139.29,2310.03,2170.74,Yes,Web Browser,Germany,17.7,42,Female,36,0,0
TXN001556,CUST01667,2025-01-18 19:42:05,Online Purchase,Entertainment,24.52,1987.1,1962.58,Yes,Mobile App,Germany,46.9,22,Male,76,0,0
TXN001557,CUST00724,2025-01-18 21:07:48,Bank Transfer,Fashion & Apparel,36.08,3832.45,3796.37,N/A,Mobile App,Canada,22.5,35,Male,157,0,0
TXN001558,CUST01076,2025-01-19 07:51:34,ATM Withdrawal,Healthcare,172.22,5181.66,5009.44,Yes,Mobile App,Australia,22.9,72,Male,53,0,0
TXN001559,CUST01315,2025-01-19 12:04:25,POS Purchase,Online Services,166.71,5623.01,5456.3,Yes,Mobile App,India,10.7,84,Male,100,0,0
TXN001560,CUST00730,2025-01-20 18:06:49,Online Purchase,Healthcare,101.74,5214.28,5112.54,No,Web Browser,India,3.1,73,Male,74,0,0
TXN001561,CUST01395,2025-01-20 18:44:41,POS Purchase,Travel,10.27,1470.15,1459.88,Yes,POS Terminal,United States,11.9,54,Male,151,0,0
TXN001562,CUST01149,2025-01-20 20:03:56,POS Purchase,Fashion & Apparel,102.38,2687.07,2744.07,Yes,POS Terminal,Canada,38.6,75,Female,70,0,0
TXN001563,CUST01619,2025-01-21 08:55:37,Online Purchase,Entertainment,158.6,18554.54,18395.94,No,Mobile App,Germany,16.0,81,Female,175,0,0
TXN001564,CUST01636,2025-01-21 11:41:47,ATM Withdrawal,Online Services,136.63,6859.75,6723.12,No,Mobile App,UAE,42.2,80,Male,155,0,0
TXN001565,CUST00676,2025-01-21 14:14:49,Online Purchase,Fashion & Apparel,130.41,3719.93,3997.93,No,Mobile App,UAE,10.0,71,Male,129,0,0
TXN001566,CUST00088,2025-01-21 18:07:47,Online Purchase,Restaurants,69.1,7087.37,7018.27,No,Web Browser,United States,3.8,19,Male,108,0,0
TXN001567,CUST00075,2025-01-21 19:55:42,POS Purchase,Healthcare,171.31,5925.88,5754.57,Yes,POS Terminal,Germany,41.0,62,Male,101,0,0
TXN001568,CUST01399,2025-01-21 20:45:00,POS Purchase,Online Services,73.92,1218.56,1144.64,No,Web Browser,Australia,5.2,83,Male,121,0,0
TXN001569,CUST00954,2025-01-22 00:13:25,POS Purchase,Utilities,156.0,2695.35,2539.35,No,ATM Machine,Pakistan,11.5,69,Male,170,0,0
TXN001570,CUST00828,2025-01-22 10:09:48,Bank Transfer,Restaurants,169.75,2152.25,1982.5,N/A,POS Terminal,Pakistan,5.6,21,Male,44,0,0
TXN001571,CUST00308,2025-01-22 11:56:23,POS Purchase,Travel,541.47,23451.53,22910.06,No,POS Terminal,United Kingdom,9.6,41,Male,32,0,0
TXN001572,CUST00031,2025-01-23 01:29:28,Online Purchase,Fuel,141.03,3047.43,2906.4,No,Web Browser,Germany,8.5,41,Female,37,0,0
TXN001573,CUST00863,2025-01-23 11:46:36,ATM Withdrawal,Healthcare,106.95,3242.05,3135.1,Yes,POS Terminal,UAE,0.4,38,Male,81,0,0
TXN001574,CUST01124,2025-01-23 13:17:33,Bank Transfer,Jewelry & Luxury,34.53,1621.34,1586.81,N/A,Mobile App,United States,2.1,27,Female,94,0,0
TXN001575,CUST00164,2025-01-23 14:02:19,Wire Transfer,Groceries,53.38,9618.56,9565.18,N/A,Web Browser,United Kingdom,3.2,85,Female,84,0,0
TXN001576,CUST00515,2025-01-23 16:00:57,POS Purchase,Restaurants,451.47,2232.02,1780.55,Yes,ATM Machine,Pakistan,38.6,81,Female,55,0,0
TXN001577,CUST01166,2025-01-23 20:03:09,Online Purchase,Fashion & Apparel,284.05,4497.88,4213.83,Yes,POS Terminal,United Kingdom,8.6,43,Female,124,0,0
TXN001578,CUST00659,2025-01-24 11:24:03,POS Purchase,Healthcare,94.81,3534.85,3440.04,Yes,Mobile App,Pakistan,37.7,59,Female,2,0,0
TXN001579,CUST00865,2025-01-24 17:52:34,POS Purchase,Fuel,60.31,2658.56,2598.25,Yes,POS Terminal,United Kingdom,4.5,63,Female,142,0,0
TXN001580,CUST00999,2025-01-25 05:36:08,Bill Payment,Fuel,756.1,8413.91,7657.81,N/A,Web Browser,Pakistan,4.2,61,Male,166,0,0
TXN001581,CUST00788,2025-01-25 09:30:15,POS Purchase,Entertainment,197.17,4956.4,5109.4,No,Mobile App,United Kingdom,1.0,30,Female,65,0,0
TXN001582,CUST00377,2025-01-25 10:28:22,Wire Transfer,Electronics,155.74,4952.38,4796.64,N/A,ATM Machine,Germany,0.2,64,Male,31,0,0
TXN001583,CUST01567,2025-01-25 11:40:34,Bill Payment,Restaurants,191.14,6557.17,6366.03,N/A,Mobile App,United States,0.1,77,Female,120,0,0
TXN001584,CUST01275,2025-01-26 10:12:39,Bank Transfer,Groceries,104.13,1678.39,1574.26,N/A,ATM Machine,UAE,19.6,28,Other,91,0,0
TXN001585,CUST01636,2025-01-26 10:59:45,Online Purchase,Utilities,39.43,6624.68,6907.68,Yes,POS Terminal,United States,21.9,78,Male,52,0,0
TXN001586,CUST01496,2025-01-26 12:02:54,Bill Payment,Home Improvement,16.22,1642.2,1625.98,N/A,POS Terminal,United Kingdom,34.7,78,Female,69,0,0
TXN001587,CUST01245,2025-01-26 13:06:41,POS Purchase,Online Services,128.24,2178.7,2355.7,Yes,Mobile App,Pakistan,14.4,39,Male,102,0,0
TXN001588,CUST00712,2025-01-26 17:34:36,Bank Transfer,Jewelry & Luxury,71.34,7663.38,7592.04,N/A,Mobile App,United States,12.2,27,Female,174,0,0
TXN001589,CUST00738,2025-01-27 11:40:52,POS Purchase,Electronics,41.15,15115.75,15404.75,Yes,Mobile App,Pakistan,6.2,29,Male,57,0,0
TXN001590,CUST00448,2025-01-27 13:41:05,Online Purchase,Fuel,21.15,3163.97,3490.97,Yes,Mobile App,United Kingdom,18.8,27,Female,114,0,0
TXN001591,CUST00807,2025-01-27 20:35:12,POS Purchase,Restaurants,366.43,20387.83,20021.4,Yes,Mobile App,Canada,12.0,61,Male,115,0,0
TXN001592,CUST01307,2025-01-28 09:56:30,Bank Transfer,Travel,155.19,12793.92,12638.73,N/A,Web Browser,United Kingdom,1.3,56,Female,30,0,0
TXN001593,CUST01466,2025-01-29 17:50:45,ATM Withdrawal,Groceries,142.21,2245.9,2103.69,No,Mobile App,Pakistan,3.2,34,Female,118,0,0
TXN001594,CUST00690,2025-01-29 19:53:15,Bill Payment,Travel,91.28,2119.38,2028.1,N/A,Web Browser,Pakistan,21.2,27,Male,154,0,0
TXN001595,CUST01167,2025-01-30 09:46:46,Online Purchase,Groceries,72.02,12240.68,12168.66,Yes,ATM Machine,United Kingdom,0.7,29,Female,64,0,0
TXN001596,CUST01150,2025-01-30 12:25:39,POS Purchase,Fashion & Apparel,509.25,12351.37,11842.12,Yes,POS Terminal,United States,14.0,27,Male,107,0,0
TXN001597,CUST01544,2025-01-30 12:45:48,Online Purchase,Utilities,89.45,3757.99,3668.54,No,Web Browser,United Kingdom,0.9,34,Male,175,0,0
TXN001598,CUST00072,2025-01-30 13:35:30,Bill Payment,Utilities,174.93,6739.25,6564.32,N/A,POS Terminal,United Kingdom,19.8,74,Male,25,0,0
TXN001599,CUST00203,2025-01-30 15:31:41,ATM Withdrawal,Fashion & Apparel,167.61,12372.8,12205.19,No,Mobile App,Australia,6.7,71,Male,174,0,0
TXN001600,CUST01442,2025-01-30 18:57:26,Bank Transfer,Utilities,217.44,5211.02,4993.58,N/A,POS Terminal,India,3.3,25,Female,37,0,0
TXN001601,CUST00825,2025-01-30 20:28:01,Bill Payment,Fuel,106.0,2310.13,2204.13,N/A,Web Browser,United Kingdom,70.8,36,Male,169,0,0
TXN001602,CUST01373,2025-01-30 23:58:54,Bill Payment,Fuel,319.96,1114.4,794.44,N/A,Web Browser,Pakistan,1.1,54,Male,109,0,0
TXN001603,CUST00234,2025-01-31 19:55:50,Bank Transfer,Entertainment,130.17,8520.02,8389.85,N/A,Mobile App,United Kingdom,15.9,43,Female,10,0,0
TXN001604,CUST00664,2025-02-01 07:11:50,POS Purchase,Restaurants,180.56,2853.91,2673.35,Yes,Web Browser,United Kingdom,17.7,81,Male,151,0,0
TXN001605,CUST00628,2025-02-01 18:29:02,POS Purchase,Utilities,115.35,515.1,399.75,Yes,Web Browser,United States,9.3,51,Male,37,0,0
TXN001606,CUST01320,2025-02-02 07:17:55,POS Purchase,Groceries,50.84,3943.49,3892.65,Yes,ATM Machine,Pakistan,2.2,36,Female,4,0,0
TXN001607,CUST01128,2025-02-02 13:06:21,Bank Transfer,Online Services,114.37,11656.23,11541.86,N/A,Mobile App,United Kingdom,7.2,51,Other,100,0,0
TXN001608,CUST00701,2025-02-02 13:07:24,Bank Transfer,Healthcare,83.01,1043.66,960.65,N/A,POS Terminal,India,7.2,60,Male,11,0,0
TXN001609,CUST01614,2025-02-02 17:49:10,Online Purchase,Entertainment,74.06,7170.45,7096.39,Yes,POS Terminal,Canada,1.2,39,Male,69,0,0
TXN001610,CUST01391,2025-02-02 19:09:36,Bill Payment,Fashion & Apparel,43.02,3400.74,3357.72,N/A,Mobile App,UAE,2.7,19,Female,15,0,0
TXN001611,CUST00784,2025-02-02 19:39:17,ATM Withdrawal,Groceries,101.26,11571.56,11470.3,Yes,Mobile App,UAE,1.1,76,Other,155,0,0
TXN001612,CUST00412,2025-02-03 08:27:30,Online Purchase,Entertainment,238.94,4055.75,3816.81,No,Mobile App,Australia,3.3,20,Female,122,0,0
TXN001613,CUST01663,2025-02-03 16:09:17,Online Purchase,Entertainment,75.14,3234.07,3158.93,Yes,Web Browser,Germany,,58,Male,13,0,0
TXN001614,CUST01428,2025-02-03 17:58:23,POS Purchase,Electronics,33.6,1650.09,1616.49,Yes,Mobile App,United Kingdom,6.2,61,Female,52,0,0
TXN001615,CUST00691,2025-02-04 01:32:34,POS Purchase,Electronics,106.36,5589.42,5483.06,Yes,Web Browser,UAE,2.4,78,Female,96,0,0
TXN001616,CUST00753,2025-02-04 07:49:17,POS Purchase,Online Services,165.99,1089.66,923.67,Yes,Web Browser,United Kingdom,2.5,41,Female,18,1,0
TXN001617,CUST01152,2025-02-04 10:39:02,Online Purchase,Restaurants,45.84,13533.29,13487.45,Yes,POS Terminal,United Kingdom,27.7,29,Female,128,0,0
TXN001618,CUST01291,2025-02-04 15:06:47,Online Purchase,Groceries,112.78,1892.84,1780.06,Yes,Web Browser,United Kingdom,15.5,36,Female,165,0,0
TXN001619,CUST00304,2025-02-04 20:53:32,Bank Transfer,Electronics,319.37,1335.64,1016.27,N/A,POS Terminal,India,17.3,55,Male,1,0,0
TXN001620,CUST00869,2025-02-04 22:01:01,Wire Transfer,Restaurants,65.9,3830.18,3764.28,N/A,Web Browser,Pakistan,1.9,62,Male,147,0,0
TXN001621,CUST01113,2025-02-04 22:33:20,ATM Withdrawal,Groceries,118.63,12486.24,12367.61,No,Web Browser,United States,4.5,46,Male,31,0,0
TXN001622,CUST01189,2025-02-05 00:50:54,Wire Transfer,Groceries,43.1,1127.67,1084.57,N/A,Mobile App,United Kingdom,11.5,45,Male,26,0,0
TXN001623,CUST01246,2025-02-05 07:40:35,POS Purchase,Home Improvement,387.79,11646.34,11258.55,No,Mobile App,Canada,23.3,63,Female,92,0,0
TXN001624,CUST00170,2025-02-05 08:04:44,Online Purchase,Healthcare,63.59,3594.96,3531.37,No,POS Terminal,Pakistan,10.0,22,Female,168,0,0
TXN001625,CUST00312,2025-02-05 18:24:53,Online Purchase,Travel,22.27,797.12,774.85,Yes,Mobile App,Canada,17.9,58,Female,43,0,0
TXN001626,CUST01620,2025-02-05 20:59:14,POS Purchase,Restaurants,157.81,5812.98,6112.98,No,Mobile App,United Kingdom,84.7,83,Female,87,0,0
TXN001627,CUST00837,2025-02-06 09:44:15,ATM Withdrawal,Restaurants,47.07,9734.37,9687.3,Yes,POS Terminal,United Kingdom,4.9,65,Male,163,0,0
TXN001628,CUST01173,2025-02-06 21:53:21,Bill Payment,Electronics,631.88,498.57,-133.31,N/A,Web Browser,United Kingdom,1.9,51,Female,52,0,0
TXN001629,CUST00863,2025-02-07 08:43:10,Bank Transfer,Restaurants,107.76,6707.27,6599.51,N/A,ATM Machine,United Kingdom,12.3,30,Female,66,0,0
TXN001630,CUST00309,2025-02-07 14:12:33,Bill Payment,Fuel,48.78,2891.49,2842.71,N/A,Mobile App,India,28.4,36,Female,40,0,0
TXN001631,CUST01157,2025-02-09 14:16:18,POS Purchase,Restaurants,67.87,2850.76,2782.89,Yes,Web Browser,Pakistan,1.2,50,Male,32,0,0
TXN001632,CUST00922,2025-02-09 15:39:12,POS Purchase,Entertainment,309.01,3165.45,2856.44,Yes,Mobile App,United Kingdom,0.4,33,Female,1,0,0
TXN001633,CUST00221,2025-02-10 13:30:23,Bill Payment,Healthcare,64.49,1002.92,938.43,N/A,Mobile App,United Kingdom,39.1,36,Female,73,0,0
TXN001634,CUST01509,2025-02-10 14:01:59,Bank Transfer,Healthcare,183.88,7871.77,7687.89,N/A,Web Browser,Australia,0.2,46,Female,59,0,0
TXN001635,CUST01460,2025-02-10 14:37:35,Wire Transfer,Fashion & Apparel,431.35,4505.45,4074.1,N/A,Mobile App,United States,28.3,67,Male,48,0,0
TXN001636,CUST00381,2025-02-10 14:46:41,Online Purchase,Jewelry & Luxury,129.29,2683.91,2554.62,No,Web Browser,Germany,12.4,62,Male,91,0,0
TXN001637,CUST01503,2025-02-10 18:25:26,ATM Withdrawal,Restaurants,231.28,11718.91,11487.63,Yes,POS Terminal,Germany,11.2,57,Female,92,0,0
TXN001638,CUST00351,2025-02-11 09:36:31,Online Purchase,Travel,214.51,3224.18,3498.18,Yes,POS Terminal,United Kingdom,0.9,51,Female,34,0,0
TXN001639,CUST00214,2025-02-11 10:46:11,Bank Transfer,Online Services,50.76,1464.01,1413.25,N/A,POS Terminal,United Kingdom,22.6,77,Other,156,0,0
TXN001640,CUST01051,2025-02-11 15:51:17,Online Purchase,Electronics,83.38,646.58,563.2,Yes,Mobile App,United Kingdom,7.2,46,Female,63,0,0
TXN001641,CUST00275,2025-02-11 16:21:54,Bank Transfer,Groceries,181.32,11245.58,11064.26,N/A,Mobile App,United States,4.8,70,Female,178,0,0
TXN001642,CUST01619,2025-02-11 20:52:15,POS Purchase,Fashion & Apparel,125.26,5291.55,5166.29,Yes,Mobile App,United States,2.2,60,Male,47,0,0
TXN001643,CUST01563,2025-02-11 21:05:10,POS Purchase,Home Improvement,474.15,8112.76,7638.61,Yes,POS Terminal,United States,12.0,39,Male,143,0,0
TXN001644,CUST00489,2025-02-12 00:00:51,ATM Withdrawal,Online Services,263.46,3182.75,2919.29,Yes,Mobile App,United States,14.8,25,Female,162,0,0
TXN001645,CUST00666,2025-02-12 03:43:19,Bank Transfer,Groceries,214.1,45126.54,44912.44,N/A,ATM Machine,United Kingdom,12.1,50,Female,23,0,0
TXN001646,CUST01375,2025-02-12 13:28:08,Bill Payment,Online Services,202.38,5140.58,4938.2,N/A,POS Terminal,United Kingdom,6.8,49,Male,121,0,0
TXN001647,CUST00688,2025-02-12 14:45:22,ATM Withdrawal,Fashion & Apparel,168.6,4503.01,4334.41,Yes,POS Terminal,United States,48.5,46,Female,95,0,0
TXN001648,CUST00697,2025-02-12 15:42:31,Online Purchase,Groceries,54.87,4373.89,4319.02,Yes,ATM Machine,United States,26.1,38,Female,91,0,0
TXN001649,CUST00085,2025-02-12 18:03:13,Online Purchase,Utilities,13.42,1887.01,1987.01,No,POS Terminal,United Kingdom,4.4,29,Other,28,0,0
TXN001650,CUST00871,2025-02-13 09:00:03,Bank Transfer,Travel,93.79,8138.23,8044.44,N/A,POS Terminal,United States,3.1,32,Male,152,0,0
TXN001651,CUST01013,2025-02-13 10:19:38,POS Purchase,Fashion & Apparel,98.13,4193.21,4500.21,No,ATM Machine,Pakistan,3.5,37,Female,13,0,0
TXN001652,CUST00257,2025-02-13 17:08:29,Online Purchase,Fuel,239.76,821.26,824.26,Yes,Mobile App,United Kingdom,7.1,58,Male,107,0,0
TXN001653,CUST00254,2025-02-14 09:17:10,Bank Transfer,Healthcare,70.52,5494.0,5423.48,N/A,Web Browser,Germany,0.2,36,Female,128,0,0
TXN001654,CUST00326,2025-02-14 13:48:00,ATM Withdrawal,Fashion & Apparel,515.77,894.45,378.68,Yes,Web Browser,United Kingdom,14.6,71,Other,79,0,0
TXN001655,CUST01655,2025-02-14 19:22:26,Online Purchase,Entertainment,237.37,1480.22,1242.85,Yes,Mobile App,Pakistan,0.7,78,Male,131,1,0
TXN001656,CUST00011,2025-02-15 02:22:01,Online Purchase,Online Services,199.37,2608.74,2409.37,No,Web Browser,Australia,800.6,84,Female,91,0,1
TXN001657,CUST00105,2025-02-15 10:33:34,POS Purchase,Online Services,206.57,6008.42,6438.42,No,POS Terminal,United Kingdom,2.3,59,Male,56,0,0
TXN001658,CUST01629,2025-02-15 16:28:06,Online Purchase,Groceries,29.34,1205.93,1176.59,Yes,Mobile App,United States,5.5,25,Female,59,0,0
TXN001659,CUST01297,2025-02-15 20:05:21,POS Purchase,Entertainment,247.76,2985.08,2737.32,No,Web Browser,India,3.9,39,Female,16,0,0
TXN001660,CUST00620,2025-02-16 07:52:40,POS Purchase,Restaurants,333.82,4304.38,3970.56,No,POS Terminal,UAE,15.1,64,Male,136,0,0
TXN001661,CUST00886,2025-02-17 11:06:41,POS Purchase,Entertainment,2196.73,681.47,-1515.26,Yes,Mobile App,United Kingdom,0.3,50,Female,41,0,0
TXN001662,CUST00362,2025-02-17 13:15:22,Wire Transfer,Restaurants,107.41,3368.91,3261.5,N/A,POS Terminal,UAE,0.0,71,Male,150,0,0
TXN001663,CUST01661,2025-02-17 16:56:06,Bill Payment,Home Improvement,794.66,4583.11,3788.45,N/A,Mobile App,Germany,40.6,53,Female,21,0,0
TXN001664,CUST01444,2025-02-17 18:55:45,Bank Transfer,Restaurants,74.55,11613.65,11539.1,N/A,Web Browser,United States,13.4,21,Other,71,0,0
TXN001665,CUST00837,2025-02-18 08:09:46,Wire Transfer,Fashion & Apparel,7.75,5134.3,5126.55,N/A,Mobile App,Pakistan,2.1,59,Male,157,0,0
TXN001666,CUST01290,2025-02-18 08:36:38,Online Purchase,Groceries,98.13,3416.05,3811.05,No,Mobile App,Canada,5.6,38,Male,64,0,0
TXN001667,CUST00605,2025-02-18 11:16:35,Online Purchase,Groceries,77.86,1805.65,1727.79,No,Web Browser,UAE,10.9,67,Male,173,0,0
TXN001668,CUST01563,2025-02-18 15:52:41,Online Purchase,Electronics,99.9,40233.19,40133.29,Yes,POS Terminal,United States,0.6,32,Male,150,0,0
TXN001669,CUST00053,2025-02-18 16:01:04,POS Purchase,Travel,162.62,3460.93,3298.31,No,Mobile App,Germany,12.6,46,Male,20,0,0
TXN001670,CUST01030,2025-02-18 16:17:42,Online Purchase,Fuel,728.94,4213.69,3484.75,No,Mobile App,United Kingdom,5.3,59,Male,10,0,0
TXN001671,CUST01684,2025-02-18 17:11:27,ATM Withdrawal,Groceries,189.93,6564.5,6374.57,No,POS Terminal,UAE,2.2,54,Male,19,0,0
TXN001672,CUST00448,2025-02-18 20:47:53,Wire Transfer,Restaurants,138.95,2539.47,2400.52,N/A,Mobile App,Germany,4.6,22,Male,167,0,0
TXN001673,CUST00674,2025-02-19 02:20:32,POS Purchase,Fuel,82.1,5623.5,5541.4,No,Mobile App,Pakistan,48.1,63,Female,120,0,0
TXN001674,CUST00061,2025-02-19 04:05:13,Online Purchase,Online Services,482.17,11882.0,11399.83,No,ATM Machine,India,210.6,84,Female,24,0,1
TXN001675,CUST01136,2025-02-19 08:21:45,Bill Payment,Electronics,132.68,6142.12,6009.44,N/A,Web Browser,United States,3.0,22,Male,159,0,0
TXN001676,CUST01157,2025-02-19 08:22:41,ATM Withdrawal,Entertainment,26.52,1473.84,1447.32,Yes,Web Browser,United States,6.3,32,Female,101,0,0
TXN001677,CUST00419,2025-02-19 10:20:20,POS Purchase,Fashion & Apparel,44.61,2964.6,2919.99,No,POS Terminal,United Kingdom,16.9,66,Male,93,0,0
TXN001678,CUST01545,2025-02-19 10:44:31,Online Purchase,Healthcare,830.11,9370.94,8540.83,Yes,POS Terminal,United Kingdom,0.2,32,Male,83,0,0
TXN001679,CUST00978,2025-02-19 11:14:13,Bank Transfer,Entertainment,189.55,2844.06,2654.51,N/A,Mobile App,United States,15.1,71,Female,36,0,0
TXN001680,CUST01092,2025-02-19 18:27:54,Online Purchase,Utilities,63.49,4145.27,4636.27,No,Mobile App,Germany,9.0,36,Female,10,0,0
TXN001681,CUST00239,2025-02-20 15:54:40,POS Purchase,Electronics,41.97,9536.83,9494.86,Yes,Web Browser,United States,23.8,76,Female,174,0,0
TXN001682,CUST01493,2025-02-20 17:27:39,Bank Transfer,Groceries,117.29,1134.87,1017.58,N/A,POS Terminal,Germany,1.4,20,Female,38,0,0
TXN001683,CUST01221,2025-02-21 08:50:27,POS Purchase,Utilities,97.68,3021.35,2923.67,No,Web Browser,United States,21.2,78,Female,149,0,0
TXN001684,CUST00089,2025-02-21 09:09:43,POS Purchase,Online Services,215.97,4621.96,4405.99,No,Mobile App,Germany,32.3,47,Female,94,0,0
TXN001685,CUST01184,2025-02-21 11:51:40,Online Purchase,Groceries,64.85,6933.02,6868.17,No,Mobile App,United States,9.6,84,Male,125,0,0
TXN001686,CUST00608,2025-02-21 17:56:28,ATM Withdrawal,Groceries,144.88,15632.63,15487.75,No,POS Terminal,United States,0.4,71,Male,46,0,0
TXN001687,CUST01319,2025-02-21 19:10:25,POS Purchase,Travel,265.16,4970.19,4705.03,No,Mobile App,United Kingdom,1.3,74,Male,33,0,0
TXN001688,CUST00885,2025-02-21 20:34:11,Bill Payment,Entertainment,219.91,3524.64,3304.73,N/A,POS Terminal,United Kingdom,7.9,18,Male,6,0,0
TXN001689,CUST00917,2025-02-21 21:49:37,ATM Withdrawal,Groceries,19.21,6585.5,6566.29,Yes,Web Browser,UAE,1.4,29,Male,33,0,0
TXN001690,CUST00270,2025-02-22 17:16:40,Online Purchase,Travel,118.43,1985.01,1866.58,Yes,Mobile App,United Kingdom,3.2,74,Female,98,0,0
TXN001691,CUST00158,2025-02-22 17:37:02,POS Purchase,Online Services,201.97,4084.43,3882.46,Yes,POS Terminal,United Kingdom,23.9,24,Male,34,0,0
TXN001692,CUST00564,2025-02-22 19:47:15,Bill Payment,Restaurants,114.83,3367.73,3252.9,N/A,Web Browser,United States,2.8,54,Female,39,0,0
TXN001693,CUST01146,2025-02-23 14:38:21,Online Purchase,Fuel,256.45,759.7,779.7,No,Mobile App,UAE,3.0,56,Male,149,0,0
TXN001694,CUST01489,2025-02-23 19:20:35,Online Purchase,Healthcare,49.88,8026.06,7976.18,No,Mobile App,Pakistan,16.3,43,Male,53,0,0
TXN001695,CUST00234,2025-02-24 08:35:43,Bank Transfer,Electronics,143.47,1984.99,1841.52,N/A,POS Terminal,UAE,12.3,31,Female,66,0,0
TXN001696,CUST00835,2025-02-24 11:00:10,Bank Transfer,Restaurants,91.46,3625.18,3533.72,N/A,Mobile App,Germany,5.2,29,Female,132,0,0
TXN001697,CUST00904,2025-02-25 11:18:33,Bill Payment,Entertainment,44.17,1375.8,1331.63,N/A,Mobile App,United States,2.6,25,Other,77,0,0
TXN001698,CUST00597,2025-02-25 20:00:24,POS Purchase,Restaurants,23.39,3900.54,3877.15,No,Mobile App,United States,13.0,78,Male,83,0,0
TXN001699,CUST00949,2025-02-26 09:05:03,Bill Payment,Online Services,122.96,9011.54,8888.58,N/A,POS Terminal,Pakistan,5.7,37,Male,79,0,0
TXN001700,CUST00889,2025-02-26 12:46:19,ATM Withdrawal,Online Services,104.98,10013.11,9908.13,Yes,Mobile App,United Kingdom,11.9,58,Female,179,0,0
TXN001701,CUST00676,2025-02-26 16:34:49,Online Purchase,Restaurants,281.67,8359.46,8077.79,Yes,Web Browser,United Kingdom,14.7,19,Male,168,0,0
TXN001702,CUST01305,2025-02-26 16:54:29,Bank Transfer,Utilities,278.86,7113.0,6834.14,N/A,POS Terminal,Germany,1.8,56,Male,63,0,0
TXN001703,CUST01355,2025-02-27 14:55:33,Online Purchase,Utilities,43.75,682.65,638.9,No,Mobile App,Canada,12.6,32,Male,180,0,0
TXN001704,CUST00711,2025-02-28 06:07:43,POS Purchase,Fuel,86.27,2040.62,1954.35,No,Mobile App,UAE,27.2,20,Male,176,0,0
TXN001705,CUST01316,2025-02-28 09:13:10,Bank Transfer,Groceries,19.78,2909.29,2889.51,N/A,POS Terminal,Pakistan,12.7,38,Female,56,0,0
TXN001706,CUST01729,2025-02-28 13:56:21,Bill Payment,Fuel,76.17,5267.57,5191.4,N/A,Web Browser,India,2.4,81,Female,72,0,0
TXN001707,CUST01458,2025-03-01 08:19:30,Online Purchase,Fashion & Apparel,91.56,7832.5,7740.94,Yes,Web Browser,United States,2.2,69,Male,29,0,0
TXN001708,CUST00100,2025-03-01 10:49:08,Online Purchase,Healthcare,199.57,13550.93,13351.36,No,Mobile App,Pakistan,3.7,49,Male,26,0,0
TXN001709,CUST01162,2025-03-01 11:24:36,Bill Payment,Utilities,509.45,1631.8,1122.35,N/A,Mobile App,India,18.9,26,Male,89,0,0
TXN001710,CUST00323,2025-03-01 13:58:41,Bill Payment,Entertainment,117.92,3983.39,3865.47,N/A,Mobile App,United States,2.6,41,Other,12,0,0
TXN001711,CUST00644,2025-03-01 17:33:24,ATM Withdrawal,Travel,98.78,19480.43,19381.65,Yes,Web Browser,United Kingdom,9.7,38,Female,20,0,0
TXN001712,CUST01679,2025-03-01 20:38:17,Online Purchase,Fuel,174.58,3647.46,3472.88,Yes,Web Browser,Australia,16.7,25,Female,140,0,0
TXN001713,CUST00110,2025-03-02 01:44:19,Bank Transfer,Entertainment,105.61,1183.0,1077.39,N/A,Web Browser,Australia,11.9,30,Male,25,0,0
TXN001714,CUST01310,2025-03-02 11:19:36,POS Purchase,Fuel,59.75,3309.56,3249.81,Yes,POS Terminal,United States,26.5,21,Female,137,0,0
TXN001715,CUST01704,2025-03-02 11:21:16,POS Purchase,Groceries,40.0,1528.7,1488.7,Yes,Mobile App,United States,6.4,73,Female,39,0,0
TXN001716,CUST01396,2025-03-02 15:10:02,ATM Withdrawal,Entertainment,182.5,1516.27,1333.77,No,Mobile App,Australia,12.2,59,Male,170,0,0
TXN001717,CUST00013,2025-03-02 23:49:49,POS Purchase,Fuel,248.68,14708.87,14460.19,Yes,Mobile App,Pakistan,10.9,78,Male,141,0,0
TXN001718,CUST00025,2025-03-03 05:44:32,ATM Withdrawal,Electronics,440.49,905.64,465.15,Yes,Mobile App,United States,242.9,74,Female,51,0,1
TXN001719,CUST00180,2025-03-03 12:01:32,POS Purchase,Fashion & Apparel,33.01,2360.46,2327.45,No,Web Browser,United States,1.2,30,Male,128,0,0
TXN001720,CUST00402,2025-03-03 12:30:42,Bank Transfer,Restaurants,593.55,4584.27,3990.72,N/A,Web Browser,Australia,15.9,65,Male,159,0,0
TXN001721,CUST01022,2025-03-03 18:16:14,Online Purchase,Utilities,151.71,3919.77,3768.06,Yes,Web Browser,Germany,15.7,34,Female,140,0,0
TXN001722,CUST00563,2025-03-03 19:13:29,POS Purchase,Healthcare,628.47,2093.26,1464.79,Yes,POS Terminal,United States,1.4,80,Female,156,0,0
TXN001723,CUST00442,2025-03-04 11:52:49,ATM Withdrawal,Home Improvement,67.43,2433.77,2366.34,Yes,Web Browser,India,2.5,72,Female,46,0,0
TXN001724,CUST00795,2025-03-04 17:22:58,Bank Transfer,Fuel,296.1,3154.35,2858.25,N/A,ATM Machine,UAE,,80,Female,31,0,0
TXN001725,CUST00905,2025-03-04 18:29:30,Online Purchase,Groceries,73.18,1190.7,1117.52,No,POS Terminal,United Kingdom,1.3,37,Female,80,0,0
TXN001726,CUST01602,2025-03-04 20:36:31,Bill Payment,Restaurants,29.42,10340.29,10310.87,N/A,Web Browser,United States,23.2,21,Female,120,0,0
TXN001727,CUST00348,2025-03-05 06:37:22,Bill Payment,Restaurants,98.01,842.38,744.37,N/A,POS Terminal,Pakistan,12.0,46,Female,44,0,0
TXN001728,CUST00573,2025-03-05 09:43:25,Online Purchase,Entertainment,1133.12,1862.99,2270.99,Yes,Mobile App,United Kingdom,6.6,41,Female,71,0,0
TXN001729,CUST00684,2025-03-05 09:58:09,Online Purchase,Electronics,49.17,1478.11,1428.94,No,Mobile App,United Kingdom,2.0,19,Male,31,0,0
TXN001730,CUST00277,2025-03-05 11:32:01,Online Purchase,Online Services,229.16,7884.22,7655.06,Yes,Web Browser,Germany,10.5,40,Male,102,0,0
TXN001731,CUST00323,2025-03-06 05:05:42,POS Purchase,Groceries,167.47,4697.69,4530.22,No,POS Terminal,United Kingdom,2.8,66,Male,123,0,0
TXN001732,CUST01092,2025-03-06 08:50:31,Online Purchase,Groceries,304.41,466.75,162.34,No,ATM Machine,United Kingdom,18.9,31,Female,116,0,0
TXN001733,CUST01051,2025-03-06 13:23:49,Online Purchase,Electronics,75.17,1344.31,1269.14,No,POS Terminal,Pakistan,10.6,25,Male,162,0,0
TXN001734,CUST01122,2025-03-06 15:18:41,Wire Transfer,Fashion & Apparel,231.79,3818.01,3586.22,N/A,POS Terminal,United Kingdom,4.6,83,Male,117,0,0
TXN001735,CUST00658,2025-03-06 17:59:18,Bank Transfer,Electronics,402.3,13861.02,13458.72,N/A,Web Browser,United Kingdom,1.0,22,Female,160,0,0
TXN001736,CUST01439,2025-03-06 19:25:21,POS Purchase,Utilities,145.8,1449.29,1303.49,Yes,Mobile App,United Kingdom,17.8,49,Male,35,0,0
TXN001737,CUST00653,2025-03-07 21:54:58,POS Purchase,Groceries,673.38,4293.29,4657.29,Yes,Mobile App,United Kingdom,8.1,77,Female,6,0,0
TXN001738,CUST01287,2025-03-08 08:56:58,Wire Transfer,Home Improvement,124.47,1671.35,1546.88,N/A,ATM Machine,India,0.1,77,Female,97,0,0
TXN001739,CUST01642,2025-03-08 09:14:05,Bank Transfer,Fashion & Apparel,155.24,2303.31,2148.07,N/A,POS Terminal,United Kingdom,21.0,71,Female,34,0,0
TXN001740,CUST00710,2025-03-08 09:50:57,ATM Withdrawal,Fuel,136.81,2658.25,2521.44,No,Mobile App,Pakistan,2.8,72,Female,173,1,0
TXN001741,CUST00884,2025-03-08 10:38:26,Online Purchase,Travel,138.29,3361.53,3223.24,No,Mobile App,Canada,4.8,81,Male,130,0,0
TXN001742,CUST00904,2025-03-08 12:20:31,POS Purchase,Travel,28.39,3685.01,3656.62,No,Mobile App,United Kingdom,1.3,78,Male,80,0,0
TXN001743,CUST01039,2025-03-09 18:21:55,POS Purchase,Restaurants,285.7,2441.77,2156.07,Yes,Mobile App,United Kingdom,8.0,24,Female,14,0,0
TXN001744,CUST00361,2025-03-10 04:33:19,Online Purchase,Healthcare,23.09,14075.56,14052.47,Yes,Mobile App,United Kingdom,0.2,47,Female,160,0,0
TXN001745,CUST00968,2025-03-10 06:53:11,Online Purchase,Travel,313.15,10532.37,10219.22,No,POS Terminal,India,19.2,57,Male,46,0,0
TXN001746,CUST00011,2025-03-10 08:42:57,Wire Transfer,Groceries,393.22,2360.9,1967.68,N/A,ATM Machine,United Kingdom,10.0,29,Male,66,0,1
TXN001747,CUST01030,2025-03-10 08:55:06,POS Purchase,Fuel,54.72,7991.03,7936.31,Yes,POS Terminal,United Kingdom,31.0,61,Male,166,0,0
TXN001748,CUST01470,2025-03-10 09:18:29,Bank Transfer,Utilities,309.32,800.65,491.33,N/A,Web Browser,Pakistan,0.9,44,Female,54,0,0
TXN001749,CUST01603,2025-03-10 10:16:47,POS Purchase,Groceries,66.48,3316.2,3249.72,No,Mobile App,Canada,7.1,68,Male,162,0,0
TXN001750,CUST01220,2025-03-10 10:16:55,POS Purchase,Online Services,24.15,5211.15,5187.0,No,POS Terminal,Australia,10.0,65,Female,77,0,0
TXN001751,CUST00689,2025-03-10 11:58:33,ATM Withdrawal,Restaurants,37.79,2087.74,2049.95,No,POS Terminal,Germany,16.0,66,Male,40,1,0
TXN001752,CUST00534,2025-03-10 14:09:37,Online Purchase,Entertainment,67.7,1818.28,1967.28,Yes,POS Terminal,United Kingdom,14.2,52,Male,46,0,0
TXN001753,CUST00733,2025-03-10 19:19:34,POS Purchase,Electronics,572.57,4812.03,4239.46,No,Mobile App,United Kingdom,24.8,66,Female,134,0,0
TXN001754,CUST00791,2025-03-11 06:44:30,Wire Transfer,Utilities,151.44,3146.98,2995.54,N/A,Web Browser,United States,5.2,85,Male,19,0,0
TXN001755,CUST00146,2025-03-11 09:09:49,POS Purchase,Fuel,57.28,443.61,386.33,Yes,Mobile App,Canada,10.2,22,Male,94,0,0
TXN001756,CUST00004,2025-03-11 12:07:48,Bill Payment,Groceries,72.91,2641.64,2568.73,N/A,ATM Machine,United States,4.9,77,Male,95,0,0
TXN001757,CUST01029,2025-03-11 16:10:34,POS Purchase,Utilities,119.99,5036.41,4916.42,No,Mobile App,United Kingdom,6.4,51,Male,107,0,0
TXN001758,CUST00482,2025-03-12 09:47:12,Wire Transfer,Utilities,112.19,11546.92,11434.73,N/A,Web Browser,United States,2.8,23,Male,47,0,0
TXN001759,CUST01488,2025-03-12 10:43:19,Bank Transfer,Entertainment,574.46,2108.96,1534.5,N/A,Mobile App,Australia,23.6,40,Male,122,0,0
TXN001760,CUST01447,2025-03-12 13:37:51,POS Purchase,Online Services,109.39,9562.71,9453.32,No,POS Terminal,United Kingdom,11.7,75,Female,3,0,0
TXN001761,CUST00011,2025-03-12 17:48:55,Wire Transfer,Entertainment,509.28,6121.1,5611.82,N/A,Mobile App,Canada,2.5,39,Male,65,0,1
TXN001762,CUST01020,2025-03-12 17:57:27,Online Purchase,Healthcare,165.3,3652.44,3487.14,Yes,Mobile App,India,0.3,78,Male,15,0,0
TXN001763,CUST01012,2025-03-12 19:25:34,Bill Payment,Travel,179.5,3869.54,3690.04,N/A,POS Terminal,United Kingdom,9.3,62,Female,159,0,0
TXN001764,CUST01296,2025-03-13 09:41:31,Online Purchase,Fashion & Apparel,185.98,8177.54,7991.56,Yes,Web Browser,United Kingdom,39.2,85,Female,14,0,0
TXN001765,CUST00453,2025-03-13 11:06:07,Online Purchase,Utilities,821.14,4813.53,3992.39,No,Web Browser,Canada,29.5,63,Male,174,0,0
TXN001766,CUST01399,2025-03-13 13:18:55,Bank Transfer,Electronics,81.03,1838.36,1757.33,N/A,ATM Machine,United States,25.0,69,Male,19,0,0
TXN001767,CUST00135,2025-03-13 13:25:11,Bill Payment,Electronics,25.46,43198.0,43172.54,N/A,Mobile App,Canada,0.8,36,Female,159,0,0
TXN001768,CUST00768,2025-03-13 13:28:30,Bill Payment,Restaurants,119.55,14956.64,14837.09,N/A,ATM Machine,Pakistan,2.2,50,Male,61,0,0
TXN001769,CUST00721,2025-03-13 23:13:07,Online Purchase,Groceries,209.83,1892.43,1682.6,Yes,Web Browser,United Kingdom,3.7,29,Male,166,0,0
TXN001770,CUST00272,2025-03-14 18:55:24,ATM Withdrawal,Restaurants,54.23,2929.44,2875.21,No,Web Browser,India,27.1,34,Female,94,0,0
TXN001771,CUST00073,2025-03-15 04:13:43,POS Purchase,Groceries,112.48,11401.08,11288.6,No,POS Terminal,United Kingdom,30.2,18,Male,86,0,0
TXN001772,CUST00947,2025-03-15 15:09:46,Bill Payment,Groceries,123.22,2671.92,2548.7,N/A,ATM Machine,United Kingdom,2.6,32,Female,169,0,0
TXN001773,CUST00202,2025-03-15 20:50:58,Bank Transfer,Groceries,53.11,2084.44,2031.33,N/A,Mobile App,India,13.0,20,Male,177,0,0
TXN001774,CUST00712,2025-03-16 08:20:03,Online Purchase,Restaurants,168.03,4517.17,4801.17,Yes,POS Terminal,Australia,16.9,69,Female,162,0,0
TXN001775,CUST00006,2025-03-16 15:43:02,ATM Withdrawal,Fashion & Apparel,46.44,817.86,771.42,Yes,Mobile App,India,1.7,75,Female,24,0,0
TXN001776,CUST00743,2025-03-16 20:14:22,POS Purchase,Restaurants,294.73,34068.22,34489.22,Yes,POS Terminal,United Kingdom,66.8,20,Female,124,0,0
TXN001777,CUST00155,2025-03-17 11:26:48,Bank Transfer,Home Improvement,319.19,5079.42,4760.23,N/A,Mobile App,United Kingdom,13.6,37,Female,139,0,0
TXN001778,CUST01519,2025-03-17 13:22:10,POS Purchase,Groceries,91.7,10846.35,10754.65,No,POS Terminal,United States,11.4,83,Male,7,0,0
TXN001779,CUST00228,2025-03-17 17:34:24,Online Purchase,Fuel,118.75,5294.4,5175.65,No,POS Terminal,Germany,4.3,46,Male,159,0,0
TXN001780,CUST00719,2025-03-18 00:04:58,Bill Payment,Groceries,170.2,5077.46,4907.26,N/A,Mobile App,United Kingdom,28.3,33,Female,119,0,0
TXN001781,CUST00205,2025-03-18 10:28:28,Bill Payment,Fashion & Apparel,64.14,3570.27,3506.13,N/A,Mobile App,United Kingdom,0.5,21,Male,85,0,0
TXN001782,CUST00349,2025-03-19 08:22:48,POS Purchase,Electronics,66.82,2556.58,2489.76,Yes,Mobile App,Canada,13.6,50,Female,45,0,0
TXN001783,CUST01256,2025-03-19 09:31:43,Online Purchase,Groceries,33.51,4239.54,4392.54,No,POS Terminal,United States,1.5,54,Female,127,0,0
TXN001784,CUST00812,2025-03-19 10:59:43,Online Purchase,Groceries,402.38,9107.69,8705.31,Yes,Web Browser,Pakistan,3.1,56,Other,16,0,0
TXN001785,CUST00609,2025-03-20 13:34:01,POS Purchase,Fuel,39.53,5129.0,5089.47,No,Mobile App,United States,11.9,74,Female,140,0,0
TXN001786,CUST01480,2025-03-20 16:14:50,Bill Payment,Online Services,281.08,2470.61,2189.53,N/A,Mobile App,Pakistan,5.5,37,Female,2,0,0
TXN001787,CUST00108,2025-03-20 19:33:09,ATM Withdrawal,Online Services,41.17,12442.74,12401.57,Yes,POS Terminal,United Kingdom,38.1,56,Female,146,0,0
TXN001788,CUST00381,2025-03-20 20:52:58,Online Purchase,Electronics,118.69,2894.65,2775.96,Yes,Web Browser,Pakistan,13.0,24,Male,29,0,0
TXN001789,CUST00220,2025-03-21 07:05:37,Wire Transfer,Online Services,28.38,1573.7,1545.32,N/A,Mobile App,Canada,4.1,24,Male,86,0,0
TXN001790,CUST01068,2025-03-21 08:26:38,Online Purchase,Entertainment,164.92,3667.88,3502.96,No,Web Browser,Canada,2.8,22,Female,17,1,0
TXN001791,CUST01715,2025-03-21 10:25:58,POS Purchase,Groceries,435.73,18197.38,17761.65,Yes,ATM Machine,Pakistan,22.1,49,Male,125,0,0
TXN001792,CUST00105,2025-03-21 13:04:49,Online Purchase,Fuel,356.02,542.54,186.52,Yes,POS Terminal,United Kingdom,11.0,83,Female,169,0,0
TXN001793,CUST00461,2025-03-21 18:26:38,Bank Transfer,Jewelry & Luxury,163.11,1215.12,1052.01,N/A,Mobile App,Pakistan,8.9,63,Female,59,0,0
TXN001794,CUST00894,2025-03-21 21:36:44,POS Purchase,Groceries,53.08,3989.1,3936.02,No,ATM Machine,Pakistan,22.2,37,Female,123,0,0
TXN001795,CUST00719,2025-03-22 04:01:20,Bill Payment,Electronics,192.28,2038.43,1846.15,N/A,Web Browser,Australia,4.9,35,Female,145,0,0
TXN001796,CUST00540,2025-03-22 12:13:45,Bank Transfer,Online Services,56.36,5835.14,5778.78,N/A,Web Browser,Canada,39.9,19,Male,32,0,0
TXN001797,CUST00581,2025-03-22 14:59:15,ATM Withdrawal,Groceries,26.86,1086.67,1059.81,No,POS Terminal,United Kingdom,4.8,60,Male,120,0,0
TXN001798,CUST00985,2025-03-22 17:58:25,Bank Transfer,Fuel,212.64,2920.68,2708.04,N/A,Web Browser,United Kingdom,11.8,61,Male,34,0,0
TXN001799,CUST00071,2025-03-22 18:22:29,Online Purchase,Healthcare,73.72,2062.34,1988.62,Yes,Web Browser,Australia,16.6,19,Female,81,0,0
TXN001800,CUST00289,2025-03-23 08:45:10,Bank Transfer,Online Services,89.43,6996.46,6907.03,N/A,Web Browser,United Kingdom,8.0,23,Female,145,0,0
TXN001801,CUST01191,2025-03-23 10:19:43,Online Purchase,Electronics,95.44,16474.85,16379.41,Yes,ATM Machine,Germany,19.4,35,Male,48,0,0
TXN001802,CUST01715,2025-03-23 15:46:12,Bank Transfer,Travel,590.29,5494.96,4904.67,N/A,Mobile App,United States,21.1,50,Female,90,0,0
TXN001803,CUST01549,2025-03-23 19:16:40,POS Purchase,Healthcare,83.79,10119.33,10035.54,No,Mobile App,Germany,28.8,78,Male,48,0,0
TXN001804,CUST00085,2025-03-24 12:00:04,POS Purchase,Home Improvement,325.17,1722.68,1397.51,Yes,POS Terminal,United States,2.7,24,Male,77,0,0
TXN001805,CUST00983,2025-03-24 12:06:16,Bill Payment,Utilities,57.44,7577.55,7520.11,N/A,Mobile App,United States,7.4,41,Female,90,0,0
TXN001806,CUST01251,2025-03-24 17:15:35,POS Purchase,Utilities,354.01,9346.79,8992.78,Yes,Web Browser,United States,0.5,66,Female,83,0,0
TXN001807,CUST01722,2025-03-24 19:23:55,Bank Transfer,Travel,61.53,10624.62,10563.09,N/A,Mobile App,Pakistan,1.2,83,Male,158,0,0
TXN001808,CUST00042,2025-03-25 17:37:48,Online Purchase,Travel,181.47,835.9,654.43,No,Mobile App,Germany,1.1,32,Female,125,0,0
TXN001809,CUST00727,2025-03-25 18:42:31,POS Purchase,Healthcare,132.65,1912.66,2018.66,Yes,POS Terminal,United Kingdom,61.8,83,Female,144,0,0
TXN001810,CUST00452,2025-03-26 18:51:12,ATM Withdrawal,Entertainment,45.74,3243.8,3198.06,No,POS Terminal,Pakistan,4.4,61,Male,66,0,0
TXN001811,CUST01723,2025-03-26 23:41:30,POS Purchase,Fashion & Apparel,275.96,2846.85,2570.89,Yes,Web Browser,Pakistan,10.9,81,Female,64,0,0
TXN001812,CUST01371,2025-03-27 09:47:48,POS Purchase,Groceries,186.62,6828.01,6641.39,Yes,Mobile App,India,5.8,52,Male,63,0,0
TXN001813,CUST01546,2025-03-27 10:09:41,POS Purchase,Utilities,39.27,1667.13,2111.13,Yes,POS Terminal,United States,5.0,48,Female,140,0,0
TXN001814,CUST00709,2025-03-27 15:26:50,Bill Payment,Electronics,158.63,2196.43,2037.8,N/A,Web Browser,United States,0.8,56,Male,31,0,0
TXN001815,CUST00431,2025-03-27 19:11:31,Online Purchase,Restaurants,149.43,5296.88,5147.45,No,Mobile App,Pakistan,14.2,21,Male,51,0,0
TXN001816,CUST00969,2025-03-28 08:07:44,POS Purchase,Groceries,49.3,1008.5,959.2,No,Mobile App,United States,8.8,73,Female,142,0,0
TXN001817,CUST01404,2025-03-28 11:12:30,Bank Transfer,Fashion & Apparel,118.04,6293.14,6175.1,N/A,Web Browser,United States,12.2,38,Female,47,0,0
TXN001818,CUST01056,2025-03-28 12:21:35,Bill Payment,Online Services,577.14,3923.99,3346.85,N/A,Mobile App,UAE,24.4,36,Male,142,0,0
TXN001819,CUST01120,2025-03-28 12:22:16,ATM Withdrawal,Groceries,66.35,3013.55,2947.2,Yes,Web Browser,United States,2.9,23,Female,53,0,0
TXN001820,CUST00700,2025-03-29 04:18:27,Online Purchase,Fashion & Apparel,173.11,6130.02,6408.02,No,Web Browser,United States,7.5,58,Male,102,0,0
TXN001821,CUST00002,2025-03-29 08:51:20,Wire Transfer,Electronics,991.14,3623.59,2632.45,N/A,Web Browser,Pakistan,83.3,23,Female,9,0,1
TXN001822,CUST00071,2025-03-29 08:55:11,POS Purchase,Online Services,230.72,19058.02,18827.3,Yes,Web Browser,United Kingdom,0.4,49,Male,54,0,0
TXN001823,CUST00081,2025-03-29 23:01:13,Bank Transfer,Fuel,75.7,1864.82,1789.12,N/A,POS Terminal,United States,7.9,38,Female,114,0,0
TXN001824,CUST01416,2025-03-29 23:02:35,Bill Payment,Utilities,383.36,1402.12,1018.76,N/A,Mobile App,United Kingdom,2.8,72,Female,137,0,0
TXN001825,CUST01636,2025-03-29 23:20:13,POS Purchase,Travel,180.02,7596.89,7416.87,No,Web Browser,Pakistan,2.9,70,Male,114,0,0
TXN001826,CUST00557,2025-03-30 00:03:34,Online Purchase,Electronics,221.88,1499.32,1536.32,No,Web Browser,United States,21.3,75,Male,33,0,0
TXN001827,CUST01295,2025-03-30 10:28:19,POS Purchase,Healthcare,202.95,3417.5,3214.55,Yes,Web Browser,Germany,0.1,49,Female,33,0,0
TXN001828,CUST00371,2025-03-30 15:10:45,POS Purchase,Home Improvement,262.28,23369.13,23106.85,Yes,Web Browser,United States,1.2,54,Female,105,0,0
TXN001829,CUST01483,2025-03-30 16:55:00,POS Purchase,Groceries,750.88,774.93,1251.93,Yes,Web Browser,Pakistan,47.6,20,Female,18,0,0
TXN001830,CUST00076,2025-03-30 17:19:52,Bank Transfer,Healthcare,431.39,2535.64,2104.25,N/A,Web Browser,United Kingdom,7.4,67,Male,175,0,0
TXN001831,CUST00125,2025-03-31 08:25:37,POS Purchase,Utilities,37.46,4496.88,4459.42,No,ATM Machine,United States,1.8,75,Female,146,0,0
TXN001832,CUST01344,2025-03-31 08:44:24,POS Purchase,Fuel,66.83,3018.34,2951.51,Yes,POS Terminal,Pakistan,1.0,68,Male,150,0,0
TXN001833,CUST00953,2025-03-31 12:23:29,Online Purchase,Electronics,235.49,5308.73,5073.24,Yes,Mobile App,United States,7.0,35,Female,6,0,0
TXN001834,CUST00106,2025-03-31 16:25:28,Online Purchase,Groceries,25.7,1612.49,1586.79,Yes,Mobile App,Canada,12.0,42,Male,64,0,0
TXN001835,CUST01161,2025-04-01 08:11:32,POS Purchase,Electronics,127.43,12075.52,11948.09,Yes,Mobile App,United Kingdom,3.6,62,Male,47,0,0
TXN001836,CUST01234,2025-04-01 08:56:49,ATM Withdrawal,Online Services,158.03,2106.78,1948.75,Yes,Web Browser,Pakistan,18.3,50,Male,21,0,0
TXN001837,CUST00260,2025-04-01 10:15:57,Bill Payment,Healthcare,76.99,4088.57,4011.58,N/A,Web Browser,Canada,15.3,28,Female,25,0,0
TXN001838,CUST01432,2025-04-01 14:27:18,Bank Transfer,Fuel,136.86,5999.94,5863.08,N/A,ATM Machine,UAE,0.4,42,Female,111,0,0
TXN001839,CUST00022,2025-04-01 16:37:27,POS Purchase,Groceries,53.47,2476.43,2422.96,No,Mobile App,United Kingdom,7.3,45,Female,136,0,0
TXN001840,CUST01580,2025-04-01 18:08:21,Bill Payment,Fuel,59.88,1581.42,1521.54,N/A,ATM Machine,Canada,3.8,64,Female,85,0,0
TXN001841,CUST00128,2025-04-02 08:13:14,POS Purchase,Online Services,27.36,1777.44,1750.08,No,ATM Machine,Canada,3.9,26,Male,124,0,0
TXN001842,CUST01042,2025-04-02 09:58:16,ATM Withdrawal,Utilities,262.35,1901.11,1638.76,No,Web Browser,United Kingdom,3.3,71,Female,157,0,0
TXN001843,CUST00414,2025-04-02 11:24:40,Bank Transfer,Restaurants,41.54,213.77,172.23,N/A,Mobile App,United States,11.7,58,Female,82,0,0
TXN001844,CUST01120,2025-04-02 17:48:02,Online Purchase,Electronics,374.98,7818.42,7443.44,No,POS Terminal,Germany,14.4,63,Male,177,0,0
TXN001845,CUST00298,2025-04-02 22:01:54,Bill Payment,Electronics,45.0,2447.14,2402.14,N/A,Web Browser,Pakistan,12.8,32,Female,137,0,0
TXN001846,CUST01312,2025-04-03 08:07:51,POS Purchase,Groceries,62.05,8812.36,8827.36,Yes,Mobile App,United Kingdom,1.5,24,Female,49,0,0
TXN001847,CUST00330,2025-04-03 17:24:46,POS Purchase,Entertainment,229.88,4183.58,3953.7,Yes,Web Browser,India,6.0,40,Female,131,0,0
TXN001848,CUST00778,2025-04-03 18:23:32,Bill Payment,Travel,154.88,13104.39,12949.51,N/A,Mobile App,Germany,37.9,61,Female,29,0,0
TXN001849,CUST00033,2025-04-04 09:34:41,Bank Transfer,Fashion & Apparel,39.31,3247.06,3207.75,N/A,Web Browser,United States,11.7,84,Male,104,0,0
TXN001850,CUST01480,2025-04-04 11:36:36,Bank Transfer,Restaurants,219.78,2173.75,1953.97,N/A,Web Browser,United Kingdom,22.9,64,Female,92,0,0
TXN001851,CUST00896,2025-04-04 14:23:03,POS Purchase,Fuel,192.43,3883.1,3690.67,Yes,Web Browser,United Kingdom,0.3,47,Male,73,0,0
TXN001852,CUST00976,2025-04-04 17:34:03,Online Purchase,Utilities,347.97,3564.43,3216.46,No,Mobile App,United States,21.8,65,Female,116,0,0
TXN001853,CUST01082,2025-04-04 19:13:07,POS Purchase,Electronics,29.08,996.69,1186.69,Yes,Web Browser,Canada,,41,Male,128,0,0
TXN001854,CUST01615,2025-04-05 06:54:43,POS Purchase,Utilities,115.0,2187.37,2072.37,Yes,POS Terminal,United Kingdom,6.1,63,Female,146,0,0
TXN001855,CUST00485,2025-04-05 15:05:01,Bank Transfer,Healthcare,151.52,3203.21,3051.69,N/A,ATM Machine,UAE,21.8,40,Female,120,0,0
TXN001856,CUST00174,2025-04-05 15:26:31,ATM Withdrawal,Utilities,290.34,8649.18,8358.84,Yes,POS Terminal,Pakistan,0.7,84,Female,58,0,0
TXN001857,CUST00614,2025-04-05 18:25:40,POS Purchase,Online Services,264.38,4583.56,4319.18,Yes,Mobile App,Pakistan,19.6,31,Female,42,0,0
TXN001858,CUST00115,2025-04-06 02:53:48,POS Purchase,Electronics,56.52,3538.38,3481.86,No,Mobile App,United States,27.5,41,Male,51,0,0
TXN001859,CUST00620,2025-04-06 08:26:10,ATM Withdrawal,Fuel,38.35,1698.39,1660.04,Yes,Web Browser,Canada,6.4,56,Female,144,1,0
TXN001860,CUST00388,2025-04-06 11:32:57,POS Purchase,Entertainment,186.32,9430.77,9244.45,Yes,Mobile App,United States,5.1,40,Male,154,0,0
TXN001861,CUST00090,2025-04-06 18:02:07,POS Purchase,Electronics,148.7,2851.66,2702.96,No,Web Browser,Australia,17.0,62,Male,25,0,0
TXN001862,CUST00152,2025-04-07 01:06:22,ATM Withdrawal,Groceries,40.75,4348.55,4307.8,No,POS Terminal,United Kingdom,4.6,56,Male,164,0,0
TXN001863,CUST00345,2025-04-07 08:30:04,Online Purchase,Fashion & Apparel,220.22,5555.02,5334.8,Yes,POS Terminal,United States,1.6,59,Male,113,1,0
TXN001864,CUST00026,2025-04-07 13:51:07,ATM Withdrawal,Groceries,53.12,2915.68,2862.56,Yes,Web Browser,Pakistan,7.6,29,Female,39,0,0
TXN001865,CUST01521,2025-04-07 14:12:29,Online Purchase,Fashion & Apparel,398.56,11007.59,10609.03,Yes,Mobile App,Canada,0.5,26,Female,167,0,0
TXN001866,CUST00215,2025-04-07 21:37:11,POS Purchase,Electronics,44.75,9369.53,9324.78,Yes,Web Browser,United Kingdom,22.4,67,Other,138,0,0
TXN001867,CUST00005,2025-04-08 04:00:42,Wire Transfer,Electronics,2484.41,16187.79,13703.38,N/A,Mobile App,Germany,44.2,35,Female,8,3,1
TXN001868,CUST00919,2025-04-08 08:57:03,POS Purchase,Fuel,156.09,3868.95,3712.86,Yes,POS Terminal,Canada,4.4,31,Female,119,0,0
TXN001869,CUST00276,2025-04-08 09:31:58,POS Purchase,Online Services,351.55,2526.95,2978.95,Yes,Mobile App,Pakistan,11.3,69,Female,70,0,0
TXN001870,CUST01243,2025-04-08 10:16:35,POS Purchase,Fuel,41.45,13666.18,13624.73,Yes,POS Terminal,Pakistan,41.4,59,Male,109,0,0
TXN001871,CUST00086,2025-04-08 10:36:01,POS Purchase,Electronics,436.36,2196.58,1760.22,Yes,Mobile App,United States,1.1,24,Female,112,1,0
TXN001872,CUST00375,2025-04-08 15:47:31,POS Purchase,Groceries,157.06,9856.21,9699.15,Yes,ATM Machine,United Kingdom,87.8,33,Male,61,0,0
TXN001873,CUST00813,2025-04-08 16:21:58,POS Purchase,Electronics,790.04,2730.19,1940.15,No,Mobile App,India,34.9,72,Female,116,0,0
TXN001874,CUST01236,2025-04-08 18:01:05,POS Purchase,Fuel,809.83,1738.65,928.82,No,POS Terminal,United States,,18,Male,65,0,0
TXN001875,CUST00658,2025-04-09 12:27:03,Bill Payment,Entertainment,57.24,3606.83,3549.59,N/A,Mobile App,United Kingdom,31.6,23,Male,12,0,0
TXN001876,CUST00757,2025-04-09 21:56:47,Online Purchase,Jewelry & Luxury,232.5,1303.44,1070.94,Yes,POS Terminal,UAE,18.6,64,Female,138,0,0
TXN001877,CUST01269,2025-04-10 11:03:09,Bank Transfer,Restaurants,24.4,2759.79,2735.39,N/A,Mobile App,Canada,31.6,56,Male,108,0,0
TXN001878,CUST01193,2025-04-10 19:05:17,Wire Transfer,Entertainment,80.25,2028.95,1948.7,N/A,POS Terminal,UAE,10.0,19,Female,175,0,0
TXN001879,CUST01103,2025-04-11 09:32:43,POS Purchase,Restaurants,173.46,4222.1,4468.1,No,POS Terminal,Germany,3.3,80,Male,149,0,0
TXN001880,CUST00490,2025-04-11 10:33:31,Online Purchase,Fuel,245.01,6917.56,6672.55,No,Mobile App,United States,4.1,38,Male,55,0,0
TXN001881,CUST00448,2025-04-11 17:41:59,POS Purchase,Restaurants,125.03,3665.06,3540.03,No,Mobile App,United States,26.9,53,Male,31,0,0
TXN001882,CUST00825,2025-04-12 10:41:09,Wire Transfer,Home Improvement,27.35,3484.28,3456.93,N/A,POS Terminal,Canada,1.0,68,Female,104,0,0
TXN001883,CUST00906,2025-04-12 11:26:48,Online Purchase,Restaurants,32.17,2224.56,2269.56,No,Mobile App,UAE,4.0,68,Male,171,0,0
TXN001884,CUST01573,2025-04-12 14:47:47,ATM Withdrawal,Fuel,108.59,1974.05,1865.46,Yes,Mobile App,Germany,39.0,58,Female,176,0,0
TXN001885,CUST01102,2025-04-12 18:56:01,Bank Transfer,Healthcare,326.19,3178.4,2852.21,N/A,POS Terminal,United States,15.1,74,Female,85,0,0
TXN001886,CUST00051,2025-04-13 06:11:51,Online Purchase,Travel,131.82,3142.48,3424.48,No,Web Browser,Australia,131.3,51,Female,86,0,1
TXN001887,CUST01263,2025-04-13 11:39:50,POS Purchase,Healthcare,80.5,1638.78,1558.28,No,POS Terminal,Germany,8.9,49,Female,47,0,0
TXN001888,CUST00220,2025-04-13 18:16:17,POS Purchase,Travel,261.95,1211.37,949.42,Yes,Mobile App,United Kingdom,6.1,42,Female,158,0,0
TXN001889,CUST00235,2025-04-13 20:48:15,Online Purchase,Groceries,41.7,2943.67,2901.97,No,POS Terminal,United Kingdom,3.8,29,Female,54,0,0
TXN001890,CUST00615,2025-04-13 22:35:27,Bill Payment,Fuel,126.04,2451.17,2325.13,N/A,POS Terminal,UAE,3.2,75,Male,157,0,0
TXN001891,CUST01676,2025-04-14 01:19:34,POS Purchase,Fuel,77.55,1064.32,986.77,Yes,Web Browser,Pakistan,0.9,77,Male,113,0,0
TXN001892,CUST00802,2025-04-14 08:55:09,Bill Payment,Groceries,103.17,2620.36,2517.19,N/A,POS Terminal,United Kingdom,2.4,52,Female,143,0,0
TXN001893,CUST01635,2025-04-14 09:40:16,Online Purchase,Utilities,106.02,1134.13,1028.11,No,POS Terminal,Canada,2.5,41,Male,176,0,0
TXN001894,CUST00129,2025-04-14 12:53:51,ATM Withdrawal,Restaurants,62.8,1271.1,1208.3,Yes,ATM Machine,Pakistan,10.0,28,Male,20,0,0
TXN001895,CUST00336,2025-04-14 15:10:43,POS Purchase,Travel,97.24,4945.87,4848.63,Yes,Web Browser,Pakistan,7.7,35,Male,99,0,0
TXN001896,CUST01143,2025-04-14 18:03:51,Online Purchase,Fuel,69.73,3948.81,3879.08,Yes,Mobile App,United Kingdom,5.7,38,Male,120,0,0
TXN001897,CUST00910,2025-04-14 22:48:11,ATM Withdrawal,Utilities,308.62,1520.01,1211.39,Yes,ATM Machine,United Kingdom,42.7,63,Female,86,0,0
TXN001898,CUST01495,2025-04-15 11:19:24,Online Purchase,Healthcare,93.07,9863.2,9770.13,No,POS Terminal,United Kingdom,2.2,85,Female,152,0,0
TXN001899,CUST01638,2025-04-15 14:39:01,Wire Transfer,Electronics,28.17,1674.99,1646.82,N/A,POS Terminal,Pakistan,4.8,30,Male,45,0,0
TXN001900,CUST01640,2025-04-15 19:50:29,Online Purchase,Electronics,202.03,4553.73,4351.7,No,POS Terminal,India,8.6,83,Female,151,0,0
TXN001901,CUST00355,2025-04-15 21:16:09,POS Purchase,Fashion & Apparel,209.12,3871.85,3662.73,Yes,ATM Machine,United States,17.0,25,Male,168,0,0
TXN001902,CUST01654,2025-04-16 08:40:04,Wire Transfer,Entertainment,625.37,8766.01,8140.64,N/A,Web Browser,Pakistan,20.5,42,Female,67,0,0
TXN001903,CUST01157,2025-04-16 09:39:19,Online Purchase,Travel,134.41,6099.53,5965.12,No,POS Terminal,United States,1.5,46,Male,178,0,0
TXN001904,CUST00332,2025-04-16 12:20:04,Bill Payment,Restaurants,91.43,3728.47,3637.04,N/A,POS Terminal,United States,4.3,72,Male,47,0,0
TXN001905,CUST01165,2025-04-16 13:52:55,ATM Withdrawal,Travel,594.92,3748.04,3153.12,Yes,POS Terminal,United Kingdom,11.8,43,Male,2,0,0
TXN001906,CUST01703,2025-04-16 17:11:28,ATM Withdrawal,Fashion & Apparel,61.39,1399.75,1338.36,Yes,Mobile App,India,16.2,47,Male,68,0,0
TXN001907,CUST00032,2025-04-16 19:21:59,Bank Transfer,Home Improvement,276.78,20081.41,19804.63,N/A,POS Terminal,United States,1.6,25,Male,64,0,0
TXN001908,CUST00082,2025-04-17 03:21:46,Online Purchase,Groceries,276.13,3085.53,2809.4,Yes,Web Browser,Pakistan,4.2,29,Male,146,0,0
TXN001909,CUST00061,2025-04-17 05:33:05,Online Purchase,Entertainment,1298.47,6028.1,4729.63,No,Web Browser,Pakistan,28.2,18,Male,28,0,1
TXN001910,CUST00131,2025-04-17 06:42:33,POS Purchase,Utilities,171.82,4466.56,4294.74,Yes,Web Browser,Germany,1.7,75,Female,137,0,0
TXN001911,CUST00670,2025-04-17 07:11:30,ATM Withdrawal,Home Improvement,115.1,3911.55,3796.45,No,Web Browser,Canada,1.3,20,Female,54,0,0
TXN001912,CUST00469,2025-04-17 11:21:35,Bank Transfer,Utilities,212.31,3931.61,3719.3,N/A,Web Browser,Pakistan,0.7,71,Male,157,0,0
TXN001913,CUST01398,2025-04-17 11:52:03,Online Purchase,Groceries,9.09,6158.0,6148.91,No,Mobile App,United Kingdom,0.9,34,Male,131,0,0
TXN001914,CUST00042,2025-04-17 12:14:01,ATM Withdrawal,Healthcare,125.88,479.26,353.38,No,POS Terminal,Australia,18.6,32,Female,177,0,0
TXN001915,CUST00219,2025-04-17 15:27:07,Bank Transfer,Electronics,62.72,10071.66,10008.94,N/A,Web Browser,United Kingdom,5.8,80,Male,143,0,0
TXN001916,CUST01257,2025-04-17 22:14:18,Bill Payment,Fuel,49.54,2812.86,2763.32,N/A,ATM Machine,United States,13.3,67,Male,168,0,0
TXN001917,CUST01201,2025-04-17 22:58:48,POS Purchase,Groceries,155.89,12030.84,11874.95,Yes,ATM Machine,United States,5.6,85,Male,84,0,0
TXN001918,CUST00983,2025-04-18 16:23:34,POS Purchase,Groceries,19.74,2364.45,2344.71,No,Web Browser,Canada,3.2,61,Female,143,0,0
TXN001919,CUST00054,2025-04-18 16:34:20,Bank Transfer,Online Services,1036.39,2799.69,1763.3,N/A,ATM Machine,United Kingdom,233.1,27,Other,40,0,1
TXN001920,CUST01070,2025-04-18 17:46:51,Online Purchase,Fuel,120.35,1736.69,1616.34,Yes,Web Browser,United States,23.5,64,Female,49,0,0
TXN001921,CUST00271,2025-04-18 21:55:18,Bank Transfer,Electronics,57.94,12790.88,12732.94,N/A,Web Browser,Canada,10.6,72,Female,130,0,0
TXN001922,CUST01434,2025-04-18 23:44:44,POS Purchase,Jewelry & Luxury,116.03,1428.03,1312.0,No,Web Browser,Germany,2.8,34,Male,46,0,0
TXN001923,CUST01609,2025-04-19 11:56:51,Online Purchase,Fashion & Apparel,173.12,2008.23,2500.23,No,Web Browser,Pakistan,15.9,49,Male,118,1,0
TXN001924,CUST00120,2025-04-19 12:29:13,POS Purchase,Utilities,44.92,267.47,222.55,Yes,Web Browser,United Kingdom,0.1,54,Male,97,0,0
TXN001925,CUST00198,2025-04-19 12:51:12,Bank Transfer,Groceries,67.33,4600.94,4533.61,N/A,Mobile App,Canada,33.2,43,Male,167,0,0
TXN001926,CUST00162,2025-04-19 15:30:11,Online Purchase,Online Services,98.13,8169.67,8071.54,Yes,POS Terminal,Germany,1.1,77,Male,153,0,0
TXN001927,CUST00952,2025-04-19 20:29:57,Online Purchase,Entertainment,40.27,1275.57,1235.3,Yes,POS Terminal,India,10.4,33,Male,33,0,0
TXN001928,CUST01570,2025-04-20 09:42:38,Online Purchase,Online Services,39.26,1439.39,1400.13,Yes,Web Browser,Australia,2.1,35,Female,120,0,0
TXN001929,CUST00631,2025-04-20 15:01:59,POS Purchase,Jewelry & Luxury,539.1,6833.75,6294.65,Yes,Mobile App,United States,9.2,30,Male,178,1,0
TXN001930,CUST01369,2025-04-20 15:22:06,Online Purchase,Fashion & Apparel,47.0,1059.28,1012.28,Yes,Web Browser,UAE,11.0,61,Female,111,0,0
TXN001931,CUST01054,2025-04-20 22:08:14,Bank Transfer,Online Services,109.47,6749.24,6639.77,N/A,ATM Machine,Canada,14.6,25,Female,116,0,0
TXN001932,CUST01017,2025-04-21 11:28:51,ATM Withdrawal,Electronics,75.58,6884.71,6809.13,No,Mobile App,India,1.2,66,Female,62,0,0
TXN001933,CUST01582,2025-04-21 17:10:00,Wire Transfer,Groceries,174.05,3162.67,2988.62,N/A,POS Terminal,Pakistan,2.6,35,Female,53,0,0
TXN001934,CUST01081,2025-04-22 01:11:50,Online Purchase,Groceries,279.58,946.13,666.55,No,POS Terminal,United States,1.2,31,Male,24,0,0
TXN001935,CUST01501,2025-04-22 07:31:54,ATM Withdrawal,Fuel,16.29,6402.42,6386.13,No,Web Browser,India,16.1,68,Female,87,0,0
TXN001936,CUST00457,2025-04-22 12:46:04,Bill Payment,Fuel,1608.75,6202.3,4593.55,N/A,Web Browser,Pakistan,1.8,80,Female,101,0,0
TXN001937,CUST01665,2025-04-22 14:09:24,Bill Payment,Healthcare,468.0,1069.16,601.16,N/A,POS Terminal,Pakistan,0.7,28,Male,89,0,0
TXN001938,CUST00033,2025-04-22 21:22:46,Online Purchase,Entertainment,39.34,3479.7,3440.36,No,Mobile App,Pakistan,15.2,22,Female,26,0,0
TXN001939,CUST00010,2025-04-23 04:14:07,Bank Transfer,Jewelry & Luxury,665.13,8553.08,7887.95,N/A,Mobile App,United States,11.3,68,Female,67,0,1
TXN001940,CUST00940,2025-04-23 12:37:38,POS Purchase,Travel,140.15,7394.31,7254.16,Yes,POS Terminal,United States,4.6,18,Male,99,0,0
TXN001941,CUST00368,2025-04-23 14:21:32,Online Purchase,Fuel,106.8,10622.38,10515.58,No,Mobile App,United Kingdom,10.4,57,Female,173,0,0
TXN001942,CUST00043,2025-04-24 05:35:08,Online Purchase,Entertainment,864.95,23909.54,24164.54,No,Web Browser,India,455.0,20,Male,84,1,1
TXN001943,CUST00687,2025-04-24 10:01:00,POS Purchase,Fashion & Apparel,15.36,2356.17,2340.81,Yes,POS Terminal,Australia,3.8,83,Female,117,0,0
TXN001944,CUST00229,2025-04-24 19:51:12,POS Purchase,Utilities,1614.91,1397.47,1853.47,Yes,Web Browser,United Kingdom,33.0,30,Male,79,0,0
TXN001945,CUST00558,2025-04-24 20:50:06,Online Purchase,Online Services,167.38,4041.17,3873.79,Yes,POS Terminal,India,0.1,31,Female,73,0,0
TXN001946,CUST00891,2025-04-25 11:52:56,Online Purchase,Online Services,312.23,5607.2,5294.97,Yes,POS Terminal,Germany,8.1,78,Female,6,0,0
TXN001947,CUST01395,2025-04-25 14:03:14,Bill Payment,Entertainment,18.65,5122.36,5103.71,N/A,Web Browser,Pakistan,8.7,47,Female,142,0,0
TXN001948,CUST00893,2025-04-25 19:38:54,Online Purchase,Fuel,204.66,8703.4,8498.74,Yes,POS Terminal,India,14.5,28,Female,164,0,0
TXN001949,CUST00238,2025-04-26 14:24:21,Online Purchase,Fuel,53.9,4777.5,4781.5,Yes,POS Terminal,United Kingdom,35.4,78,Female,91,0,0
TXN001950,CUST01521,2025-04-26 18:22:50,POS Purchase,Jewelry & Luxury,11.29,11460.23,11448.94,No,Mobile App,United States,1.4,64,Male,53,0,0
TXN001951,CUST00232,2025-04-26 19:11:13,Bill Payment,Electronics,34.03,10287.06,10253.03,N/A,POS Terminal,United States,3.9,38,Female,47,0,0
TXN001952,CUST00935,2025-04-26 20:08:54,ATM Withdrawal,Restaurants,241.44,8507.51,8266.07,Yes,Mobile App,United Kingdom,20.9,67,Female,24,0,0
TXN001953,CUST01340,2025-04-27 08:37:31,ATM Withdrawal,Groceries,337.03,1116.69,779.66,No,ATM Machine,Canada,3.4,63,Female,111,0,0
TXN001954,CUST00260,2025-04-27 10:06:09,Online Purchase,Fashion & Apparel,56.83,4623.64,4566.81,Yes,ATM Machine,Canada,4.9,25,Male,116,0,0
TXN001955,CUST00294,2025-04-27 15:31:38,Bank Transfer,Healthcare,89.26,7818.29,7729.03,N/A,ATM Machine,UAE,5.4,68,Male,51,0,0
TXN001956,CUST00590,2025-04-28 14:25:24,Bill Payment,Groceries,91.22,1921.53,1830.31,N/A,Mobile App,United Kingdom,11.2,33,Female,42,0,0
TXN001957,CUST00029,2025-04-28 15:05:22,Bank Transfer,Electronics,286.66,2253.38,1966.72,N/A,Web Browser,Pakistan,15.8,36,Female,119,0,0
TXN001958,CUST00033,2025-04-28 22:51:28,Online Purchase,Jewelry & Luxury,270.31,659.58,389.27,No,Web Browser,Pakistan,31.8,29,Male,33,1,1
TXN001959,CUST00398,2025-04-29 00:40:20,Bill Payment,Restaurants,137.27,12602.03,12464.76,N/A,POS Terminal,UAE,29.1,56,Male,160,0,0
TXN001960,CUST00297,2025-04-29 01:46:05,Online Purchase,Healthcare,75.79,5821.77,5892.77,No,POS Terminal,United States,4.1,23,Female,120,0,0
TXN001961,CUST00043,2025-04-29 01:50:53,Bank Transfer,Fashion & Apparel,700.33,2902.93,2202.6,N/A,Web Browser,United States,139.7,59,Female,110,1,1
TXN001962,CUST00334,2025-04-29 12:20:38,Online Purchase,Online Services,172.46,4265.99,4093.53,Yes,ATM Machine,Canada,5.8,56,Male,44,0,0
TXN001963,CUST00669,2025-04-29 14:11:00,ATM Withdrawal,Fuel,159.01,7261.7,7102.69,No,Mobile App,United Kingdom,13.3,41,Female,36,0,0
TXN001964,CUST01337,2025-04-29 16:46:38,Online Purchase,Online Services,295.31,3609.81,3314.5,Yes,Mobile App,UAE,11.0,55,Female,113,0,0
TXN001965,CUST00194,2025-04-29 19:33:04,Online Purchase,Fuel,142.36,48141.12,47998.76,Yes,Web Browser,India,30.6,80,Female,155,0,0
TXN001966,CUST01186,2025-04-30 09:10:59,POS Purchase,Healthcare,95.18,5461.72,5511.72,No,Web Browser,Canada,6.5,28,Female,145,0,0
TXN001967,CUST00783,2025-04-30 10:37:12,ATM Withdrawal,Electronics,1148.77,3774.01,2625.24,No,Web Browser,Germany,9.9,69,Male,36,0,0
TXN001968,CUST00320,2025-04-30 12:33:55,POS Purchase,Entertainment,218.61,3199.26,2980.65,Yes,Web Browser,United States,3.6,44,Female,4,0,0
TXN001969,CUST01415,2025-04-30 13:15:28,Online Purchase,Healthcare,74.73,31853.96,31779.23,Yes,POS Terminal,India,9.6,68,Female,21,0,0
TXN001970,CUST00994,2025-04-30 17:55:20,POS Purchase,Utilities,159.7,5379.48,5219.78,Yes,ATM Machine,United Kingdom,78.8,57,Male,28,0,0
TXN001971,CUST00321,2025-04-30 18:30:20,POS Purchase,Groceries,100.83,1074.5,973.67,Yes,Web Browser,Germany,13.1,66,Female,106,0,0
TXN001972,CUST01078,2025-04-30 19:46:15,Bank Transfer,Utilities,192.57,6609.44,6416.87,N/A,Mobile App,UAE,14.3,42,Female,131,0,0
TXN001973,CUST00271,2025-04-30 20:29:14,Bill Payment,Electronics,40.98,3179.35,3138.37,N/A,Mobile App,United Kingdom,11.8,61,Female,161,0,0
TXN001974,CUST01702,2025-05-01 05:35:51,Bill Payment,Online Services,986.49,920.53,-65.96,N/A,Web Browser,Canada,1.4,72,Male,103,0,0
TXN001975,CUST00110,2025-05-01 19:21:10,ATM Withdrawal,Healthcare,210.09,5357.38,5147.29,No,POS Terminal,United Kingdom,4.1,62,Male,24,0,0
TXN001976,CUST00087,2025-05-02 14:15:26,Online Purchase,Electronics,312.02,8690.35,8938.35,No,Mobile App,United States,1.6,52,Male,161,0,0
TXN001977,CUST00689,2025-05-02 21:28:03,POS Purchase,Entertainment,240.28,5493.8,5253.52,No,Mobile App,United Kingdom,7.2,65,Other,55,0,0
TXN001978,CUST00053,2025-05-03 01:20:13,POS Purchase,Jewelry & Luxury,446.52,2963.6,3127.6,No,Web Browser,United States,403.8,29,Male,6,0,1
TXN001979,CUST00822,2025-05-03 09:22:35,Bank Transfer,Utilities,386.63,4642.95,4256.32,N/A,Web Browser,Australia,3.6,23,Female,70,0,0
TXN001980,CUST00468,2025-05-03 11:51:49,ATM Withdrawal,Groceries,123.38,2539.31,2415.93,No,POS Terminal,Germany,39.6,77,Female,136,0,0
TXN001981,CUST00984,2025-05-03 14:23:14,ATM Withdrawal,Utilities,173.24,6077.51,5904.27,No,Mobile App,United States,12.8,49,Male,71,0,0
TXN001982,CUST01276,2025-05-04 08:43:28,POS Purchase,Restaurants,65.18,2828.49,2763.31,Yes,Web Browser,United Kingdom,1.4,85,Male,134,0,0
TXN001983,CUST00939,2025-05-04 14:29:31,ATM Withdrawal,Groceries,158.67,7453.14,7294.47,Yes,POS Terminal,Canada,30.1,28,Female,145,0,0
TXN001984,CUST00921,2025-05-04 17:13:27,Bank Transfer,Travel,109.19,7426.79,7317.6,N/A,Web Browser,United States,11.9,31,Female,158,0,0
TXN001985,CUST00662,2025-05-04 18:51:51,Online Purchase,Travel,82.42,3069.54,2987.12,No,Mobile App,United States,6.4,29,Female,138,0,0
TXN001986,CUST01307,2025-05-04 20:12:03,POS Purchase,Groceries,29.01,1928.92,1899.91,No,Web Browser,India,16.9,63,Male,161,0,0
TXN001987,CUST00038,2025-05-05 00:31:31,Wire Transfer,Utilities,1273.79,4557.02,3283.23,N/A,Web Browser,UAE,346.6,36,Female,89,0,1
TXN001988,CUST00520,2025-05-05 18:42:28,POS Purchase,Groceries,94.56,5786.57,5692.01,Yes,Mobile App,United Kingdom,5.0,44,Female,69,0,0
TXN001989,CUST01052,2025-05-05 21:14:17,POS Purchase,Entertainment,733.92,6270.61,5536.69,No,Mobile App,United Kingdom,4.0,73,Female,136,1,0
TXN001990,CUST01707,2025-05-06 11:13:46,Online Purchase,Healthcare,123.91,2853.87,2729.96,No,Mobile App,UAE,1.2,64,Male,47,0,0
TXN001991,CUST00375,2025-05-07 13:11:26,Wire Transfer,Groceries,173.13,2881.89,2708.76,N/A,Web Browser,United States,3.1,58,Male,172,0,0
TXN001992,CUST00550,2025-05-07 16:35:37,POS Purchase,Groceries,121.48,11751.79,11630.31,Yes,Web Browser,Australia,56.3,64,Other,174,0,0
TXN001993,CUST00939,2025-05-08 06:12:18,Bill Payment,Utilities,180.8,7689.27,7508.47,N/A,Web Browser,United Kingdom,39.5,77,Female,57,0,0
TXN001994,CUST00748,2025-05-08 06:28:26,Wire Transfer,Electronics,136.08,2042.79,1906.71,N/A,ATM Machine,UAE,1.9,24,Male,42,0,0
TXN001995,CUST01067,2025-05-08 08:37:37,Online Purchase,Utilities,304.9,2664.47,2889.47,No,POS Terminal,UAE,1.0,65,Male,178,0,0
TXN001996,CUST00003,2025-05-08 11:20:28,Bill Payment,Healthcare,138.5,4211.49,4072.99,N/A,Mobile App,United States,20.9,22,Female,25,0,0
TXN001997,CUST01459,2025-05-08 11:59:00,ATM Withdrawal,Groceries,105.29,3761.35,3656.06,Yes,Web Browser,Pakistan,18.3,61,Other,88,0,0
TXN001998,CUST00336,2025-05-08 17:33:42,Wire Transfer,Groceries,994.01,1379.03,385.02,N/A,ATM Machine,United Kingdom,10.0,38,Female,165,0,0
TXN001999,CUST00059,2025-05-08 18:54:53,POS Purchase,Groceries,115.46,2095.12,2430.12,No,Web Browser,United States,9.2,22,Female,49,0,0
TXN002000,CUST01203,2025-05-09 08:36:09,ATM Withdrawal,Entertainment,73.74,9163.61,9089.87,No,ATM Machine,United Kingdom,8.6,27,Female,153,1,0
TXN002001,CUST00826,2025-05-09 09:20:41,Online Purchase,Healthcare,137.78,8639.38,8501.6,Yes,Mobile App,United States,2.4,78,Male,121,0,0
TXN002002,CUST00434,2025-05-09 15:36:06,Bill Payment,Restaurants,78.97,18556.13,18477.16,N/A,Mobile App,Pakistan,3.7,22,Male,2,0,0
TXN002003,CUST01121,2025-05-09 16:03:17,Online Purchase,Fashion & Apparel,335.29,5205.06,4869.77,No,Web Browser,United Kingdom,3.9,52,Female,125,0,0
TXN002004,CUST01282,2025-05-09 16:55:36,Online Purchase,Fashion & Apparel,94.67,2133.99,2039.32,Yes,Mobile App,Canada,16.2,25,Female,31,0,0
TXN002005,CUST01073,2025-05-09 17:59:38,Online Purchase,Fuel,12.03,6414.02,6401.99,No,Web Browser,Canada,12.9,52,Female,54,0,0
TXN002006,CUST00438,2025-05-10 16:31:51,Bank Transfer,Electronics,89.5,3828.8,3739.3,N/A,Web Browser,United Kingdom,1.3,36,Female,117,0,0
TXN002007,CUST00839,2025-05-10 18:05:44,Online Purchase,Groceries,172.49,4537.91,4365.42,Yes,Mobile App,Canada,4.7,51,Female,58,0,0
TXN002008,CUST01679,2025-05-10 21:05:15,ATM Withdrawal,Online Services,168.24,1303.88,1135.64,Yes,Mobile App,United States,5.1,47,Male,171,0,0
TXN002009,CUST01298,2025-05-11 10:02:08,Online Purchase,Travel,130.06,1895.69,1765.63,Yes,Web Browser,Pakistan,6.6,47,Female,107,0,0
TXN002010,CUST00118,2025-05-11 12:54:51,ATM Withdrawal,Entertainment,99.85,5268.2,5168.35,No,POS Terminal,UAE,10.2,66,Female,18,0,0
TXN002011,CUST01549,2025-05-12 10:49:22,POS Purchase,Entertainment,160.06,1838.31,1678.25,Yes,Web Browser,Australia,5.9,71,Female,19,0,0
TXN002012,CUST00828,2025-05-12 17:19:46,POS Purchase,Fashion & Apparel,19.75,7316.22,7728.22,No,Mobile App,United States,1.9,75,Male,129,0,0
TXN002013,CUST00252,2025-05-13 00:37:35,ATM Withdrawal,Restaurants,149.59,4016.9,3867.31,No,Mobile App,Canada,8.5,27,Female,112,0,0
TXN002014,CUST00024,2025-05-13 09:58:17,Bank Transfer,Utilities,950.75,1157.57,206.82,N/A,Web Browser,United States,0.3,57,Female,24,0,0
TXN002015,CUST01406,2025-05-13 12:12:28,Wire Transfer,Fashion & Apparel,107.82,970.86,863.04,N/A,POS Terminal,Canada,0.0,73,Male,73,0,0
TXN002016,CUST00536,2025-05-13 19:55:09,ATM Withdrawal,Restaurants,419.62,4386.22,3966.6,No,Web Browser,United Kingdom,29.5,30,Female,168,0,0
TXN002017,CUST00823,2025-05-14 06:57:15,Bank Transfer,Groceries,44.12,3350.45,3306.33,N/A,Web Browser,UAE,30.2,54,Male,57,0,0
TXN002018,CUST00798,2025-05-14 07:24:29,Bill Payment,Healthcare,221.65,6734.96,6513.31,N/A,Mobile App,UAE,0.9,56,Male,113,0,0
TXN002019,CUST00517,2025-05-14 10:45:57,POS Purchase,Electronics,117.69,2484.04,2366.35,No,POS Terminal,United Kingdom,2.2,48,Male,151,0,0
TXN002020,CUST00890,2025-05-14 11:30:00,Online Purchase,Utilities,185.41,5562.31,5376.9,No,Mobile App,India,2.4,68,Male,14,0,0
TXN002021,CUST00767,2025-05-14 13:16:42,POS Purchase,Utilities,27.88,3749.3,3887.3,No,POS Terminal,Pakistan,6.7,33,Male,114,0,0
TXN002022,CUST00617,2025-05-14 16:02:32,Bank Transfer,Online Services,83.18,2093.17,2009.99,N/A,Mobile App,Canada,13.8,39,Female,168,0,0
TXN002023,CUST01550,2025-05-14 17:25:18,POS Purchase,Entertainment,67.71,5967.74,6308.74,Yes,ATM Machine,United States,19.5,43,Male,144,0,0
TXN002024,CUST01031,2025-05-15 12:11:02,ATM Withdrawal,Electronics,147.68,6896.83,6749.15,No,ATM Machine,United Kingdom,5.8,40,Male,91,0,0
TXN002025,CUST00842,2025-05-15 16:16:51,Online Purchase,Entertainment,167.29,9105.43,8938.14,Yes,Mobile App,UAE,13.5,75,Male,87,0,0
TXN002026,CUST00017,2025-05-15 19:34:32,ATM Withdrawal,Groceries,665.54,10737.68,10072.14,No,Web Browser,United Kingdom,85.9,83,Female,17,1,1
TXN002027,CUST00720,2025-05-16 09:00:35,ATM Withdrawal,Electronics,301.52,3077.03,2775.51,Yes,ATM Machine,United States,17.3,32,Female,64,0,0
TXN002028,CUST01066,2025-05-16 10:17:29,Online Purchase,Fashion & Apparel,51.92,4901.35,4849.43,No,POS Terminal,UAE,3.2,49,Male,162,0,0
TXN002029,CUST00673,2025-05-16 12:16:31,POS Purchase,Fuel,182.62,1414.07,1231.45,Yes,Mobile App,United States,1.5,82,Male,23,0,0
TXN002030,CUST00560,2025-05-16 14:55:24,Bill Payment,Electronics,133.61,13853.63,13720.02,N/A,Web Browser,United Kingdom,6.7,20,Male,141,0,0
TXN002031,CUST00200,2025-05-16 19:22:44,POS Purchase,Healthcare,364.94,1625.6,1260.66,Yes,Web Browser,Pakistan,9.3,50,Female,170,0,0
TXN002032,CUST01474,2025-05-17 08:25:58,Online Purchase,Groceries,18.96,7205.16,7186.2,No,Web Browser,United Kingdom,5.6,64,Female,106,0,0
TXN002033,CUST00066,2025-05-17 14:14:05,Bill Payment,Fuel,145.8,560.62,414.82,N/A,POS Terminal,United Kingdom,10.6,33,Female,59,0,0
TXN002034,CUST00925,2025-05-17 20:03:49,ATM Withdrawal,Restaurants,233.25,5162.41,4929.16,Yes,Web Browser,United States,0.4,71,Female,9,0,0
TXN002035,CUST01661,2025-05-17 23:27:39,POS Purchase,Online Services,385.37,16786.07,16941.07,No,Mobile App,Germany,5.1,20,Male,19,0,0
TXN002036,CUST01418,2025-05-18 12:46:13,POS Purchase,Fashion & Apparel,121.0,10682.11,10561.11,No,Mobile App,Canada,2.5,36,Female,56,0,0
TXN002037,CUST00456,2025-05-18 12:55:29,Online Purchase,Restaurants,102.58,4362.56,4259.98,Yes,POS Terminal,United States,0.4,74,Male,123,0,0
TXN002038,CUST00101,2025-05-18 13:03:23,Bank Transfer,Home Improvement,136.62,2161.87,2025.25,N/A,Mobile App,Canada,5.5,39,Female,147,0,0
TXN002039,CUST00671,2025-05-18 23:20:42,Wire Transfer,Restaurants,202.63,8161.82,7959.19,N/A,Mobile App,UAE,11.2,34,Female,130,0,0
TXN002040,CUST00105,2025-05-19 15:11:22,POS Purchase,Online Services,130.04,8369.45,8239.41,No,POS Terminal,United Kingdom,11.3,36,Male,95,0,0
TXN002041,CUST00010,2025-05-19 18:06:49,Online Purchase,Restaurants,251.57,6324.06,6558.06,No,POS Terminal,Canada,21.4,33,Male,67,0,0
TXN002042,CUST01101,2025-05-19 19:16:05,POS Purchase,Fashion & Apparel,367.12,1388.08,1020.96,Yes,Mobile App,United Kingdom,8.1,47,Female,158,0,0
TXN002043,CUST00015,2025-05-20 03:55:26,POS Purchase,Utilities,603.99,3021.9,3131.9,Yes,ATM Machine,United States,121.6,83,Male,85,0,1
TXN002044,CUST01629,2025-05-20 15:21:44,POS Purchase,Utilities,312.14,1326.76,1014.62,No,Web Browser,United Kingdom,18.4,64,Female,98,0,0
TXN002045,CUST00192,2025-05-20 19:42:18,Bank Transfer,Groceries,106.93,3560.33,3453.4,N/A,POS Terminal,Germany,7.7,63,Female,4,0,0
TXN002046,CUST00697,2025-05-20 19:46:12,ATM Withdrawal,Groceries,75.0,3217.62,3142.62,Yes,Mobile App,United Kingdom,1.2,77,Female,53,0,0
TXN002047,CUST00668,2025-05-21 11:30:44,ATM Withdrawal,Travel,33.48,34476.7,34443.22,No,Web Browser,United Kingdom,17.4,25,Male,1,0,0
TXN002048,CUST00130,2025-05-21 11:56:38,Online Purchase,Electronics,55.53,23315.22,23259.69,No,Web Browser,United States,9.5,62,Male,17,0,0
TXN002049,CUST00610,2025-05-21 14:46:28,Online Purchase,Fuel,75.49,2429.6,2354.11,No,POS Terminal,United Kingdom,0.4,34,Female,132,0,0
TXN002050,CUST00169,2025-05-21 17:43:03,POS Purchase,Electronics,145.21,3001.46,2856.25,No,Mobile App,UAE,4.8,53,Male,98,0,0
TXN002051,CUST01174,2025-05-21 17:59:05,Bank Transfer,Fuel,138.51,10041.51,9903.0,N/A,Mobile App,Pakistan,3.1,79,Female,159,0,0
TXN002052,CUST01019,2025-05-22 07:12:29,Online Purchase,Utilities,342.81,5957.73,5614.92,Yes,POS Terminal,United Kingdom,25.6,82,Male,124,0,0
TXN002053,CUST00586,2025-05-22 11:05:31,Online Purchase,Online Services,98.49,2397.72,2835.72,No,POS Terminal,United States,7.0,25,Male,52,0,0
TXN002054,CUST01668,2025-05-22 16:01:22,ATM Withdrawal,Electronics,124.08,6767.79,6643.71,No,Mobile App,UAE,4.2,37,Female,147,0,0
TXN002055,CUST01594,2025-05-22 16:04:17,POS Purchase,Travel,117.59,2729.25,2611.66,Yes,POS Terminal,Germany,23.1,53,Male,44,0,0
TXN002056,CUST00499,2025-05-22 17:02:46,ATM Withdrawal,Fashion & Apparel,114.73,2716.61,2601.88,Yes,Mobile App,United States,36.5,37,Male,11,0,0
TXN002057,CUST01162,2025-05-22 17:43:02,POS Purchase,Online Services,236.61,2308.09,2071.48,Yes,ATM Machine,United Kingdom,16.3,59,Female,57,0,0
TXN002058,CUST00093,2025-05-22 23:32:32,Online Purchase,Fashion & Apparel,550.5,2077.59,1527.09,Yes,Mobile App,United Kingdom,2.3,31,Male,71,0,0
TXN002059,CUST00339,2025-05-23 11:26:37,Bank Transfer,Electronics,214.2,1443.04,1228.84,N/A,Web Browser,Canada,2.0,71,Male,149,0,0
TXN002060,CUST01620,2025-05-23 13:01:35,POS Purchase,Electronics,468.59,2653.9,2185.31,Yes,Web Browser,Canada,9.1,59,Female,9,0,0
TXN002061,CUST01162,2025-05-23 17:54:21,POS Purchase,Groceries,118.21,6751.89,6633.68,Yes,Mobile App,United Kingdom,3.5,55,Female,15,0,0
TXN002062,CUST00609,2025-05-23 20:54:26,ATM Withdrawal,Groceries,39.58,27644.96,27605.38,Yes,Mobile App,United Kingdom,22.7,78,Female,71,0,0
TXN002063,CUST00036,2025-05-24 00:19:11,Online Purchase,Restaurants,599.68,3910.58,4216.58,No,Web Browser,India,11.1,62,Female,31,0,1
TXN002064,CUST00569,2025-05-24 12:06:33,ATM Withdrawal,Jewelry & Luxury,143.84,4496.8,4352.96,Yes,POS Terminal,United Kingdom,14.3,64,Male,77,0,0
TXN002065,CUST00006,2025-05-24 17:54:21,Bank Transfer,Fuel,206.01,1400.99,1194.98,N/A,Web Browser,Australia,1.7,63,Female,112,0,0
TXN002066,CUST00242,2025-05-25 06:31:45,Online Purchase,Electronics,275.63,7674.11,7398.48,Yes,Mobile App,United States,7.5,49,Male,45,0,0
TXN002067,CUST01615,2025-05-25 10:08:26,POS Purchase,Fuel,116.53,2319.81,2203.28,No,Mobile App,Canada,18.2,43,Female,23,0,0
TXN002068,CUST00603,2025-05-25 21:52:58,ATM Withdrawal,Online Services,52.02,5883.55,5831.53,No,Web Browser,Germany,44.7,83,Male,8,0,0
TXN002069,CUST00567,2025-05-26 02:09:21,Bill Payment,Groceries,154.21,5843.15,5688.94,N/A,ATM Machine,United Kingdom,2.2,53,Male,41,0,0
TXN002070,CUST00622,2025-05-26 10:14:53,ATM Withdrawal,Home Improvement,537.35,6527.39,5990.04,Yes,POS Terminal,Pakistan,1.3,78,Female,7,0,0
TXN002071,CUST00070,2025-05-26 11:15:25,Online Purchase,Utilities,126.04,3153.88,3027.84,Yes,POS Terminal,Pakistan,9.1,76,Male,48,0,0
TXN002072,CUST01431,2025-05-26 13:36:41,POS Purchase,Groceries,374.04,3175.02,2800.98,No,Mobile App,Germany,1.4,23,Female,115,0,0
TXN002073,CUST01717,2025-05-26 14:03:37,POS Purchase,Entertainment,162.98,3826.91,3663.93,Yes,POS Terminal,India,4.7,24,Male,151,0,0
TXN002074,CUST00587,2025-05-26 14:49:52,Online Purchase,Utilities,192.86,1339.52,1146.66,No,Web Browser,United States,16.9,68,Female,22,0,0
TXN002075,CUST00760,2025-05-26 15:36:57,Bank Transfer,Travel,68.16,14963.0,14894.84,N/A,POS Terminal,United Kingdom,3.7,42,Female,166,0,0
TXN002076,CUST00643,2025-05-27 13:06:57,POS Purchase,Fuel,245.97,14707.31,14777.31,Yes,ATM Machine,United Kingdom,0.1,50,Female,160,0,0
TXN002077,CUST01351,2025-05-27 15:12:29,POS Purchase,Online Services,190.41,45468.76,45278.35,Yes,Web Browser,Canada,2.0,52,Female,98,0,0
TXN002078,CUST00321,2025-05-27 15:25:52,Online Purchase,Groceries,573.13,1562.53,989.4,Yes,Mobile App,United Kingdom,12.3,20,Male,92,0,0
TXN002079,CUST01706,2025-05-27 16:04:46,POS Purchase,Healthcare,29.85,3241.67,3211.82,No,POS Terminal,UAE,30.6,52,Male,132,0,0
TXN002080,CUST01618,2025-05-28 11:10:07,ATM Withdrawal,Fashion & Apparel,129.33,4822.37,4693.04,Yes,Web Browser,Germany,14.3,59,Male,43,0,0
TXN002081,CUST00107,2025-05-28 15:05:31,Bank Transfer,Travel,84.72,5168.25,5083.53,N/A,ATM Machine,United States,5.2,24,Female,49,0,0
TXN002082,CUST01316,2025-05-28 17:21:23,Bank Transfer,Online Services,286.65,2005.72,1719.07,N/A,ATM Machine,United Kingdom,9.6,19,Male,171,0,0
TXN002083,CUST01545,2025-05-28 19:22:17,Online Purchase,Fuel,143.68,30166.11,30022.43,Yes,POS Terminal,United States,0.6,81,Male,69,0,0
TXN002084,CUST00045,2025-05-28 19:51:20,POS Purchase,Travel,19.99,3260.95,3568.95,Yes,Mobile App,Canada,14.9,30,Female,117,0,0
TXN002085,CUST01312,2025-05-28 22:08:59,Online Purchase,Fuel,95.26,4573.26,4747.26,Yes,Mobile App,UAE,0.2,62,Male,100,0,0
TXN002086,CUST01000,2025-05-29 08:44:45,Online Purchase,Healthcare,62.58,906.3,843.72,Yes,Mobile App,United Kingdom,3.6,43,Female,13,0,0
TXN002087,CUST01105,2025-05-29 08:52:07,Bank Transfer,Online Services,265.46,3996.21,3730.75,N/A,Web Browser,UAE,12.1,35,Female,35,0,0
TXN002088,CUST00864,2025-05-29 12:28:36,ATM Withdrawal,Fashion & Apparel,143.79,4519.75,4375.96,No,POS Terminal,Canada,0.6,58,Male,131,0,0
TXN002089,CUST01707,2025-05-29 14:33:22,POS Purchase,Utilities,62.19,1873.0,1810.81,Yes,Web Browser,Pakistan,42.9,71,Male,129,0,0
TXN002090,CUST00786,2025-05-29 18:03:39,Online Purchase,Fuel,39.84,2053.33,2013.49,No,Web Browser,United Kingdom,41.7,26,Female,129,0,0
TXN002091,CUST00577,2025-05-29 19:51:46,Bill Payment,Fuel,94.22,1291.44,1197.22,N/A,POS Terminal,United Kingdom,10.6,79,Female,44,0,0
TXN002092,CUST00545,2025-05-30 20:02:40,POS Purchase,Utilities,50.38,1946.57,1896.19,Yes,POS Terminal,United States,9.4,22,Female,66,0,0
TXN002093,CUST00289,2025-05-30 22:29:44,Online Purchase,Electronics,140.58,3935.8,3795.22,Yes,Web Browser,Germany,2.1,24,Male,92,0,0
TXN002094,CUST01017,2025-05-31 07:03:08,Online Purchase,Electronics,334.89,28100.19,27765.3,Yes,Mobile App,United Kingdom,0.3,33,Female,78,0,0
TXN002095,CUST00288,2025-05-31 08:59:58,Wire Transfer,Utilities,15.63,1251.85,1236.22,N/A,POS Terminal,Canada,0.9,39,Female,120,0,0
TXN002096,CUST00678,2025-05-31 10:12:07,Online Purchase,Utilities,61.12,14278.79,14217.67,No,POS Terminal,United Kingdom,7.8,78,Male,123,0,0
TXN002097,CUST00438,2025-05-31 17:21:22,Online Purchase,Travel,14.05,5260.36,5246.31,No,Web Browser,Pakistan,0.1,80,Female,98,0,0
TXN002098,CUST00464,2025-05-31 20:26:07,POS Purchase,Groceries,41.66,1574.68,1648.68,Yes,Mobile App,Canada,14.9,82,Female,158,0,0
TXN002099,CUST00486,2025-06-01 04:04:39,Bill Payment,Groceries,122.83,3445.83,3323.0,N/A,POS Terminal,India,3.2,79,Female,17,0,0
TXN002100,CUST01728,2025-06-01 10:35:15,POS Purchase,Utilities,32.0,11091.72,11133.72,Yes,Web Browser,Canada,0.3,84,Female,96,0,0
TXN002101,CUST01011,2025-06-02 09:41:50,Online Purchase,Fuel,696.25,7271.22,6574.97,Yes,POS Terminal,India,7.4,25,Female,18,0,0
TXN002102,CUST01062,2025-06-02 09:44:03,POS Purchase,Electronics,347.28,2890.21,2542.93,Yes,Mobile App,United Kingdom,10.7,80,Female,23,0,0
TXN002103,CUST00971,2025-06-02 10:52:09,Online Purchase,Healthcare,274.86,1952.1,1677.24,Yes,Web Browser,India,0.7,26,Male,17,0,0
TXN002104,CUST00389,2025-06-02 12:23:15,ATM Withdrawal,Electronics,29.83,5171.58,5141.75,Yes,ATM Machine,Pakistan,24.9,68,Male,85,0,0
TXN002105,CUST00504,2025-06-02 20:05:43,Wire Transfer,Utilities,101.19,4205.51,4104.32,N/A,ATM Machine,Canada,23.2,47,Female,14,0,0
TXN002106,CUST00111,2025-06-02 20:37:35,POS Purchase,Fuel,247.46,4766.23,4518.77,No,Mobile App,Pakistan,9.6,42,Male,162,0,0
TXN002107,CUST00051,2025-06-03 02:24:09,ATM Withdrawal,Restaurants,287.24,4659.29,4372.05,No,Mobile App,UAE,14.5,78,Male,115,0,0
TXN002108,CUST00424,2025-06-03 05:29:39,Bank Transfer,Jewelry & Luxury,23.11,3318.47,3295.36,N/A,Web Browser,United States,14.1,53,Male,1,0,0
TXN002109,CUST00491,2025-06-03 12:51:29,POS Purchase,Electronics,579.79,3865.75,3285.96,No,Web Browser,United Kingdom,0.9,57,Female,48,0,0
TXN002110,CUST01431,2025-06-03 13:05:07,ATM Withdrawal,Travel,125.48,30553.76,30428.28,Yes,ATM Machine,UAE,10.8,59,Other,30,0,0
TXN002111,CUST00979,2025-06-03 18:31:11,Online Purchase,Restaurants,550.4,3288.24,2737.84,Yes,Mobile App,Pakistan,2.0,61,Male,63,0,0
TXN002112,CUST00425,2025-06-03 19:51:18,Wire Transfer,Utilities,14.65,9048.15,9033.5,N/A,POS Terminal,Pakistan,1.4,73,Male,110,0,0
TXN002113,CUST01027,2025-06-04 08:37:05,POS Purchase,Utilities,129.47,3810.54,3681.07,Yes,ATM Machine,United Kingdom,3.1,44,Male,120,0,0
TXN002114,CUST00388,2025-06-04 15:39:12,Online Purchase,Jewelry & Luxury,89.74,7815.46,7725.72,Yes,Web Browser,Pakistan,9.3,30,Female,26,0,0
TXN002115,CUST00048,2025-06-04 16:23:12,Online Purchase,Utilities,97.65,793.01,695.36,No,POS Terminal,Canada,17.4,36,Female,68,0,0
TXN002116,CUST00378,2025-06-04 17:10:11,POS Purchase,Healthcare,110.28,3017.05,2906.77,Yes,Web Browser,United Kingdom,15.6,47,Male,109,0,0
TXN002117,CUST00725,2025-06-04 17:38:45,Online Purchase,Travel,427.56,1725.0,1297.44,Yes,Mobile App,United Kingdom,3.1,47,Female,103,0,0
TXN002118,CUST01357,2025-06-05 11:24:10,Bill Payment,Fuel,60.38,3170.35,3109.97,N/A,POS Terminal,United Kingdom,24.3,73,Female,4,0,0
TXN002119,CUST00619,2025-06-05 15:07:38,Online Purchase,Online Services,19.31,22018.88,21999.57,Yes,Mobile App,Canada,0.4,79,Female,90,0,0
TXN002120,CUST01658,2025-06-05 16:51:56,POS Purchase,Travel,84.18,1141.75,1618.75,No,Mobile App,UAE,5.9,67,Male,62,0,0
TXN002121,CUST01284,2025-06-06 09:26:53,POS Purchase,Fashion & Apparel,86.78,2378.16,2291.38,No,Mobile App,Pakistan,7.0,51,Male,110,0,0
TXN002122,CUST00152,2025-06-06 11:57:43,ATM Withdrawal,Electronics,36.89,1840.81,1803.92,Yes,Mobile App,United Kingdom,7.0,36,Male,26,0,0
TXN002123,CUST00319,2025-06-06 12:40:18,POS Purchase,Groceries,139.11,1429.26,1290.15,No,Mobile App,Pakistan,7.0,28,Male,70,0,0
TXN002124,CUST00958,2025-06-06 18:17:19,Bill Payment,Groceries,162.21,2502.06,2339.85,N/A,Mobile App,Pakistan,7.8,56,Male,128,0,0
TXN002125,CUST00438,2025-06-07 13:09:57,ATM Withdrawal,Healthcare,286.12,854.27,568.15,No,Mobile App,United Kingdom,4.8,82,Other,129,0,0
TXN002126,CUST01370,2025-06-07 13:15:14,ATM Withdrawal,Online Services,116.4,5801.94,5685.54,No,Web Browser,United States,,63,Male,156,0,0
TXN002127,CUST00976,2025-06-07 16:31:40,Online Purchase,Healthcare,38.99,1388.45,1349.46,Yes,Mobile App,United States,24.0,63,Female,12,0,0
TXN002128,CUST00058,2025-06-08 00:42:21,Wire Transfer,Utilities,1948.44,921.15,-1027.29,N/A,Mobile App,United States,57.5,65,Female,35,0,1
TXN002129,CUST01556,2025-06-08 09:09:27,POS Purchase,Healthcare,214.18,1765.54,1551.36,No,Web Browser,Canada,9.1,47,Male,136,0,0
TXN002130,CUST01107,2025-06-08 13:21:49,Bill Payment,Fashion & Apparel,87.98,5498.89,5410.91,N/A,Web Browser,Pakistan,4.5,39,Male,103,0,0
TXN002131,CUST01270,2025-06-08 14:58:45,Bank Transfer,Groceries,110.25,9364.92,9254.67,N/A,Mobile App,United Kingdom,8.1,27,Female,21,0,0
TXN002132,CUST00466,2025-06-08 15:48:54,Bill Payment,Groceries,71.69,5560.61,5488.92,N/A,Mobile App,UAE,,71,Female,4,0,0
TXN002133,CUST01057,2025-06-08 17:13:50,Online Purchase,Fashion & Apparel,106.27,4037.46,3931.19,Yes,ATM Machine,United States,9.2,69,Female,45,0,0
TXN002134,CUST00691,2025-06-08 17:56:02,Online Purchase,Online Services,39.46,1708.8,1669.34,Yes,Web Browser,United Kingdom,7.7,75,Female,42,0,0
TXN002135,CUST00053,2025-06-09 03:36:10,Wire Transfer,Electronics,539.58,751.2,211.62,N/A,Web Browser,Australia,387.8,77,Female,40,1,1
TXN002136,CUST01467,2025-06-09 09:10:27,POS Purchase,Healthcare,56.08,1455.11,1399.03,No,POS Terminal,Pakistan,12.6,67,Female,54,0,0
TXN002137,CUST00877,2025-06-09 09:35:13,ATM Withdrawal,Fuel,210.56,11720.89,11510.33,Yes,Web Browser,India,0.8,49,Female,85,0,0
TXN002138,CUST01502,2025-06-09 10:37:01,Online Purchase,Fashion & Apparel,21.24,8394.07,8462.07,No,POS Terminal,Germany,23.8,83,Female,64,0,0
TXN002139,CUST01507,2025-06-09 12:21:20,ATM Withdrawal,Groceries,85.48,544.56,459.08,Yes,Mobile App,United Kingdom,34.6,82,Female,38,0,0
TXN002140,CUST01113,2025-06-09 15:31:44,ATM Withdrawal,Restaurants,52.35,14173.87,14121.52,Yes,POS Terminal,Canada,9.0,51,Male,166,0,0
TXN002141,CUST00580,2025-06-09 17:40:32,Online Purchase,Travel,429.94,8218.45,7788.51,No,Mobile App,United Kingdom,24.9,54,Female,101,0,0
TXN002142,CUST01359,2025-06-09 18:17:23,POS Purchase,Fashion & Apparel,31.66,1195.49,1163.83,No,Web Browser,Pakistan,0.7,22,Male,166,1,0
TXN002143,CUST01618,2025-06-09 20:08:18,POS Purchase,Groceries,43.32,3208.45,3165.13,Yes,ATM Machine,Canada,13.2,21,Female,41,0,0
TXN002144,CUST00144,2025-06-09 20:29:50,POS Purchase,Online Services,45.73,4261.15,4215.42,Yes,Mobile App,Canada,3.2,82,Female,111,0,0
TXN002145,CUST00639,2025-06-09 20:53:55,POS Purchase,Healthcare,84.34,1445.31,1649.31,Yes,Web Browser,Australia,7.2,42,Female,66,0,0
TXN002146,CUST00213,2025-06-10 08:14:10,Online Purchase,Groceries,131.41,2706.0,2574.59,No,Mobile App,India,6.5,77,Male,147,0,0
TXN002147,CUST00365,2025-06-10 13:48:32,Online Purchase,Fuel,211.71,325.61,113.9,Yes,ATM Machine,United States,12.5,75,Female,38,0,0
TXN002148,CUST00068,2025-06-10 14:06:20,ATM Withdrawal,Groceries,167.76,830.33,662.57,No,Mobile App,Germany,6.9,75,Female,71,0,0
TXN002149,CUST00852,2025-06-10 18:54:56,POS Purchase,Online Services,277.86,1625.69,1347.83,No,Mobile App,United States,8.3,44,Female,144,0,0
TXN002150,CUST01606,2025-06-11 13:20:44,POS Purchase,Fashion & Apparel,92.24,2857.03,2764.79,Yes,POS Terminal,United States,27.5,38,Female,131,0,0
TXN002151,CUST01588,2025-06-11 16:32:44,ATM Withdrawal,Entertainment,455.62,13177.52,12721.9,Yes,POS Terminal,United Kingdom,14.2,73,Female,49,0,0
TXN002152,CUST00517,2025-06-11 17:25:40,Bill Payment,Fashion & Apparel,646.74,1329.66,682.92,N/A,Web Browser,United Kingdom,18.7,72,Female,46,0,0
TXN002153,CUST00707,2025-06-11 20:39:48,Bank Transfer,Travel,241.52,785.78,544.26,N/A,Mobile App,United Kingdom,18.7,36,Male,138,0,0
TXN002154,CUST00016,2025-06-12 01:41:25,Online Purchase,Utilities,401.94,1270.52,868.58,No,ATM Machine,India,245.4,39,Female,35,2,1
TXN002155,CUST00030,2025-06-12 12:31:32,POS Purchase,Home Improvement,34.98,2849.11,2814.13,Yes,ATM Machine,India,7.9,78,Male,118,0,0
TXN002156,CUST00287,2025-06-12 13:52:21,Online Purchase,Fashion & Apparel,262.39,3177.33,2914.94,No,Web Browser,United States,11.8,84,Male,135,0,0
TXN002157,CUST00583,2025-06-12 15:47:23,POS Purchase,Fuel,57.92,10594.71,10536.79,No,Web Browser,United States,33.3,70,Male,171,0,0
TXN002158,CUST01272,2025-06-12 20:58:22,POS Purchase,Groceries,150.75,1226.39,1075.64,No,POS Terminal,United States,26.4,68,Male,77,0,0
TXN002159,CUST01325,2025-06-13 05:45:18,POS Purchase,Fashion & Apparel,21.1,2845.21,2824.11,No,Web Browser,Pakistan,11.8,62,Female,57,0,0
TXN002160,CUST00791,2025-06-13 09:58:20,Online Purchase,Utilities,127.86,1932.48,1804.62,Yes,Mobile App,Canada,7.3,70,Male,76,0,0
TXN002161,CUST00957,2025-06-13 18:06:49,Online Purchase,Utilities,122.92,6218.97,6096.05,Yes,Mobile App,Canada,2.6,63,Female,147,0,0
TXN002162,CUST00915,2025-06-13 18:08:09,Bill Payment,Restaurants,131.27,2983.21,2851.94,N/A,Web Browser,Germany,9.0,30,Male,56,0,0
TXN002163,CUST00331,2025-06-13 19:00:25,Bill Payment,Restaurants,98.91,2584.03,2485.12,N/A,Web Browser,Germany,7.2,82,Female,128,0,0
TXN002164,CUST00916,2025-06-14 13:32:31,Online Purchase,Groceries,77.26,6910.98,6833.72,No,Mobile App,UAE,0.3,72,Female,16,0,0
TXN002165,CUST00128,2025-06-14 17:29:44,Wire Transfer,Fuel,44.49,23250.06,23205.57,N/A,Mobile App,United Kingdom,14.5,21,Female,99,0,0
TXN002166,CUST00676,2025-06-14 17:47:06,POS Purchase,Entertainment,238.0,12888.28,12650.28,Yes,ATM Machine,United States,11.0,44,Male,50,0,0
TXN002167,CUST00265,2025-06-14 20:21:54,Online Purchase,Electronics,186.57,1153.1,966.53,Yes,Mobile App,United Kingdom,15.3,48,Female,35,0,0
TXN002168,CUST00762,2025-06-15 10:11:20,POS Purchase,Fuel,112.02,13812.12,13700.1,No,POS Terminal,Canada,8.0,44,Female,75,0,0
TXN002169,CUST00171,2025-06-16 10:21:46,Bank Transfer,Fuel,125.52,1852.7,1727.18,N/A,Mobile App,India,8.5,56,Male,49,0,0
TXN002170,CUST01612,2025-06-16 10:53:38,Online Purchase,Fashion & Apparel,42.38,1584.8,1542.42,Yes,POS Terminal,United States,3.4,77,Male,44,0,0
TXN002171,CUST00127,2025-06-16 17:12:01,POS Purchase,Groceries,82.95,11778.36,11695.41,Yes,Mobile App,United States,5.8,59,Male,158,0,0
TXN002172,CUST00506,2025-06-16 19:15:24,Bill Payment,Groceries,531.27,4409.92,3878.65,N/A,Mobile App,United Kingdom,7.1,39,Female,72,0,0
TXN002173,CUST01123,2025-06-16 21:30:47,Online Purchase,Restaurants,56.61,2026.99,1970.38,No,Web Browser,United Kingdom,6.6,20,Female,75,0,0
TXN002174,CUST00008,2025-06-18 08:54:27,ATM Withdrawal,Utilities,232.62,6137.3,5904.68,Yes,Mobile App,United Kingdom,3.5,73,Female,101,0,0
TXN002175,CUST00544,2025-06-18 12:00:57,Bank Transfer,Entertainment,402.49,10612.35,10209.86,N/A,Mobile App,UAE,13.2,27,Female,124,0,0
TXN002176,CUST01663,2025-06-18 16:09:06,Online Purchase,Electronics,322.87,438.1,115.23,Yes,Web Browser,Pakistan,4.4,65,Male,126,0,0
TXN002177,CUST01524,2025-06-18 16:47:35,POS Purchase,Groceries,1062.5,3752.62,2690.12,No,Web Browser,Pakistan,10.7,69,Male,34,0,0
TXN002178,CUST00035,2025-06-19 00:57:05,Wire Transfer,Entertainment,2663.97,1422.72,-1241.25,N/A,Web Browser,United Kingdom,49.0,35,Female,7,1,1
TXN002179,CUST01655,2025-06-19 03:12:27,Online Purchase,Fashion & Apparel,23.32,9286.67,9263.35,No,Mobile App,Canada,49.7,78,Male,174,1,0
TXN002180,CUST00444,2025-06-19 07:04:30,Online Purchase,Restaurants,68.07,2522.19,2454.12,Yes,Web Browser,United States,17.8,23,Male,164,0,0
TXN002181,CUST01546,2025-06-19 10:40:41,POS Purchase,Groceries,120.67,18116.52,17995.85,Yes,Web Browser,United Kingdom,7.8,76,Male,177,0,0
TXN002182,CUST01731,2025-06-20 14:02:14,Online Purchase,Fuel,213.52,14366.23,14152.71,Yes,Mobile App,Canada,2.2,59,Male,51,0,0
TXN002183,CUST00965,2025-06-20 15:05:43,Bank Transfer,Entertainment,66.61,4945.54,4878.93,N/A,POS Terminal,United Kingdom,15.0,26,Female,77,0,0
TXN002184,CUST01105,2025-06-20 15:34:40,ATM Withdrawal,Restaurants,114.98,6422.98,6308.0,No,POS Terminal,United Kingdom,3.1,52,Female,29,0,0
TXN002185,CUST01359,2025-06-20 18:24:29,POS Purchase,Fuel,22.97,531.67,508.7,No,ATM Machine,Australia,1.1,61,Male,175,0,0
TXN002186,CUST01427,2025-06-20 20:39:50,POS Purchase,Healthcare,174.55,3480.14,3779.14,Yes,POS Terminal,Germany,0.0,27,Male,88,0,0
TXN002187,CUST00012,2025-06-21 05:14:39,Online Purchase,Healthcare,733.27,1438.23,704.96,No,POS Terminal,United Kingdom,61.1,52,Female,14,0,1
TXN002188,CUST00429,2025-06-21 08:10:37,Online Purchase,Restaurants,64.31,2983.61,2919.3,No,Web Browser,Canada,2.8,25,Other,69,0,0
TXN002189,CUST01725,2025-06-21 13:05:35,POS Purchase,Restaurants,36.38,3418.69,3382.31,No,POS Terminal,Pakistan,11.8,34,Female,179,0,0
TXN002190,CUST00961,2025-06-21 16:29:03,Bank Transfer,Restaurants,733.5,9746.15,9012.65,N/A,Web Browser,Germany,11.9,72,Male,87,0,0
TXN002191,CUST01671,2025-06-22 11:42:57,POS Purchase,Restaurants,4.58,2824.88,3036.88,No,Mobile App,Canada,1.5,65,Male,29,0,0
TXN002192,CUST01085,2025-06-22 16:48:40,POS Purchase,Fashion & Apparel,198.19,5361.54,5163.35,No,ATM Machine,United States,11.3,27,Female,5,0,0
TXN002193,CUST00041,2025-06-23 03:40:24,Online Purchase,Online Services,1754.01,5697.25,3943.24,No,Web Browser,United Kingdom,27.1,24,Male,19,1,1
TXN002194,CUST00410,2025-06-23 07:53:43,Online Purchase,Travel,81.59,34661.04,34856.04,Yes,Mobile App,United Kingdom,13.0,67,Female,80,0,0
TXN002195,CUST00926,2025-06-23 08:41:24,Bank Transfer,Entertainment,124.82,5489.52,5364.7,N/A,POS Terminal,UAE,22.1,85,Male,102,0,0
TXN002196,CUST01493,2025-06-23 10:46:52,POS Purchase,Electronics,169.85,2252.03,2082.18,No,Web Browser,United Kingdom,8.0,28,Female,175,0,0
TXN002197,CUST00247,2025-06-23 11:24:47,Online Purchase,Travel,258.5,3608.01,3349.51,No,POS Terminal,Pakistan,27.0,56,Female,30,0,0
TXN002198,CUST00782,2025-06-23 12:15:26,POS Purchase,Electronics,267.97,2501.73,2233.76,Yes,Mobile App,Pakistan,8.7,34,Female,24,0,0
TXN002199,CUST01540,2025-06-23 15:11:43,POS Purchase,Electronics,27.49,2298.75,2271.26,No,Mobile App,United Kingdom,15.9,62,Other,39,0,0
TXN002200,CUST01301,2025-06-23 15:43:17,POS Purchase,Entertainment,130.9,9708.42,9577.52,No,Web Browser,India,29.9,61,Female,88,0,0
TXN002201,CUST00437,2025-06-23 23:09:56,Bank Transfer,Travel,31.5,6378.59,6347.09,N/A,Mobile App,United States,8.8,68,Female,140,0,0
TXN002202,CUST01685,2025-06-24 04:45:45,ATM Withdrawal,Groceries,94.63,20923.69,20829.06,Yes,POS Terminal,Canada,6.4,48,Female,160,0,0
TXN002203,CUST01105,2025-06-24 10:08:51,ATM Withdrawal,Fashion & Apparel,25.21,15235.01,15209.8,Yes,ATM Machine,Australia,3.0,41,Male,22,0,0
TXN002204,CUST00926,2025-06-24 15:37:39,POS Purchase,Travel,487.67,12180.46,11692.79,No,Web Browser,United States,20.7,25,Male,148,0,0
TXN002205,CUST01282,2025-06-25 08:09:22,POS Purchase,Groceries,72.73,1645.0,2012.0,No,Web Browser,Canada,2.1,21,Male,128,0,0
TXN002206,CUST00282,2025-06-25 11:19:02,Online Purchase,Jewelry & Luxury,149.61,1623.96,1895.96,No,Web Browser,Canada,16.7,32,Female,62,0,0
TXN002207,CUST01563,2025-06-25 15:32:46,Bill Payment,Healthcare,151.47,7234.95,7083.48,N/A,Web Browser,United States,3.7,28,Male,171,0,0
TXN002208,CUST00576,2025-06-26 10:41:58,Bank Transfer,Travel,167.18,4001.81,3834.63,N/A,POS Terminal,United States,2.9,67,Female,70,0,0
TXN002209,CUST01617,2025-06-26 11:26:22,POS Purchase,Fuel,418.87,1425.87,1803.87,No,ATM Machine,United Kingdom,16.2,42,Male,101,0,0
TXN002210,CUST00641,2025-06-26 11:28:57,ATM Withdrawal,Groceries,73.82,13761.74,13687.92,Yes,Mobile App,Canada,10.4,29,Female,47,0,0
TXN002211,CUST01587,2025-06-26 14:11:32,POS Purchase,Fuel,93.34,10700.08,10606.74,No,POS Terminal,India,5.7,68,Female,98,0,0
TXN002212,CUST01063,2025-06-26 14:36:18,Bank Transfer,Jewelry & Luxury,34.79,3499.03,3464.24,N/A,POS Terminal,Pakistan,27.2,83,Male,59,0,0
TXN002213,CUST01561,2025-06-26 18:13:31,Online Purchase,Fuel,86.04,3726.93,3640.89,Yes,Mobile App,United States,11.3,50,Male,101,0,0
TXN002214,CUST01168,2025-06-26 18:43:48,Bank Transfer,Utilities,378.08,3018.73,2640.65,N/A,Mobile App,Germany,2.1,60,Male,163,0,0
TXN002215,CUST01094,2025-06-27 14:09:31,Bill Payment,Groceries,39.75,2459.2,2419.45,N/A,ATM Machine,Pakistan,20.7,71,Female,143,0,0
TXN002216,CUST00938,2025-06-27 14:34:39,Online Purchase,Electronics,7.57,23144.03,23136.46,No,POS Terminal,Pakistan,18.6,52,Male,43,0,0
TXN002217,CUST01462,2025-06-27 15:54:33,POS Purchase,Fuel,124.53,5160.63,5036.1,No,POS Terminal,United States,23.7,28,Male,119,0,0
TXN002218,CUST00272,2025-06-27 20:58:21,Bank Transfer,Home Improvement,150.14,4524.19,4374.05,N/A,Mobile App,Pakistan,11.0,22,Female,36,0,0
TXN002219,CUST00055,2025-06-27 22:38:56,Bank Transfer,Electronics,192.42,8212.82,8020.4,N/A,Mobile App,Australia,833.8,30,Male,4,0,1
TXN002220,CUST00287,2025-06-27 23:52:11,Online Purchase,Fuel,94.72,3873.87,3779.15,Yes,Web Browser,Pakistan,10.3,29,Female,141,0,0
TXN002221,CUST00049,2025-06-28 08:47:00,Bank Transfer,Electronics,134.38,3391.89,3257.51,N/A,Web Browser,United States,18.3,47,Female,7,0,1
TXN002222,CUST01603,2025-06-28 10:22:40,ATM Withdrawal,Healthcare,60.68,1825.33,1764.65,Yes,Mobile App,United States,4.5,49,Male,21,0,0
TXN002223,CUST01157,2025-06-28 12:38:43,Bank Transfer,Groceries,62.39,2139.01,2076.62,N/A,Mobile App,UAE,1.9,50,Female,4,0,0
TXN002224,CUST00671,2025-06-28 17:53:00,ATM Withdrawal,Travel,139.61,2867.74,2728.13,Yes,Web Browser,United States,0.4,27,Female,138,0,0
TXN002225,CUST01237,2025-06-28 17:53:55,Online Purchase,Healthcare,128.33,932.32,803.99,Yes,Web Browser,United States,10.5,78,Female,115,0,0
TXN002226,CUST01509,2025-06-28 19:51:53,ATM Withdrawal,Online Services,394.93,1946.41,1551.48,No,ATM Machine,Germany,39.8,60,Male,149,0,0
TXN002227,CUST00785,2025-06-29 18:08:42,POS Purchase,Utilities,75.03,5160.6,5085.57,No,Web Browser,United Kingdom,4.0,34,Female,144,0,0
TXN002228,CUST01412,2025-06-29 20:33:05,ATM Withdrawal,Utilities,672.55,4253.42,3580.87,Yes,Mobile App,United Kingdom,4.4,40,Female,179,0,0
TXN002229,CUST00720,2025-06-30 12:15:14,Online Purchase,Restaurants,132.71,2169.18,2458.18,Yes,Mobile App,UAE,19.5,85,Female,7,0,0
TXN002230,CUST01339,2025-06-30 13:17:57,Bill Payment,Online Services,288.27,3702.11,3413.84,N/A,Web Browser,United States,15.3,35,Male,14,0,0
TXN002231,CUST00227,2025-06-30 14:51:52,POS Purchase,Travel,199.9,769.24,569.34,Yes,Mobile App,United Kingdom,18.1,24,Other,126,0,0
TXN002232,CUST00091,2025-06-30 18:15:44,ATM Withdrawal,Entertainment,66.64,1101.38,1034.74,Yes,POS Terminal,United States,29.7,73,Female,14,0,0
TXN002233,CUST00402,2025-07-01 00:44:10,Bill Payment,Groceries,257.21,5646.69,5389.48,N/A,POS Terminal,UAE,1.1,63,Male,44,0,0
TXN002234,CUST01454,2025-07-01 08:56:47,POS Purchase,Electronics,19.36,28362.99,28343.63,Yes,POS Terminal,Germany,14.3,81,Male,145,0,0
TXN002235,CUST00429,2025-07-01 20:43:09,Bank Transfer,Healthcare,139.07,2006.66,1867.59,N/A,Mobile App,Australia,5.5,42,Male,155,0,0
TXN002236,CUST00187,2025-07-02 08:57:33,Wire Transfer,Groceries,61.66,4040.53,3978.87,N/A,POS Terminal,Germany,49.8,21,Female,173,0,0
TXN002237,CUST00340,2025-07-02 12:52:07,POS Purchase,Restaurants,211.68,14763.94,14552.26,No,Web Browser,United States,23.7,38,Male,66,0,0
TXN002238,CUST00718,2025-07-03 11:15:25,Bill Payment,Fashion & Apparel,374.17,9383.46,9009.29,N/A,Mobile App,United Kingdom,3.2,59,Female,115,0,0
TXN002239,CUST00823,2025-07-03 11:30:17,POS Purchase,Fuel,80.73,4830.86,4750.13,No,Mobile App,UAE,3.7,35,Male,109,0,0
TXN002240,CUST01511,2025-07-03 13:24:26,POS Purchase,Healthcare,173.63,8372.63,8199.0,No,Web Browser,United States,3.7,24,Female,91,0,0
TXN002241,CUST01585,2025-07-03 17:14:53,Bank Transfer,Groceries,130.4,5283.48,5153.08,N/A,Web Browser,Canada,1.8,44,Female,108,0,0
TXN002242,CUST01472,2025-07-03 18:26:40,Bank Transfer,Restaurants,103.14,1063.51,960.37,N/A,Mobile App,Pakistan,11.8,77,Female,35,0,0
TXN002243,CUST00378,2025-07-03 19:37:34,Online Purchase,Travel,51.73,5878.45,5886.45,Yes,Web Browser,India,5.7,36,Male,145,0,0
TXN002244,CUST01573,2025-07-04 08:55:39,ATM Withdrawal,Healthcare,99.48,13875.5,13776.02,Yes,Web Browser,Pakistan,,47,Male,60,0,0
TXN002245,CUST00285,2025-07-04 16:37:07,Online Purchase,Electronics,382.79,13481.45,13098.66,Yes,POS Terminal,Pakistan,6.1,54,Female,16,0,0
TXN002246,CUST00544,2025-07-04 17:33:31,POS Purchase,Healthcare,48.99,2029.79,1980.8,Yes,ATM Machine,United Kingdom,32.2,54,Female,15,0,0
TXN002247,CUST00977,2025-07-04 18:47:44,Bank Transfer,Travel,299.09,2738.18,2439.09,N/A,POS Terminal,United States,9.1,30,Female,106,0,0
TXN002248,CUST01097,2025-07-05 08:25:44,POS Purchase,Restaurants,198.48,3003.24,2804.76,Yes,POS Terminal,Germany,19.8,41,Male,25,0,0
TXN002249,CUST00003,2025-07-05 16:31:56,Bank Transfer,Electronics,24.49,1833.07,1808.58,N/A,POS Terminal,UAE,4.7,75,Male,57,0,0
TXN002250,CUST01581,2025-07-05 16:59:13,ATM Withdrawal,Groceries,62.47,4329.5,4267.03,No,Web Browser,United States,14.9,74,Female,149,0,0
TXN002251,CUST00387,2025-07-05 20:58:36,ATM Withdrawal,Fuel,621.59,1026.81,405.22,No,Web Browser,United Kingdom,18.9,58,Female,21,0,0
TXN002252,CUST01242,2025-07-06 03:20:39,Online Purchase,Fuel,81.34,3760.48,3679.14,Yes,Web Browser,United Kingdom,3.0,80,Male,18,0,0
TXN002253,CUST00916,2025-07-06 08:31:29,ATM Withdrawal,Groceries,131.25,2334.79,2203.54,Yes,POS Terminal,United States,7.4,35,Female,131,0,0
TXN002254,CUST00098,2025-07-06 12:55:41,Bank Transfer,Groceries,64.12,2755.77,2691.65,N/A,Web Browser,India,7.0,77,Female,74,0,0
TXN002255,CUST01174,2025-07-06 15:28:37,ATM Withdrawal,Travel,79.95,1153.73,1073.78,No,Web Browser,Pakistan,30.3,50,Female,56,0,0
TXN002256,CUST00799,2025-07-07 13:46:16,Bill Payment,Entertainment,70.61,14432.65,14362.04,N/A,Mobile App,United Kingdom,8.0,28,Female,157,0,0
TXN002257,CUST01175,2025-07-07 16:21:13,Online Purchase,Entertainment,133.94,8408.66,8450.66,Yes,Mobile App,Germany,5.3,26,Female,88,0,0
TXN002258,CUST00602,2025-07-07 20:56:35,ATM Withdrawal,Utilities,70.69,900.59,829.9,Yes,Mobile App,United Kingdom,10.8,60,Female,16,0,0
TXN002259,CUST00080,2025-07-08 06:32:05,POS Purchase,Fashion & Apparel,76.96,1123.57,1046.61,No,POS Terminal,India,15.8,80,Female,97,0,0
TXN002260,CUST01220,2025-07-08 13:09:12,Bill Payment,Online Services,135.56,2111.45,1975.89,N/A,Mobile App,United Kingdom,21.4,70,Male,145,0,0
TXN002261,CUST00703,2025-07-08 16:19:33,ATM Withdrawal,Fashion & Apparel,43.84,858.76,814.92,Yes,ATM Machine,United Kingdom,13.4,34,Male,104,0,0
TXN002262,CUST01520,2025-07-08 16:59:40,Bank Transfer,Fashion & Apparel,247.53,1388.84,1141.31,N/A,POS Terminal,United Kingdom,5.4,64,Female,146,0,0
TXN002263,CUST01457,2025-07-08 18:50:27,ATM Withdrawal,Fashion & Apparel,179.31,4464.45,4285.14,Yes,ATM Machine,United Kingdom,23.9,34,Male,40,0,0
TXN002264,CUST01184,2025-07-08 20:21:09,Online Purchase,Electronics,702.48,30797.11,30094.63,Yes,Mobile App,United Kingdom,31.6,39,Female,154,0,0
TXN002265,CUST00618,2025-07-08 20:48:56,ATM Withdrawal,Utilities,96.3,3460.48,3364.18,Yes,Mobile App,United Kingdom,9.8,47,Male,180,0,0
TXN002266,CUST00223,2025-07-08 23:17:44,Bank Transfer,Fuel,134.94,3749.96,3615.02,N/A,Web Browser,UAE,57.6,75,Male,71,0,0
TXN002267,CUST01223,2025-07-08 23:57:47,POS Purchase,Online Services,22.06,537.51,515.45,No,Web Browser,Canada,6.1,67,Male,85,0,0
TXN002268,CUST00947,2025-07-09 06:15:23,POS Purchase,Restaurants,373.28,740.98,367.7,Yes,POS Terminal,Pakistan,4.2,57,Female,65,0,0
TXN002269,CUST00394,2025-07-09 12:03:15,Bank Transfer,Entertainment,312.9,6466.87,6153.97,N/A,Web Browser,Germany,2.2,76,Female,2,0,0
TXN002270,CUST01279,2025-07-09 14:03:56,Bill Payment,Jewelry & Luxury,181.44,31153.45,30972.01,N/A,Mobile App,United Kingdom,16.2,36,Female,18,0,0
TXN002271,CUST00807,2025-07-09 16:14:56,Online Purchase,Fuel,15.49,4489.27,4473.78,No,Mobile App,Germany,8.3,81,Female,96,0,0
TXN002272,CUST01432,2025-07-09 16:44:57,Online Purchase,Fuel,50.35,5523.33,5769.33,No,POS Terminal,Pakistan,1.4,51,Male,112,0,0
TXN002273,CUST00813,2025-07-09 18:12:50,POS Purchase,Groceries,47.0,2399.13,2352.13,No,Mobile App,Pakistan,6.7,63,Female,10,0,0
TXN002274,CUST00326,2025-07-09 23:01:15,Bank Transfer,Electronics,46.98,4571.78,4524.8,N/A,Web Browser,Germany,27.3,77,Male,7,1,0
TXN002275,CUST00085,2025-07-10 13:09:58,Online Purchase,Electronics,101.25,5963.47,5862.22,Yes,Web Browser,United Kingdom,2.8,45,Female,111,0,0
TXN002276,CUST00949,2025-07-10 16:04:40,POS Purchase,Fuel,236.79,3364.68,3127.89,Yes,Web Browser,United States,2.9,49,Female,4,0,0
TXN002277,CUST01054,2025-07-10 19:05:30,POS Purchase,Home Improvement,207.78,8240.12,8032.34,Yes,POS Terminal,United States,9.7,74,Female,4,0,0
TXN002278,CUST01137,2025-07-10 19:08:36,ATM Withdrawal,Electronics,161.1,1980.49,1819.39,Yes,Mobile App,Australia,44.8,79,Male,114,1,0
TXN002279,CUST01254,2025-07-10 19:24:01,ATM Withdrawal,Healthcare,455.41,8154.12,7698.71,No,Mobile App,United Kingdom,7.4,49,Female,70,0,0
TXN002280,CUST00921,2025-07-11 08:47:26,Wire Transfer,Fashion & Apparel,496.32,727.87,231.55,N/A,Mobile App,United Kingdom,14.0,47,Female,143,1,0
TXN002281,CUST00321,2025-07-11 12:38:24,Bill Payment,Electronics,97.28,3909.13,3811.85,N/A,Mobile App,United Kingdom,4.9,60,Female,174,0,0
TXN002282,CUST00445,2025-07-11 13:41:51,Online Purchase,Healthcare,44.08,2902.9,2858.82,Yes,POS Terminal,Canada,2.0,63,Male,25,0,0
TXN002283,CUST00077,2025-07-11 14:08:13,Online Purchase,Fuel,79.42,1649.51,1570.09,No,Web Browser,India,25.1,84,Male,35,0,0
TXN002284,CUST00657,2025-07-11 19:38:11,POS Purchase,Fuel,72.24,2717.6,2645.36,Yes,ATM Machine,United Kingdom,2.8,19,Male,142,0,0
TXN002285,CUST01171,2025-07-11 19:54:59,POS Purchase,Electronics,173.87,690.67,921.67,Yes,Mobile App,United States,17.9,48,Male,117,0,0
TXN002286,CUST00165,2025-07-11 20:19:27,POS Purchase,Electronics,260.25,29855.46,29595.21,No,Web Browser,Pakistan,8.5,72,Female,121,0,0
TXN002287,CUST00532,2025-07-12 07:53:35,Online Purchase,Groceries,86.8,3512.74,3425.94,No,POS Terminal,United States,11.0,40,Female,47,0,0
TXN002288,CUST00928,2025-07-12 08:09:21,Online Purchase,Utilities,112.71,7897.98,7785.27,Yes,POS Terminal,United Kingdom,5.2,21,Male,37,0,0
TXN002289,CUST00368,2025-07-12 10:35:58,POS Purchase,Utilities,441.84,2178.25,1736.41,No,POS Terminal,United States,13.3,82,Female,80,0,0
TXN002290,CUST00213,2025-07-12 11:11:19,Online Purchase,Fashion & Apparel,22.02,3874.58,4212.58,No,Mobile App,UAE,5.2,27,Female,44,0,0
TXN002291,CUST00707,2025-07-12 18:57:58,Online Purchase,Groceries,156.49,812.69,656.2,Yes,ATM Machine,United States,10.6,82,Male,42,0,0
TXN002292,CUST01376,2025-07-13 08:42:22,POS Purchase,Online Services,34.64,3999.13,3964.49,Yes,POS Terminal,United States,6.3,59,Female,71,0,0
TXN002293,CUST00123,2025-07-13 13:37:35,Online Purchase,Electronics,86.49,1742.63,1656.14,Yes,Web Browser,United Kingdom,5.6,37,Male,81,0,0
TXN002294,CUST00055,2025-07-13 17:05:56,Bank Transfer,Online Services,27.33,9698.79,9671.46,N/A,Mobile App,United States,22.5,78,Male,21,0,0
TXN002295,CUST01088,2025-07-13 17:50:35,Bank Transfer,Electronics,253.24,2645.45,2392.21,N/A,Mobile App,United States,7.6,29,Male,144,0,0
TXN002296,CUST00853,2025-07-13 20:30:45,Online Purchase,Entertainment,404.71,4534.22,5023.22,Yes,Web Browser,United States,10.1,29,Female,151,0,0
TXN002297,CUST00824,2025-07-13 21:15:42,Online Purchase,Jewelry & Luxury,115.62,1809.77,2243.77,No,Web Browser,United States,3.8,38,Male,138,0,0
TXN002298,CUST01162,2025-07-14 14:07:18,Online Purchase,Travel,85.55,15837.16,15751.61,Yes,POS Terminal,United States,25.4,40,Male,58,0,0
TXN002299,CUST00528,2025-07-14 15:45:45,Online Purchase,Restaurants,157.89,1909.87,1978.87,Yes,Web Browser,United States,63.0,62,Female,106,0,0
TXN002300,CUST01408,2025-07-14 21:15:01,POS Purchase,Utilities,189.35,4906.07,4716.72,No,Web Browser,Canada,25.4,26,Female,66,0,0
TXN002301,CUST01369,2025-07-14 22:03:00,Online Purchase,Utilities,45.98,24535.88,24489.9,Yes,Mobile App,UAE,16.2,43,Male,139,0,0
TXN002302,CUST00177,2025-07-16 20:35:41,POS Purchase,Fuel,301.46,3995.58,3694.12,No,Mobile App,UAE,14.6,74,Male,38,0,0
TXN002303,CUST01610,2025-07-17 08:12:03,POS Purchase,Home Improvement,117.72,15615.58,15497.86,No,POS Terminal,Canada,15.5,77,Male,85,0,0
TXN002304,CUST00238,2025-07-17 09:43:33,Online Purchase,Groceries,119.12,5737.54,5618.42,No,POS Terminal,India,32.3,73,Male,48,0,0
TXN002305,CUST00015,2025-07-17 18:29:27,POS Purchase,Online Services,87.81,7914.32,7826.51,Yes,Web Browser,Germany,8.0,78,Male,180,0,0
TXN002306,CUST00359,2025-07-18 06:37:52,Online Purchase,Fuel,166.55,3019.71,2853.16,Yes,Mobile App,United Kingdom,26.2,75,Female,108,0,0
TXN002307,CUST01615,2025-07-18 14:29:00,Online Purchase,Groceries,109.25,2762.72,2653.47,No,POS Terminal,United Kingdom,21.7,76,Female,33,0,0
TXN002308,CUST00470,2025-07-19 03:40:12,Online Purchase,Groceries,108.84,3038.42,3215.42,Yes,POS Terminal,Pakistan,17.6,58,Male,108,0,0
TXN002309,CUST00258,2025-07-20 10:19:31,POS Purchase,Groceries,285.38,2224.67,1939.29,No,Web Browser,United States,8.8,78,Female,168,0,0
TXN002310,CUST00513,2025-07-20 19:02:31,Online Purchase,Groceries,152.23,1621.7,1469.47,Yes,ATM Machine,Pakistan,4.2,37,Female,149,0,0
TXN002311,CUST01169,2025-07-21 11:54:01,POS Purchase,Fuel,249.15,650.31,401.16,Yes,Web Browser,United Kingdom,67.0,64,Female,3,0,0
TXN002312,CUST00663,2025-07-21 15:01:16,POS Purchase,Fuel,378.03,2337.91,1959.88,No,Mobile App,United States,21.3,51,Female,105,0,0
TXN002313,CUST01208,2025-07-21 16:04:36,POS Purchase,Electronics,35.59,26029.74,25994.15,Yes,POS Terminal,Canada,6.9,20,Male,78,0,0
TXN002314,CUST01094,2025-07-21 22:41:48,POS Purchase,Electronics,-83.03,7088.69,7197.69,No,Mobile App,Pakistan,29.8,78,Female,88,0,0
TXN002315,CUST00995,2025-07-22 09:18:19,Online Purchase,Entertainment,155.79,789.81,905.81,Yes,POS Terminal,India,13.1,75,Male,146,0,0
TXN002316,CUST01265,2025-07-22 09:21:48,POS Purchase,Fashion & Apparel,142.1,5361.66,5219.56,Yes,Web Browser,Canada,0.4,59,Other,127,0,0
TXN002317,CUST00243,2025-07-22 19:16:16,POS Purchase,Restaurants,288.33,1914.02,1625.69,No,Mobile App,Australia,13.6,21,Male,137,1,0
TXN002318,CUST00781,2025-07-23 13:21:30,Bill Payment,Online Services,85.75,1504.23,1418.48,N/A,Web Browser,Germany,7.1,56,Female,107,0,0
TXN002319,CUST00286,2025-07-23 14:55:29,ATM Withdrawal,Travel,35.6,30491.78,30456.18,No,POS Terminal,Canada,6.8,29,Female,140,0,0
TXN002320,CUST01253,2025-07-23 16:49:36,ATM Withdrawal,Fashion & Apparel,141.22,2196.98,2055.76,Yes,Mobile App,United Kingdom,1.5,48,Female,114,0,0
TXN002321,CUST00333,2025-07-24 00:26:17,Online Purchase,Online Services,343.0,3031.29,2688.29,No,POS Terminal,United States,5.7,85,Female,109,1,0
TXN002322,CUST00038,2025-07-24 05:37:54,ATM Withdrawal,Travel,1566.71,1252.89,-313.82,Yes,Mobile App,United Kingdom,41.0,23,Male,61,1,1
TXN002323,CUST00737,2025-07-24 16:23:11,ATM Withdrawal,Fashion & Apparel,43.4,6639.02,6595.62,Yes,POS Terminal,UAE,0.1,83,Female,35,0,0
TXN002324,CUST01012,2025-07-24 16:30:53,POS Purchase,Healthcare,73.53,1066.18,992.65,Yes,Mobile App,Australia,8.6,22,Female,55,0,0
TXN002325,CUST00684,2025-07-24 18:31:40,Online Purchase,Groceries,170.13,2030.64,1860.51,Yes,Mobile App,United States,25.9,81,Female,124,0,0
TXN002326,CUST00884,2025-07-25 18:40:51,ATM Withdrawal,Healthcare,50.24,14421.46,14371.22,Yes,Mobile App,Pakistan,16.0,78,Male,100,0,0
TXN002327,CUST00249,2025-07-25 20:37:50,POS Purchase,Online Services,56.33,1220.77,1484.77,Yes,Web Browser,Canada,27.6,35,Female,111,0,0
TXN002328,CUST01446,2025-07-26 17:44:51,Bank Transfer,Travel,105.59,10814.16,10708.57,N/A,Mobile App,United Kingdom,1.1,61,Male,101,0,0
TXN002329,CUST00051,2025-07-26 18:32:10,Wire Transfer,Groceries,176.18,2280.63,2104.45,N/A,ATM Machine,Pakistan,16.2,55,Male,63,0,0
TXN002330,CUST01173,2025-07-27 08:12:16,Online Purchase,Electronics,25.41,3091.86,3470.86,Yes,Mobile App,Canada,6.7,69,Male,14,0,0
TXN002331,CUST01186,2025-07-27 09:46:24,POS Purchase,Utilities,18.58,6214.43,6531.43,Yes,Web Browser,United Kingdom,4.5,34,Male,112,0,0
TXN002332,CUST01293,2025-07-27 11:46:37,ATM Withdrawal,Online Services,108.13,5962.96,5854.83,Yes,Web Browser,Pakistan,5.1,34,Male,15,0,0
TXN002333,CUST01376,2025-07-27 11:58:42,Online Purchase,Fashion & Apparel,157.54,10102.67,10329.67,Yes,Mobile App,Canada,9.0,59,Male,26,0,0
TXN002334,CUST00538,2025-07-27 18:30:17,POS Purchase,Restaurants,205.37,6991.98,6786.61,Yes,Web Browser,India,5.3,50,Female,3,0,0
TXN002335,CUST01297,2025-07-27 23:59:33,Bank Transfer,Electronics,76.8,2602.09,2525.29,N/A,Mobile App,United States,1.5,66,Female,137,0,0
TXN002336,CUST00501,2025-07-28 08:23:23,POS Purchase,Utilities,85.79,5701.89,5616.1,Yes,POS Terminal,United States,0.8,22,Male,71,0,0
TXN002337,CUST01418,2025-07-28 18:32:02,Bank Transfer,Travel,19.67,1755.54,1735.87,N/A,Web Browser,Germany,11.9,55,Male,100,0,0
TXN002338,CUST00001,2025-07-28 19:50:30,Wire Transfer,Travel,934.98,7201.17,6266.19,N/A,POS Terminal,Canada,90.3,45,Female,41,1,1
TXN002339,CUST00724,2025-07-28 21:56:39,POS Purchase,Online Services,43.57,19330.95,19287.38,No,Mobile App,Pakistan,6.8,22,Male,144,0,0
TXN002340,CUST01232,2025-07-28 23:49:35,POS Purchase,Entertainment,42.15,2855.82,2813.67,No,Web Browser,Canada,1.3,79,Male,99,0,0
TXN002341,CUST01225,2025-07-29 10:12:29,POS Purchase,Restaurants,44.59,6713.48,7048.48,Yes,POS Terminal,United Kingdom,22.9,74,Female,157,0,0
TXN002342,CUST01008,2025-07-29 16:47:12,Bill Payment,Healthcare,45.14,972.03,926.89,N/A,Mobile App,United Kingdom,20.3,81,Female,105,0,0
TXN002343,CUST01010,2025-07-29 17:50:36,POS Purchase,Travel,77.28,7711.93,7634.65,Yes,ATM Machine,Germany,28.3,62,Female,128,0,0
TXN002344,CUST00391,2025-07-29 20:50:40,Bank Transfer,Electronics,127.66,565.84,438.18,N/A,POS Terminal,India,32.9,75,Female,156,0,0
TXN002345,CUST00564,2025-07-29 21:31:04,Online Purchase,Home Improvement,210.36,2533.86,2323.5,Yes,Mobile App,Pakistan,19.8,60,Female,177,0,0
TXN002346,CUST00051,2025-07-29 23:40:38,POS Purchase,Electronics,852.45,4441.41,4887.41,No,Web Browser,United Kingdom,68.0,44,Male,2,1,1
TXN002347,CUST00590,2025-07-31 11:14:00,POS Purchase,Restaurants,55.75,6314.83,6259.08,Yes,POS Terminal,United States,33.1,85,Female,16,0,0
TXN002348,CUST00136,2025-07-31 16:46:49,ATM Withdrawal,Online Services,193.67,3426.8,3233.13,Yes,ATM Machine,Pakistan,30.3,27,Female,123,0,0
TXN002349,CUST00807,2025-08-01 12:44:11,POS Purchase,Groceries,153.94,3700.5,3546.56,Yes,Mobile App,India,6.6,68,Male,176,0,0
TXN002350,CUST00711,2025-08-01 18:56:15,ATM Withdrawal,Fashion & Apparel,63.77,1641.46,1577.69,Yes,POS Terminal,United States,2.2,18,Female,79,0,0
TXN002351,CUST01433,2025-08-01 19:46:27,POS Purchase,Groceries,172.18,427.56,255.38,Yes,POS Terminal,United Kingdom,1.5,76,Male,78,0,0
TXN002352,CUST00953,2025-08-02 07:44:55,Online Purchase,Groceries,43.48,1634.33,1750.33,Yes,Mobile App,Germany,1.5,51,Male,148,0,0
TXN002353,CUST01574,2025-08-02 13:34:39,POS Purchase,Electronics,34.1,10622.71,10588.61,Yes,Mobile App,United States,1.9,38,Male,139,0,0
TXN002354,CUST00693,2025-08-02 16:09:49,POS Purchase,Entertainment,138.46,1882.8,1744.34,Yes,Mobile App,Canada,10.7,53,Male,146,0,0
TXN002355,CUST01332,2025-08-02 17:26:25,POS Purchase,Restaurants,146.04,3588.16,3442.12,No,Web Browser,India,6.4,37,Female,2,0,0
TXN002356,CUST00156,2025-08-02 19:13:21,ATM Withdrawal,Travel,24.85,3852.52,3827.67,Yes,POS Terminal,United Kingdom,26.0,62,Male,128,0,0
TXN002357,CUST01022,2025-08-03 07:40:47,Online Purchase,Travel,114.68,7222.3,7107.62,Yes,ATM Machine,Germany,30.3,59,Male,159,0,0
TXN002358,CUST01084,2025-08-03 09:59:39,Online Purchase,Fashion & Apparel,8.17,10322.94,10314.77,Yes,POS Terminal,United States,0.7,20,Male,52,0,0
TXN002359,CUST00531,2025-08-03 10:45:32,Bill Payment,Fuel,155.72,12879.38,12723.66,N/A,Web Browser,Pakistan,1.3,27,Female,101,0,0
TXN002360,CUST01284,2025-08-03 17:00:30,Bill Payment,Utilities,150.02,15662.39,15512.37,N/A,POS Terminal,Pakistan,6.8,77,Male,137,0,0
TXN002361,CUST00771,2025-08-04 08:08:27,Bank Transfer,Restaurants,503.75,24487.63,23983.88,N/A,POS Terminal,Pakistan,1.8,32,Female,134,1,0
TXN002362,CUST01624,2025-08-04 09:15:12,Wire Transfer,Online Services,240.37,2451.88,2211.51,N/A,ATM Machine,United States,28.0,24,Female,75,0,0
TXN002363,CUST00151,2025-08-04 10:22:35,Online Purchase,Restaurants,81.22,709.24,1051.24,Yes,Web Browser,United Kingdom,19.4,48,Female,31,0,0
TXN002364,CUST00713,2025-08-04 15:14:00,ATM Withdrawal,Utilities,29.93,2184.05,2154.12,Yes,Mobile App,United States,2.0,38,Female,73,0,0
TXN002365,CUST00859,2025-08-04 16:09:25,POS Purchase,Restaurants,526.68,8573.99,8047.31,Yes,POS Terminal,United States,0.4,66,Male,97,0,0
TXN002366,CUST01727,2025-08-04 18:44:16,Online Purchase,Groceries,31.26,2708.57,2677.31,Yes,Mobile App,UAE,33.9,72,Female,22,0,0
TXN002367,CUST01385,2025-08-04 20:43:58,POS Purchase,Electronics,223.52,725.16,501.64,Yes,POS Terminal,United Kingdom,54.3,31,Other,113,0,0
TXN002368,CUST01339,2025-08-05 01:34:56,Online Purchase,Fuel,119.49,12967.5,12848.01,No,Mobile App,Pakistan,3.5,80,Female,75,0,0
TXN002369,CUST00239,2025-08-05 11:07:56,POS Purchase,Fashion & Apparel,55.76,25269.6,25213.84,Yes,POS Terminal,Pakistan,1.3,28,Female,110,0,0
TXN002370,CUST01512,2025-08-05 13:12:22,POS Purchase,Online Services,606.17,3004.31,3436.31,Yes,Web Browser,United Kingdom,6.0,79,Male,14,0,0
TXN002371,CUST00317,2025-08-05 13:27:13,ATM Withdrawal,Utilities,85.15,1850.25,1765.1,No,Mobile App,United States,2.9,70,Male,5,0,0
TXN002372,CUST00256,2025-08-05 20:27:08,ATM Withdrawal,Travel,108.6,10058.14,9949.54,No,Web Browser,UAE,6.7,68,Female,166,0,0
TXN002373,CUST01090,2025-08-06 10:06:55,Bank Transfer,Utilities,65.19,2808.57,2743.38,N/A,ATM Machine,Pakistan,9.7,57,Female,173,0,0
TXN002374,CUST00773,2025-08-06 12:40:06,ATM Withdrawal,Fashion & Apparel,63.94,3842.46,3778.52,Yes,Web Browser,United Kingdom,1.2,40,Female,56,0,0
TXN002375,CUST00687,2025-08-06 15:04:22,Online Purchase,Electronics,27.13,2746.22,2719.09,Yes,Mobile App,Canada,26.6,57,Male,159,0,0
TXN002376,CUST00420,2025-08-07 06:05:53,POS Purchase,Online Services,38.77,3092.55,3053.78,Yes,POS Terminal,India,7.0,61,Male,48,0,0
TXN002377,CUST01198,2025-08-07 07:56:55,Online Purchase,Electronics,40.81,8986.31,8945.5,No,ATM Machine,United Kingdom,18.5,39,Female,75,0,0
TXN002378,CUST00690,2025-08-07 09:58:22,Bill Payment,Electronics,80.32,8654.55,8574.23,N/A,Web Browser,Canada,2.6,19,Male,98,0,0
TXN002379,CUST00631,2025-08-07 14:30:58,Online Purchase,Fuel,188.87,2773.47,2584.6,No,Mobile App,United Kingdom,18.1,21,Male,123,0,0
TXN002380,CUST01128,2025-08-07 16:38:35,Online Purchase,Electronics,99.86,1598.67,1498.81,Yes,Web Browser,Canada,0.4,45,Male,10,0,0
TXN002381,CUST01564,2025-08-08 08:09:48,ATM Withdrawal,Fuel,35.16,2884.38,2849.22,Yes,POS Terminal,United States,3.6,82,Male,16,0,0
TXN002382,CUST00913,2025-08-08 08:19:06,POS Purchase,Groceries,30.55,42731.33,42700.78,Yes,ATM Machine,Australia,9.6,39,Female,110,0,0
TXN002383,CUST00707,2025-08-08 18:20:41,Online Purchase,Utilities,18.43,4196.44,4178.01,No,POS Terminal,United Kingdom,3.6,78,Female,95,0,0
TXN002384,CUST00930,2025-08-08 19:16:53,Bill Payment,Fuel,104.51,4228.1,4123.59,N/A,Web Browser,United Kingdom,66.7,63,Male,83,0,0
TXN002385,CUST00170,2025-08-08 20:46:45,Online Purchase,Entertainment,104.71,1548.55,1443.84,Yes,Web Browser,United Kingdom,3.5,39,Male,146,0,0
TXN002386,CUST00470,2025-08-09 15:50:52,Bank Transfer,Utilities,165.25,2675.12,2509.87,N/A,Mobile App,Pakistan,39.7,45,Female,125,0,0
TXN002387,CUST00156,2025-08-09 16:17:37,Online Purchase,Groceries,166.98,4505.28,4338.3,No,Web Browser,Canada,20.7,81,Male,160,0,0
TXN002388,CUST00904,2025-08-09 20:21:21,Bill Payment,Electronics,85.82,471.68,385.86,N/A,POS Terminal,Pakistan,33.7,30,Male,133,0,0
TXN002389,CUST00060,2025-08-09 22:40:22,Wire Transfer,Electronics,76.99,6672.26,6595.27,N/A,Mobile App,Germany,0.1,23,Male,93,0,0
TXN002390,CUST01689,2025-08-10 07:27:50,ATM Withdrawal,Travel,11.62,6249.74,6238.12,Yes,POS Terminal,Germany,2.1,27,Female,57,0,0
TXN002391,CUST00199,2025-08-10 08:29:50,POS Purchase,Groceries,68.04,7826.97,7932.97,No,Web Browser,United Kingdom,25.7,65,Female,52,0,0
TXN002392,CUST00428,2025-08-10 11:42:28,POS Purchase,Utilities,136.89,3166.05,3029.16,No,POS Terminal,United Kingdom,8.2,47,Female,39,0,0
TXN002393,CUST01586,2025-08-10 14:07:32,Online Purchase,Fuel,166.56,2071.87,1905.31,Yes,POS Terminal,United Kingdom,18.5,67,Female,180,0,0
TXN002394,CUST00573,2025-08-10 15:41:13,Bill Payment,Fuel,118.98,20712.66,20593.68,N/A,ATM Machine,Australia,11.6,41,Male,93,0,0
TXN002395,CUST00148,2025-08-10 17:53:10,POS Purchase,Utilities,31.06,4542.03,4510.97,Yes,Mobile App,Pakistan,5.8,27,Female,138,0,0
TXN002396,CUST01073,2025-08-10 20:04:50,POS Purchase,Utilities,95.88,11314.75,11218.87,No,Mobile App,Canada,14.8,81,Female,93,0,0
TXN002397,CUST00086,2025-08-11 08:28:32,POS Purchase,Online Services,96.0,3942.31,3846.31,Yes,ATM Machine,Germany,37.4,48,Female,94,0,0
TXN002398,CUST01309,2025-08-11 10:26:55,Online Purchase,Jewelry & Luxury,108.32,1241.31,1365.31,Yes,POS Terminal,Pakistan,15.6,24,Male,35,0,0
TXN002399,CUST01091,2025-08-11 16:04:09,Online Purchase,Fuel,81.16,2334.7,2253.54,Yes,POS Terminal,Germany,10.7,72,Female,129,0,0
TXN002400,CUST01582,2025-08-12 06:04:55,Online Purchase,Restaurants,129.4,2684.64,2687.64,No,Web Browser,United Kingdom,6.1,65,Male,77,0,0
TXN002401,CUST01176,2025-08-12 12:29:17,Bank Transfer,Fashion & Apparel,111.96,2364.56,2252.6,N/A,Mobile App,United Kingdom,3.4,58,Male,24,0,0
TXN002402,CUST00960,2025-08-12 19:21:06,Online Purchase,Electronics,15.26,5777.59,5762.33,No,Mobile App,United Kingdom,,83,Male,21,0,0
TXN002403,CUST00117,2025-08-13 06:33:07,Online Purchase,Fuel,19.21,1709.38,1690.17,Yes,POS Terminal,United States,2.1,29,Female,47,0,0
TXN002404,CUST01006,2025-08-13 09:18:40,ATM Withdrawal,Utilities,39.9,8603.47,8563.57,No,Mobile App,India,23.0,31,Female,164,0,0
TXN002405,CUST00934,2025-08-13 11:00:38,Online Purchase,Groceries,374.99,5557.14,6032.14,Yes,Mobile App,United States,14.6,70,Male,160,0,0
TXN002406,CUST01432,2025-08-13 11:24:34,Online Purchase,Electronics,63.46,4104.14,4040.68,Yes,Web Browser,United States,6.2,34,Female,152,0,0
TXN002407,CUST01340,2025-08-13 14:13:27,Online Purchase,Travel,38.98,4591.21,4552.23,Yes,POS Terminal,United Kingdom,10.0,47,Male,158,0,0
TXN002408,CUST00710,2025-08-13 15:29:09,POS Purchase,Groceries,42.62,11789.2,11746.58,Yes,Mobile App,United Kingdom,0.4,40,Female,128,0,0
TXN002409,CUST00302,2025-08-13 16:01:44,Online Purchase,Fashion & Apparel,146.39,1385.03,1238.64,Yes,Mobile App,Germany,4.1,84,Female,32,0,0
TXN002410,CUST00828,2025-08-13 16:05:23,POS Purchase,Travel,849.61,9597.23,8747.62,No,POS Terminal,India,0.6,84,Female,118,0,0
TXN002411,CUST01011,2025-08-13 17:03:04,POS Purchase,Groceries,194.71,16777.69,16582.98,No,POS Terminal,UAE,27.8,55,Female,16,0,0
TXN002412,CUST01244,2025-08-13 17:32:23,POS Purchase,Groceries,57.54,2781.52,2723.98,Yes,Mobile App,United Kingdom,2.2,80,Male,134,0,0
TXN002413,CUST00264,2025-08-14 08:28:58,POS Purchase,Groceries,734.52,27904.08,27995.08,No,ATM Machine,United States,4.3,84,Male,65,0,0
TXN002414,CUST01387,2025-08-14 09:11:47,Wire Transfer,Restaurants,95.04,3725.12,3630.08,N/A,Web Browser,India,18.5,69,Male,175,0,0
TXN002415,CUST00602,2025-08-14 14:59:30,Bank Transfer,Fashion & Apparel,52.24,844.96,792.72,N/A,Mobile App,Australia,1.4,18,Male,29,0,0
TXN002416,CUST01254,2025-08-15 10:53:29,ATM Withdrawal,Groceries,279.12,1749.21,1470.09,Yes,Web Browser,UAE,1.1,85,Male,160,1,0
TXN002417,CUST00864,2025-08-15 14:39:36,Bank Transfer,Utilities,129.53,1117.88,988.35,N/A,POS Terminal,India,17.2,25,Male,172,0,0
TXN002418,CUST01088,2025-08-15 19:25:12,Bank Transfer,Groceries,49.04,7176.36,7127.32,N/A,Mobile App,Germany,9.1,63,Female,106,0,0
TXN002419,CUST01484,2025-08-15 19:49:33,POS Purchase,Online Services,70.06,7580.44,7510.38,No,Mobile App,Pakistan,27.6,78,Female,25,0,0
TXN002420,CUST00061,2025-08-16 11:00:30,Online Purchase,Online Services,291.81,3739.33,3447.52,No,Web Browser,Germany,208.2,49,Female,15,3,1
TXN002421,CUST01720,2025-08-16 14:13:53,POS Purchase,Fuel,171.99,2528.75,2356.76,No,Mobile App,Australia,6.0,76,Female,67,0,0
TXN002422,CUST00060,2025-08-16 16:05:16,ATM Withdrawal,Utilities,96.4,3163.07,3066.67,Yes,Mobile App,Canada,11.5,68,Female,135,0,0
TXN002423,CUST01223,2025-08-16 19:29:58,Bank Transfer,Fuel,61.98,4509.63,4447.65,N/A,Mobile App,United Kingdom,10.8,72,Male,29,0,0
TXN002424,CUST00473,2025-08-16 22:52:48,Online Purchase,Groceries,226.1,2033.14,1807.04,No,Web Browser,Canada,13.8,42,Male,11,0,0
TXN002425,CUST00327,2025-08-17 07:12:07,Wire Transfer,Groceries,113.68,6976.58,6862.9,N/A,ATM Machine,Canada,24.3,66,Male,127,0,0
TXN002426,CUST00687,2025-08-17 14:41:32,Online Purchase,Utilities,130.27,16824.92,16694.65,No,Mobile App,Australia,,59,Male,4,0,0
TXN002427,CUST00892,2025-08-17 15:31:15,POS Purchase,Electronics,189.73,2668.31,2478.58,Yes,ATM Machine,United States,28.0,56,Female,26,0,0
TXN002428,CUST01003,2025-08-17 16:48:15,POS Purchase,Fashion & Apparel,317.26,1044.81,727.55,Yes,ATM Machine,Australia,0.9,36,Female,40,0,0
TXN002429,CUST01434,2025-08-17 18:41:15,Bank Transfer,Fuel,152.58,6359.98,6207.4,N/A,POS Terminal,Pakistan,23.4,18,Female,149,0,0
TXN002430,CUST01340,2025-08-17 20:39:59,Online Purchase,Home Improvement,335.89,4814.55,4478.66,No,ATM Machine,Pakistan,4.7,57,Male,106,0,0
TXN002431,CUST01332,2025-08-18 04:13:49,Online Purchase,Fuel,18.46,12135.75,12117.29,No,POS Terminal,Canada,4.0,34,Other,23,0,0
TXN002432,CUST00326,2025-08-18 17:21:45,Wire Transfer,Fashion & Apparel,139.9,7430.5,7290.6,N/A,POS Terminal,Pakistan,32.2,32,Female,170,0,0
TXN002433,CUST00924,2025-08-18 18:55:14,Online Purchase,Online Services,90.04,3529.77,3439.73,Yes,POS Terminal,United Kingdom,2.0,19,Other,81,0,0
TXN002434,CUST01028,2025-08-18 20:46:08,POS Purchase,Electronics,109.19,912.81,803.62,No,POS Terminal,United States,17.4,65,Male,69,0,0
TXN002435,CUST00020,2025-08-19 00:26:43,POS Purchase,Healthcare,18.04,1094.32,1076.28,Yes,Mobile App,Pakistan,7.0,39,Male,52,0,0
TXN002436,CUST00326,2025-08-19 08:16:09,ATM Withdrawal,Travel,237.53,12482.93,12245.4,Yes,Mobile App,Germany,52.9,46,Female,12,0,0
TXN002437,CUST00605,2025-08-19 08:52:14,Online Purchase,Travel,112.92,1153.01,1040.09,No,ATM Machine,United States,11.0,38,Female,106,0,0
TXN002438,CUST00522,2025-08-19 19:04:22,Online Purchase,Electronics,50.7,6912.1,6861.4,No,POS Terminal,Pakistan,25.2,79,Male,112,0,0
TXN002439,CUST00633,2025-08-19 19:55:05,Bill Payment,Healthcare,141.91,7353.59,7211.68,N/A,Mobile App,United Kingdom,6.1,78,Female,45,0,0
TXN002440,CUST01015,2025-08-19 20:54:44,Online Purchase,Groceries,119.98,4185.01,4065.03,No,POS Terminal,United Kingdom,10.5,79,Female,90,1,0
TXN002441,CUST00946,2025-08-20 11:55:17,POS Purchase,Utilities,54.73,3152.72,3097.99,Yes,Mobile App,Germany,29.5,77,Female,136,0,0
TXN002442,CUST00611,2025-08-20 13:53:07,POS Purchase,Utilities,64.32,800.57,736.25,Yes,Mobile App,Pakistan,2.9,39,Female,84,0,0
TXN002443,CUST00234,2025-08-20 17:59:11,Online Purchase,Restaurants,134.02,7037.0,6902.98,No,ATM Machine,United States,0.1,72,Male,159,0,0
TXN002444,CUST01702,2025-08-20 18:33:34,Bank Transfer,Groceries,35.57,1315.3,1279.73,N/A,POS Terminal,United Kingdom,4.2,81,Female,6,1,0
TXN002445,CUST00687,2025-08-20 19:16:29,POS Purchase,Travel,221.33,5811.97,5590.64,Yes,Mobile App,India,9.7,76,Male,68,0,0
TXN002446,CUST01578,2025-08-20 20:53:51,ATM Withdrawal,Fashion & Apparel,114.62,2948.46,2833.84,No,POS Terminal,Pakistan,18.0,65,Female,37,0,0
TXN002447,CUST01244,2025-08-21 11:05:27,Wire Transfer,Healthcare,71.76,7799.22,7727.46,N/A,POS Terminal,Germany,22.3,80,Female,42,0,0
TXN002448,CUST00203,2025-08-21 13:55:50,Bank Transfer,Healthcare,52.51,1320.23,1267.72,N/A,Mobile App,Canada,13.8,28,Male,131,0,0
TXN002449,CUST00791,2025-08-21 18:21:39,POS Purchase,Fashion & Apparel,411.69,3422.34,3010.65,No,Web Browser,United States,1.2,78,Other,26,0,0
TXN002450,CUST00038,2025-08-22 04:59:02,Online Purchase,Home Improvement,1004.06,882.92,-121.14,No,Web Browser,Pakistan,45.5,39,Male,21,1,1
TXN002451,CUST01348,2025-08-23 10:06:41,Bank Transfer,Online Services,165.07,3572.36,3407.29,N/A,Web Browser,Pakistan,35.8,63,Female,96,0,0
TXN002452,CUST00001,2025-08-23 13:58:50,Wire Transfer,Fashion & Apparel,93.46,1113.51,1020.05,N/A,Mobile App,Pakistan,8.9,63,Male,108,0,0
TXN002453,CUST00581,2025-08-23 14:59:27,POS Purchase,Groceries,136.75,5254.11,5117.36,Yes,POS Terminal,United Kingdom,17.2,18,Female,119,0,0
TXN002454,CUST00748,2025-08-23 20:31:06,ATM Withdrawal,Fuel,111.55,50569.92,50458.37,Yes,POS Terminal,United States,6.7,42,Female,153,0,0
TXN002455,CUST00121,2025-08-23 21:59:09,POS Purchase,Online Services,44.78,4379.28,4334.5,No,Mobile App,United Kingdom,0.8,45,Female,140,0,0
TXN002456,CUST00576,2025-08-24 10:47:58,Bank Transfer,Fuel,983.82,5238.48,4254.66,N/A,Web Browser,Canada,16.5,77,Female,153,0,0
TXN002457,CUST00153,2025-08-24 15:39:01,POS Purchase,Home Improvement,50.71,1690.64,1639.93,No,Mobile App,United States,10.5,80,Male,174,0,0
TXN002458,CUST00235,2025-08-24 17:07:20,POS Purchase,Fashion & Apparel,258.95,12261.56,12002.61,Yes,Web Browser,Germany,43.1,73,Female,122,0,0
TXN002459,CUST00871,2025-08-24 17:45:51,Online Purchase,Fuel,340.05,1318.84,978.79,Yes,Web Browser,Germany,11.8,59,Male,88,0,0
TXN002460,CUST01069,2025-08-25 11:43:44,POS Purchase,Groceries,151.28,13617.72,13466.44,No,Web Browser,Pakistan,43.4,25,Male,74,0,0
TXN002461,CUST00667,2025-08-25 12:40:59,Bill Payment,Fuel,75.96,2510.01,2434.05,N/A,POS Terminal,United States,32.7,34,Male,22,0,0
TXN002462,CUST01596,2025-08-25 18:30:17,ATM Withdrawal,Healthcare,91.24,6724.51,6633.27,No,Web Browser,United States,14.9,24,Female,137,0,0
TXN002463,CUST00446,2025-08-25 19:30:45,Online Purchase,Utilities,275.35,882.76,607.41,Yes,Web Browser,United Kingdom,33.5,77,Male,15,0,0
TXN002464,CUST00224,2025-08-26 08:54:37,POS Purchase,Utilities,67.34,721.56,654.22,Yes,POS Terminal,Pakistan,2.9,50,Other,62,0,0
TXN002465,CUST00615,2025-08-26 09:43:51,ATM Withdrawal,Groceries,255.39,9153.97,8898.58,No,Mobile App,United Kingdom,25.4,81,Male,56,0,0
TXN002466,CUST00021,2025-08-26 19:22:30,ATM Withdrawal,Electronics,113.08,5480.23,5367.15,Yes,Mobile App,UAE,0.7,79,Female,149,0,0
TXN002467,CUST01540,2025-08-26 20:24:47,Online Purchase,Online Services,149.46,1439.82,1290.36,No,Web Browser,Australia,18.5,48,Male,106,0,0
TXN002468,CUST00369,2025-08-27 12:06:52,Online Purchase,Home Improvement,223.16,1654.64,1431.48,No,Mobile App,Australia,4.3,71,Female,43,0,0
TXN002469,CUST01392,2025-08-27 13:46:54,POS Purchase,Online Services,97.53,893.03,795.5,No,Mobile App,Germany,6.4,45,Male,14,0,0
TXN002470,CUST00215,2025-08-27 20:20:02,Bank Transfer,Utilities,57.14,9987.23,9930.09,N/A,POS Terminal,United States,14.1,38,Female,15,0,0
TXN002471,CUST00433,2025-08-28 10:14:01,Online Purchase,Fashion & Apparel,146.99,1689.63,1801.63,Yes,Web Browser,Canada,12.9,29,Female,129,0,0
TXN002472,CUST01589,2025-08-28 13:02:07,Bank Transfer,Groceries,60.47,2997.93,2937.46,N/A,POS Terminal,United States,13.0,84,Female,158,0,0
TXN002473,CUST00780,2025-08-28 18:21:56,POS Purchase,Online Services,76.51,2250.2,2173.69,Yes,POS Terminal,United Kingdom,13.9,41,Female,129,0,0
TXN002474,CUST00705,2025-08-28 19:10:48,Online Purchase,Groceries,256.7,5817.92,5561.22,Yes,Mobile App,Pakistan,1.4,30,Female,178,0,0
TXN002475,CUST00950,2025-08-28 22:50:21,Bill Payment,Jewelry & Luxury,108.81,808.54,699.73,N/A,POS Terminal,United Kingdom,22.8,69,Female,54,1,0
TXN002476,CUST00010,2025-08-28 23:17:10,Bank Transfer,Restaurants,1920.91,1823.55,-97.36,N/A,Web Browser,United States,112.1,38,Female,44,1,1
TXN002477,CUST00145,2025-08-29 11:13:14,Online Purchase,Home Improvement,806.76,2747.52,2921.52,No,ATM Machine,Canada,13.2,18,Female,133,0,0
TXN002478,CUST01338,2025-08-29 12:04:53,Bank Transfer,Fuel,510.66,284.09,-226.57,N/A,POS Terminal,United States,1.0,33,Female,21,0,0
TXN002479,CUST00698,2025-08-29 14:46:05,Bank Transfer,Utilities,44.57,2358.9,2314.33,N/A,ATM Machine,Pakistan,8.2,81,Male,98,0,0
TXN002480,CUST00719,2025-08-29 15:07:03,ATM Withdrawal,Fashion & Apparel,62.05,2625.56,2563.51,No,POS Terminal,United Kingdom,28.0,67,Male,145,0,0
TXN002481,CUST00476,2025-08-30 14:06:11,Online Purchase,Electronics,11.96,7418.33,7406.37,Yes,POS Terminal,United States,0.0,41,Female,71,0,0
TXN002482,CUST00752,2025-08-30 19:38:40,ATM Withdrawal,Electronics,191.85,4588.54,4396.69,Yes,Web Browser,Pakistan,33.9,75,Male,71,0,0
TXN002483,CUST00702,2025-08-31 18:07:19,POS Purchase,Restaurants,172.34,1219.57,1527.57,No,Web Browser,United Kingdom,16.9,60,Female,163,0,0
TXN002484,CUST00011,2025-09-01 11:20:51,Online Purchase,Fashion & Apparel,317.36,2140.16,1822.8,No,Mobile App,United Kingdom,276.8,48,Female,14,0,1
TXN002485,CUST00233,2025-09-01 16:36:41,Bank Transfer,Electronics,57.69,1456.08,1398.39,N/A,Mobile App,United States,9.8,85,Male,137,0,0
TXN002486,CUST01582,2025-09-01 20:30:36,Online Purchase,Fashion & Apparel,232.43,3455.29,3222.86,No,POS Terminal,United Kingdom,1.2,71,Female,22,0,0
TXN002487,CUST01598,2025-09-01 23:41:47,Online Purchase,Online Services,38.93,19181.54,19142.61,No,ATM Machine,Germany,3.4,61,Female,136,0,0
TXN002488,CUST01273,2025-09-02 07:39:50,Online Purchase,Entertainment,55.92,2802.8,2746.88,No,Web Browser,United States,3.8,36,Female,125,0,0
TXN002489,CUST01301,2025-09-02 19:35:16,POS Purchase,Groceries,57.8,4135.02,4077.22,No,Mobile App,Pakistan,4.9,40,Male,25,0,0
TXN002490,CUST01068,2025-09-03 11:29:16,Online Purchase,Groceries,72.39,8480.45,8979.45,No,POS Terminal,Canada,21.7,51,Female,5,0,0
TXN002491,CUST01403,2025-09-03 14:22:06,Online Purchase,Fuel,286.18,3012.62,3279.62,No,POS Terminal,Australia,16.5,84,Female,58,1,0
TXN002492,CUST00745,2025-09-03 16:23:38,Bill Payment,Restaurants,94.22,4928.99,4834.77,N/A,Mobile App,Germany,14.9,38,Female,15,0,0
TXN002493,CUST01294,2025-09-04 09:38:28,Wire Transfer,Travel,79.31,59869.63,59790.32,N/A,ATM Machine,Canada,33.8,72,Male,15,0,0
TXN002494,CUST00845,2025-09-04 18:00:19,Online Purchase,Restaurants,39.24,9553.22,9513.98,No,Mobile App,Germany,11.1,34,Female,24,1,0
TXN002495,CUST01291,2025-09-04 19:46:24,ATM Withdrawal,Restaurants,156.3,1216.67,1060.37,Yes,Web Browser,Germany,38.3,83,Female,132,0,0
TXN002496,CUST00048,2025-09-04 22:12:51,Online Purchase,Electronics,1688.22,4595.88,2907.66,Yes,ATM Machine,United States,325.7,20,Female,72,0,1
TXN002497,CUST01465,2025-09-05 05:08:27,ATM Withdrawal,Restaurants,571.42,2360.61,1789.19,No,Mobile App,Canada,0.0,52,Female,174,0,0
TXN002498,CUST00844,2025-09-05 14:06:22,Bill Payment,Travel,125.96,24535.35,24409.39,N/A,POS Terminal,Pakistan,6.3,50,Male,159,0,0
TXN002499,CUST00629,2025-09-05 17:04:04,Online Purchase,Utilities,25.15,1968.3,1943.15,Yes,POS Terminal,United Kingdom,8.1,71,Female,158,0,0
TXN002500,CUST00732,2025-09-05 17:12:19,Online Purchase,Healthcare,60.7,1672.51,1611.81,No,Mobile App,Pakistan,21.0,82,Female,160,0,0
TXN002501,CUST00097,2025-09-05 23:59:29,POS Purchase,Healthcare,299.92,13619.05,14074.05,Yes,Mobile App,Canada,3.6,36,Male,152,0,0
TXN002502,CUST01248,2025-09-06 02:18:48,Online Purchase,Home Improvement,381.51,1423.14,1041.63,Yes,POS Terminal,United Kingdom,16.1,27,Female,101,0,0
TXN002503,CUST01267,2025-09-06 11:43:45,Bank Transfer,Healthcare,137.02,2081.38,1944.36,N/A,Mobile App,United Kingdom,20.0,77,Male,23,0,0
TXN002504,CUST01599,2025-09-06 12:29:55,Bank Transfer,Fuel,382.0,1704.12,1322.12,N/A,ATM Machine,United Kingdom,0.7,50,Male,95,0,0
TXN002505,CUST01060,2025-09-06 13:24:08,Bank Transfer,Utilities,267.3,31899.38,31632.08,N/A,Web Browser,Germany,20.3,50,Male,85,0,0
TXN002506,CUST00778,2025-09-06 21:06:02,Bill Payment,Restaurants,107.13,484.55,377.42,N/A,Mobile App,United States,2.1,84,Other,54,0,0
TXN002507,CUST01268,2025-09-07 14:40:32,Wire Transfer,Groceries,126.68,4917.49,4790.81,N/A,Mobile App,United Kingdom,6.9,75,Male,50,0,0
TXN002508,CUST00637,2025-09-07 19:58:01,POS Purchase,Fashion & Apparel,122.01,677.06,555.05,Yes,POS Terminal,United States,3.0,47,Female,99,0,0
TXN002509,CUST00338,2025-09-08 10:41:49,Online Purchase,Groceries,117.74,2443.99,2845.99,Yes,Web Browser,United Kingdom,17.4,40,Male,120,0,0
TXN002510,CUST00801,2025-09-08 10:55:14,POS Purchase,Fuel,180.4,4014.39,4303.39,No,Mobile App,United States,18.3,44,Male,124,0,0
TXN002511,CUST00602,2025-09-08 18:38:56,Bank Transfer,Online Services,626.19,3045.91,2419.72,N/A,POS Terminal,Pakistan,,48,Male,141,0,0
TXN002512,CUST01372,2025-09-09 09:33:31,POS Purchase,Restaurants,154.82,2507.78,2352.96,Yes,Mobile App,United Kingdom,20.2,58,Female,139,0,0
TXN002513,CUST01692,2025-09-09 09:49:15,Online Purchase,Electronics,94.87,4683.23,4588.36,No,POS Terminal,United Kingdom,5.5,52,Male,95,0,0
TXN002514,CUST00928,2025-09-09 10:21:01,POS Purchase,Entertainment,60.12,4564.2,4818.2,No,POS Terminal,Germany,1.9,56,Female,136,0,0
TXN002515,CUST01100,2025-09-09 12:56:25,POS Purchase,Fuel,146.34,1916.63,1770.29,No,Mobile App,United States,4.9,32,Male,96,0,0
TXN002516,CUST01550,2025-09-09 16:01:40,Bill Payment,Fuel,153.44,682.02,528.58,N/A,Mobile App,Canada,2.7,45,Female,169,0,0
TXN002517,CUST01196,2025-09-09 17:16:05,ATM Withdrawal,Healthcare,339.85,3760.88,3421.03,No,POS Terminal,Canada,19.3,66,Male,133,0,0
TXN002518,CUST00040,2025-09-09 21:58:56,Online Purchase,Online Services,2866.22,4284.12,1417.9,No,Web Browser,United Kingdom,37.1,19,Male,3,0,1
TXN002519,CUST00125,2025-09-10 12:40:53,Bill Payment,Fuel,73.16,7062.58,6989.42,N/A,Mobile App,Pakistan,5.9,39,Male,59,0,0
TXN002520,CUST00302,2025-09-10 16:29:32,Wire Transfer,Groceries,18.23,2123.14,2104.91,N/A,POS Terminal,Pakistan,16.7,29,Male,36,0,0
TXN002521,CUST01427,2025-09-11 20:15:23,POS Purchase,Healthcare,417.18,2451.3,2034.12,Yes,Mobile App,United Kingdom,11.0,25,Male,141,0,0
TXN002522,CUST00435,2025-09-11 20:32:18,Online Purchase,Online Services,136.5,652.39,515.89,No,Mobile App,Germany,0.7,79,Female,104,0,0
TXN002523,CUST01169,2025-09-12 10:20:49,ATM Withdrawal,Travel,21.25,1887.08,1865.83,Yes,Mobile App,United States,86.9,71,Other,84,0,0
TXN002524,CUST01106,2025-09-12 15:39:37,POS Purchase,Restaurants,35.66,1788.91,1753.25,No,Web Browser,UAE,4.4,64,Female,173,0,0
TXN002525,CUST01387,2025-09-13 11:30:50,POS Purchase,Fuel,83.82,14104.95,14021.13,Yes,Web Browser,United Kingdom,18.4,60,Female,30,0,0
TXN002526,CUST00869,2025-09-13 14:34:58,Online Purchase,Fuel,237.23,4912.92,4675.69,No,POS Terminal,Pakistan,8.4,46,Other,5,0,0
TXN002527,CUST00642,2025-09-13 16:19:16,Online Purchase,Groceries,30.27,2214.63,2184.36,Yes,Web Browser,United Kingdom,12.1,46,Female,13,0,0
TXN002528,CUST00989,2025-09-14 06:35:28,ATM Withdrawal,Groceries,231.58,8855.18,8623.6,No,Mobile App,United Kingdom,3.9,76,Male,2,0,0
TXN002529,CUST00051,2025-09-14 19:38:15,ATM Withdrawal,Jewelry & Luxury,214.67,9704.13,9489.46,No,POS Terminal,United States,131.5,30,Other,27,0,1
TXN002530,CUST00660,2025-09-15 06:33:58,Bill Payment,Healthcare,226.48,3987.46,3760.98,N/A,Web Browser,Australia,40.6,62,Male,30,0,0
TXN002531,CUST00080,2025-09-15 16:50:57,Bill Payment,Travel,732.92,4727.63,3994.71,N/A,Web Browser,United States,2.2,21,Male,66,0,0
TXN002532,CUST00617,2025-09-16 08:14:26,Bill Payment,Fashion & Apparel,99.09,3433.04,3333.95,N/A,Web Browser,United Kingdom,3.2,48,Male,139,0,0
TXN002533,CUST00403,2025-09-16 09:39:09,Online Purchase,Home Improvement,51.6,7411.9,7360.3,Yes,ATM Machine,Germany,26.0,47,Female,78,0,0
TXN002534,CUST01422,2025-09-16 09:39:52,POS Purchase,Fashion & Apparel,52.98,2720.76,3192.76,No,Web Browser,United States,7.4,81,Female,6,0,0
TXN002535,CUST00444,2025-09-16 14:10:10,Online Purchase,Utilities,260.22,17632.34,17372.12,Yes,Mobile App,Germany,2.4,27,Male,93,0,0
TXN002536,CUST01718,2025-09-16 20:09:02,Online Purchase,Healthcare,424.87,7294.13,6869.26,Yes,ATM Machine,UAE,6.1,75,Male,172,0,0
TXN002537,CUST00584,2025-09-16 20:52:49,Online Purchase,Entertainment,114.43,5779.07,5664.64,Yes,Mobile App,Canada,0.1,52,Male,99,0,0
TXN002538,CUST00737,2025-09-18 12:41:50,POS Purchase,Restaurants,70.11,1106.31,1036.2,No,Mobile App,Pakistan,63.1,18,Female,26,0,0
TXN002539,CUST00945,2025-09-19 12:14:59,POS Purchase,Groceries,76.17,1535.44,1459.27,No,Web Browser,United States,13.2,39,Female,106,0,0
TXN002540,CUST00019,2025-09-19 14:27:29,Wire Transfer,Electronics,282.06,2915.88,2633.82,N/A,Web Browser,United Kingdom,3.8,60,Male,43,0,0
TXN002541,CUST00726,2025-09-19 16:08:21,POS Purchase,Healthcare,146.54,493.57,347.03,No,ATM Machine,Pakistan,11.8,71,Female,144,0,0
TXN002542,CUST01135,2025-09-19 17:25:19,Online Purchase,Online Services,151.55,2360.49,2208.94,Yes,Mobile App,Canada,24.8,74,Female,10,0,0
TXN002543,CUST00660,2025-09-19 17:46:07,ATM Withdrawal,Entertainment,44.93,1235.19,1190.26,No,Web Browser,United Kingdom,8.1,21,Female,15,0,0
TXN002544,CUST01287,2025-09-19 20:50:22,Wire Transfer,Groceries,110.61,854.74,744.13,N/A,POS Terminal,United Kingdom,11.5,63,Male,54,0,0
TXN002545,CUST00495,2025-09-20 06:25:08,POS Purchase,Groceries,132.7,10291.03,10158.33,Yes,POS Terminal,UAE,14.5,42,Other,176,0,0
TXN002546,CUST00767,2025-09-20 13:51:19,Wire Transfer,Electronics,82.25,4039.7,3957.45,N/A,Web Browser,United Kingdom,1.1,71,Female,96,0,0
TXN002547,CUST00965,2025-09-20 15:17:12,Online Purchase,Restaurants,312.5,1824.76,1512.26,No,Web Browser,United Kingdom,22.8,39,Other,88,0,0
TXN002548,CUST00202,2025-09-21 09:15:21,POS Purchase,Healthcare,162.15,7343.63,7181.48,No,POS Terminal,United Kingdom,5.2,65,Female,79,0,0
TXN002549,CUST01191,2025-09-21 10:50:31,POS Purchase,Online Services,62.57,1807.17,1744.6,No,Mobile App,India,2.1,64,Female,107,0,0
TXN002550,CUST00181,2025-09-21 18:47:14,Online Purchase,Restaurants,42.66,9994.47,10362.47,No,Web Browser,United States,8.6,71,Male,3,0,0
TXN002551,CUST00360,2025-09-22 09:43:53,Bill Payment,Fuel,72.02,5705.75,5633.73,N/A,Web Browser,United Kingdom,13.3,38,Female,97,0,0
TXN002552,CUST00009,2025-09-22 12:16:06,POS Purchase,Groceries,314.02,585.75,271.73,No,Web Browser,United States,9.9,68,Male,160,0,0
TXN002553,CUST00593,2025-09-22 13:04:11,Online Purchase,Electronics,131.05,11514.87,11707.87,Yes,Web Browser,Pakistan,12.3,61,Male,80,0,0
TXN002554,CUST00493,2025-09-22 13:43:38,POS Purchase,Fuel,153.67,2222.13,2068.46,Yes,POS Terminal,United States,0.1,33,Male,114,0,0
TXN002555,CUST01487,2025-09-22 16:15:04,Online Purchase,Home Improvement,201.08,1027.18,826.1,Yes,Mobile App,Germany,5.0,64,Male,33,0,0
TXN002556,CUST00416,2025-09-22 20:24:05,Wire Transfer,Online Services,1488.75,2523.07,1034.32,N/A,POS Terminal,United States,2.4,61,Female,133,0,0
TXN002557,CUST01555,2025-09-22 23:30:42,Online Purchase,Fashion & Apparel,37.83,2567.34,2529.51,No,Web Browser,Canada,9.9,66,Female,39,0,0
TXN002558,CUST00205,2025-09-23 09:26:45,POS Purchase,Home Improvement,104.9,9178.84,9073.94,Yes,ATM Machine,Germany,24.4,84,Male,149,0,0
TXN002559,CUST01143,2025-09-23 12:02:43,POS Purchase,Electronics,110.65,7043.57,6932.92,No,Mobile App,United States,10.3,34,Male,121,0,0
TXN002560,CUST00038,2025-09-23 19:20:33,Online Purchase,Electronics,644.87,1749.93,1105.06,No,Web Browser,United Kingdom,325.1,82,Female,29,1,1
TXN002561,CUST00347,2025-09-24 09:18:40,ATM Withdrawal,Fashion & Apparel,175.45,9271.78,9096.33,No,Web Browser,UAE,4.4,82,Female,5,0,0
TXN002562,CUST01347,2025-09-24 11:32:46,Online Purchase,Fashion & Apparel,58.9,1191.14,1132.24,Yes,Web Browser,Pakistan,38.5,26,Male,1,0,0
TXN002563,CUST00517,2025-09-24 14:50:52,Bank Transfer,Restaurants,207.61,11024.71,10817.1,N/A,POS Terminal,Pakistan,2.0,21,Female,162,0,0
TXN002564,CUST00967,2025-09-25 03:44:00,Online Purchase,Healthcare,280.53,2568.55,2288.02,Yes,Web Browser,United States,2.0,47,Female,136,0,0
TXN002565,CUST00762,2025-09-25 07:29:48,POS Purchase,Online Services,326.45,3759.54,3433.09,No,Web Browser,UAE,23.4,74,Other,64,0,0
TXN002566,CUST00304,2025-09-25 08:05:38,POS Purchase,Entertainment,31.06,5521.27,5655.27,No,POS Terminal,Pakistan,4.0,74,Female,127,0,0
TXN002567,CUST00206,2025-09-25 10:50:34,Online Purchase,Online Services,256.93,1914.7,1657.77,Yes,Web Browser,United Kingdom,6.2,40,Male,175,0,0
TXN002568,CUST01259,2025-09-25 13:28:27,Bill Payment,Electronics,329.19,14722.85,14393.66,N/A,Web Browser,United Kingdom,6.6,38,Male,115,0,0
TXN002569,CUST00207,2025-09-25 13:43:37,Bank Transfer,Home Improvement,131.66,1900.53,1768.87,N/A,Mobile App,Pakistan,28.9,81,Male,47,0,0
TXN002570,CUST00222,2025-09-25 17:59:37,ATM Withdrawal,Healthcare,41.29,1239.61,1198.32,Yes,Mobile App,Pakistan,13.6,21,Female,143,0,0
TXN002571,CUST00101,2025-09-25 23:44:42,POS Purchase,Fuel,55.07,1771.73,1716.66,No,Mobile App,United States,4.5,26,Male,177,0,0
TXN002572,CUST01019,2025-09-26 00:40:55,Online Purchase,Restaurants,577.91,2374.69,1796.78,No,Mobile App,United Kingdom,10.8,26,Female,123,0,0
TXN002573,CUST00003,2025-09-26 04:19:44,Online Purchase,Jewelry & Luxury,369.06,663.83,294.77,No,Web Browser,Germany,101.8,45,Female,79,3,1
TXN002574,CUST00177,2025-09-26 10:51:31,Wire Transfer,Online Services,104.82,40844.28,40739.46,N/A,Mobile App,Canada,4.5,31,Male,79,0,0
TXN002575,CUST01004,2025-09-26 11:05:20,Online Purchase,Healthcare,167.7,4291.28,4123.58,No,Web Browser,United States,13.1,29,Male,61,0,0
TXN002576,CUST00804,2025-09-26 12:09:54,ATM Withdrawal,Groceries,170.27,3887.46,3717.19,Yes,POS Terminal,Canada,1.2,69,Male,83,0,0
TXN002577,CUST00605,2025-09-26 15:32:27,Bank Transfer,Groceries,497.72,10213.36,9715.64,N/A,Web Browser,United States,0.5,52,Male,145,0,0
TXN002578,CUST00354,2025-09-26 17:29:27,Online Purchase,Travel,63.79,5401.95,5338.16,Yes,POS Terminal,United States,3.1,61,Male,33,0,0
TXN002579,CUST00871,2025-09-27 19:58:29,Online Purchase,Groceries,100.59,1134.55,1033.96,Yes,ATM Machine,Canada,33.3,23,Male,65,0,0
TXN002580,CUST01733,2025-09-28 14:06:53,ATM Withdrawal,Travel,184.48,1307.52,1123.04,Yes,ATM Machine,United States,9.8,47,Female,75,0,0
TXN002581,CUST00953,2025-09-28 18:16:27,Online Purchase,Entertainment,110.08,10244.29,10134.21,Yes,Mobile App,Canada,2.1,47,Female,180,0,0
TXN002582,CUST01057,2025-09-28 19:58:55,POS Purchase,Utilities,67.8,2091.47,2023.67,No,Web Browser,Canada,4.1,53,Male,108,0,0
TXN002583,CUST00931,2025-09-29 00:04:23,Online Purchase,Groceries,177.25,645.34,468.09,Yes,POS Terminal,Canada,0.8,52,Male,153,0,0
TXN002584,CUST00275,2025-09-29 02:01:59,ATM Withdrawal,Utilities,250.1,524.58,274.48,No,POS Terminal,Germany,2.0,21,Female,10,0,0
TXN002585,CUST00194,2025-09-29 06:07:06,Online Purchase,Healthcare,41.8,3356.71,3314.91,No,Web Browser,India,25.4,72,Female,141,0,0
TXN002586,CUST00089,2025-09-29 08:02:36,Online Purchase,Healthcare,51.27,8835.87,9168.87,No,POS Terminal,Pakistan,12.1,32,Male,34,0,0
TXN002587,CUST00140,2025-09-29 14:33:35,Bill Payment,Healthcare,53.61,1222.94,1169.33,N/A,Web Browser,United States,11.4,70,Female,14,0,0
TXN002588,CUST01447,2025-09-29 15:37:30,POS Purchase,Online Services,139.37,3715.92,3576.55,Yes,POS Terminal,United States,16.4,18,Female,65,0,0
TXN002589,CUST00910,2025-09-29 19:37:03,Online Purchase,Groceries,57.45,10807.04,10749.59,No,Mobile App,India,25.7,24,Female,52,0,0
TXN002590,CUST00513,2025-09-29 19:37:11,POS Purchase,Healthcare,275.44,8591.34,8315.9,No,Web Browser,Pakistan,1.6,57,Female,52,0,0
TXN002591,CUST01182,2025-09-30 12:31:25,POS Purchase,Fashion & Apparel,79.38,3185.58,3106.2,No,ATM Machine,United States,8.0,50,Male,135,0,0
TXN002592,CUST00485,2025-09-30 14:58:01,Bill Payment,Groceries,229.01,22987.07,22758.06,N/A,Web Browser,United Kingdom,42.4,21,Female,104,0,0
TXN002593,CUST01568,2025-09-30 21:08:55,Online Purchase,Fashion & Apparel,103.62,15905.89,15802.27,No,POS Terminal,United Kingdom,10.2,69,Female,70,0,0
TXN002594,CUST00508,2025-09-30 23:07:28,Online Purchase,Fashion & Apparel,34.77,2918.15,3298.15,No,Mobile App,India,4.9,62,Male,109,0,0
TXN002595,CUST00043,2025-10-01 12:25:08,Bank Transfer,Travel,580.36,2624.73,2044.37,N/A,Web Browser,United Kingdom,85.1,42,Female,23,0,1
TXN002596,CUST00816,2025-10-01 15:34:44,POS Purchase,Fashion & Apparel,20.22,8909.15,8888.93,Yes,ATM Machine,United States,12.4,73,Female,70,0,0
TXN002597,CUST00894,2025-10-02 08:00:58,POS Purchase,Restaurants,111.43,3540.39,3602.39,Yes,Web Browser,Pakistan,11.4,75,Female,101,0,0
TXN002598,CUST01127,2025-10-02 12:18:56,POS Purchase,Online Services,147.83,2764.1,2616.27,Yes,POS Terminal,Canada,37.5,42,Male,53,0,0
TXN002599,CUST00178,2025-10-02 16:28:29,Online Purchase,Utilities,43.31,7036.55,7472.55,Yes,Mobile App,United Kingdom,13.8,57,Male,135,0,0
TXN002600,CUST00021,2025-10-03 08:09:12,Online Purchase,Fuel,85.67,16676.29,16590.62,Yes,Mobile App,United Kingdom,6.0,20,Male,121,0,0
TXN002601,CUST00792,2025-10-03 11:42:02,ATM Withdrawal,Groceries,66.82,3467.22,3400.4,No,POS Terminal,Germany,1.5,53,Male,147,0,0
TXN002602,CUST00127,2025-10-03 18:19:19,POS Purchase,Jewelry & Luxury,79.64,2149.69,2625.69,Yes,Mobile App,United Kingdom,13.2,31,Female,4,0,0
TXN002603,CUST00863,2025-10-03 19:31:04,Bill Payment,Healthcare,56.65,953.55,896.9,N/A,POS Terminal,United States,31.2,85,Female,179,0,0
TXN002604,CUST00504,2025-10-04 08:36:53,Online Purchase,Travel,123.33,760.22,636.89,Yes,POS Terminal,United States,4.5,52,Male,47,0,0
TXN002605,CUST00569,2025-10-04 09:57:48,Online Purchase,Electronics,100.42,809.53,709.11,Yes,Web Browser,United Kingdom,0.6,43,Female,132,0,0
TXN002606,CUST00182,2025-10-04 11:03:40,POS Purchase,Groceries,290.57,1157.45,866.88,Yes,POS Terminal,Germany,2.9,38,Female,117,0,0
TXN002607,CUST01064,2025-10-04 13:15:25,POS Purchase,Online Services,1168.9,2713.52,1544.62,No,Web Browser,Germany,41.0,37,Female,78,0,0
TXN002608,CUST01564,2025-10-04 20:18:03,Online Purchase,Fashion & Apparel,119.66,6768.66,6649.0,Yes,Web Browser,Pakistan,18.3,50,Male,141,0,0
TXN002609,CUST00952,2025-10-04 23:34:55,Bank Transfer,Groceries,539.86,1187.43,647.57,N/A,ATM Machine,India,1.2,19,Other,51,0,0
TXN002610,CUST01542,2025-10-05 11:29:41,Bill Payment,Fuel,377.71,2718.21,2340.5,N/A,Web Browser,Germany,6.5,32,Female,27,0,0
TXN002611,CUST00430,2025-10-06 05:40:04,Online Purchase,Online Services,111.59,21062.91,20951.32,No,Web Browser,United Kingdom,20.0,73,Male,115,0,0
TXN002612,CUST01704,2025-10-06 14:15:07,Bank Transfer,Healthcare,70.25,8405.27,8335.02,N/A,Mobile App,UAE,6.7,34,Female,2,0,0
TXN002613,CUST00076,2025-10-06 14:36:00,Online Purchase,Groceries,371.59,2516.12,2144.53,No,Mobile App,Australia,22.1,85,Male,47,0,0
TXN002614,CUST00947,2025-10-07 08:35:39,Online Purchase,Utilities,154.91,5234.52,5079.61,Yes,Web Browser,United States,11.0,79,Male,25,0,0
TXN002615,CUST01290,2025-10-07 08:54:07,Bank Transfer,Entertainment,16.48,8856.91,8840.43,N/A,Web Browser,Pakistan,7.1,25,Male,62,0,0
TXN002616,CUST01448,2025-10-07 13:35:15,POS Purchase,Healthcare,90.83,6940.07,6849.24,Yes,POS Terminal,United Kingdom,8.5,25,Female,174,0,0
TXN002617,CUST01687,2025-10-07 18:34:09,Online Purchase,Entertainment,76.36,999.64,923.28,Yes,Web Browser,Germany,16.7,71,Male,21,0,0
TXN002618,CUST00097,2025-10-08 08:45:31,ATM Withdrawal,Utilities,839.52,7449.39,6609.87,Yes,Mobile App,Germany,0.9,71,Male,109,0,0
TXN002619,CUST00219,2025-10-08 09:42:56,Bill Payment,Fuel,226.42,7496.53,7270.11,N/A,Mobile App,Germany,25.4,70,Male,159,0,0
TXN002620,CUST01042,2025-10-08 10:15:00,POS Purchase,Fuel,63.16,1699.37,1636.21,Yes,Mobile App,United States,2.0,52,Female,35,0,0
TXN002621,CUST00799,2025-10-08 11:24:56,POS Purchase,Fuel,29.66,496.45,466.79,No,ATM Machine,UAE,24.9,34,Female,44,0,0
TXN002622,CUST00069,2025-10-08 14:42:45,Bank Transfer,Entertainment,72.87,2318.33,2245.46,N/A,Mobile App,United Kingdom,8.3,33,Male,147,0,0
TXN002623,CUST00693,2025-10-09 15:20:54,Bank Transfer,Fuel,47.7,4554.44,4506.74,N/A,Web Browser,United States,8.8,36,Male,132,0,0
TXN002624,CUST01297,2025-10-09 15:21:09,Online Purchase,Groceries,56.31,5262.67,5206.36,Yes,Mobile App,United Kingdom,13.8,80,Female,35,0,0
TXN002625,CUST01337,2025-10-09 16:06:38,Online Purchase,Restaurants,31.06,1011.82,980.76,Yes,Mobile App,Pakistan,5.4,31,Male,92,0,0
TXN002626,CUST00047,2025-10-10 01:22:40,Online Purchase,Jewelry & Luxury,1131.94,8798.11,7666.17,Yes,Mobile App,Pakistan,4.8,80,Male,27,0,1
TXN002627,CUST00264,2025-10-10 08:24:46,Online Purchase,Groceries,210.77,8152.46,7941.69,No,ATM Machine,United States,4.1,70,Female,59,0,0
TXN002628,CUST01485,2025-10-10 10:14:24,Bank Transfer,Fashion & Apparel,100.78,2906.04,2805.26,N/A,POS Terminal,United Kingdom,16.0,47,Male,14,0,0
TXN002629,CUST00831,2025-10-10 10:49:37,ATM Withdrawal,Online Services,203.64,8599.47,8395.83,Yes,POS Terminal,United Kingdom,11.8,83,Male,134,0,0
TXN002630,CUST01719,2025-10-10 12:55:19,Online Purchase,Restaurants,61.58,1982.1,1920.52,No,Web Browser,Germany,2.3,69,Female,129,0,0
TXN002631,CUST00868,2025-10-11 10:26:24,Wire Transfer,Utilities,33.0,10233.3,10200.3,N/A,POS Terminal,United States,42.8,75,Male,50,0,0
TXN002632,CUST00608,2025-10-12 16:17:52,Bill Payment,Groceries,37.98,2163.78,2125.8,N/A,Mobile App,Pakistan,14.9,59,Male,137,0,0
TXN002633,CUST00707,2025-10-12 18:47:51,Online Purchase,Online Services,71.59,2954.99,2883.4,Yes,ATM Machine,Pakistan,21.4,33,Male,54,0,0
TXN002634,CUST01459,2025-10-12 21:06:17,Wire Transfer,Fuel,478.97,2370.11,1891.14,N/A,POS Terminal,Australia,23.0,73,Female,142,0,0
TXN002635,CUST01303,2025-10-13 11:57:22,ATM Withdrawal,Utilities,55.87,4315.09,4259.22,No,Mobile App,United States,7.4,44,Female,81,0,0
TXN002636,CUST00918,2025-10-13 14:17:19,Wire Transfer,Home Improvement,138.68,3447.77,3309.09,N/A,POS Terminal,United States,7.4,72,Male,13,0,0
TXN002637,CUST00382,2025-10-13 14:37:09,POS Purchase,Healthcare,30.01,12242.25,12212.24,No,Web Browser,United Kingdom,5.3,46,Female,23,0,0
TXN002638,CUST01005,2025-10-13 18:59:55,Online Purchase,Utilities,96.04,7336.87,7240.83,No,Mobile App,Canada,3.4,29,Male,170,0,0
TXN002639,CUST00221,2025-10-13 19:31:37,POS Purchase,Online Services,35.93,1072.93,1237.93,No,Mobile App,Pakistan,4.3,63,Male,136,0,0
TXN002640,CUST00408,2025-10-14 13:05:21,ATM Withdrawal,Online Services,103.39,5722.47,5619.08,No,Web Browser,UAE,5.9,20,Female,146,0,0
TXN002641,CUST00694,2025-10-14 14:53:08,Online Purchase,Fuel,80.35,2246.23,2165.88,Yes,Web Browser,Germany,7.5,73,Male,87,0,0
TXN002642,CUST00788,2025-10-14 18:13:24,Bank Transfer,Travel,152.19,1778.13,1625.94,N/A,POS Terminal,India,8.6,50,Male,100,0,0
TXN002643,CUST00471,2025-10-14 18:32:56,ATM Withdrawal,Restaurants,177.8,4905.0,4727.2,No,POS Terminal,United Kingdom,13.6,57,Male,61,0,0
TXN002644,CUST00701,2025-10-14 19:11:56,Online Purchase,Restaurants,234.61,3025.31,2790.7,Yes,Mobile App,Canada,8.5,70,Female,39,0,0
TXN002645,CUST00447,2025-10-14 19:42:04,POS Purchase,Groceries,429.28,1435.26,1005.98,Yes,Web Browser,Australia,46.1,74,Male,4,0,0
TXN002646,CUST01663,2025-10-14 21:05:15,POS Purchase,Online Services,122.12,3177.86,3055.74,Yes,Mobile App,Pakistan,11.3,54,Female,132,0,0
TXN002647,CUST00618,2025-10-15 00:09:48,Bill Payment,Fuel,266.9,1069.89,802.99,N/A,Mobile App,United Kingdom,7.6,65,Female,82,0,0
TXN002648,CUST00228,2025-10-15 07:43:42,Online Purchase,Electronics,42.0,2677.75,2691.75,No,Web Browser,Pakistan,0.9,79,Male,166,0,0
TXN002649,CUST01303,2025-10-15 08:04:30,Online Purchase,Entertainment,406.06,9805.75,9399.69,No,Web Browser,United Kingdom,3.6,22,Male,55,0,0
TXN002650,CUST01391,2025-10-15 08:26:37,Online Purchase,Groceries,61.19,6663.09,6601.9,Yes,POS Terminal,UAE,43.0,74,Female,149,0,0
TXN002651,CUST00825,2025-10-15 09:32:46,POS Purchase,Fuel,308.88,4617.2,4958.2,Yes,Mobile App,Pakistan,3.1,36,Male,116,0,0
TXN002652,CUST01494,2025-10-15 13:05:18,POS Purchase,Restaurants,303.04,7102.02,6798.98,No,Web Browser,United States,38.0,75,Male,26,0,0
TXN002653,CUST00219,2025-10-15 14:01:25,Bill Payment,Restaurants,250.15,1665.25,1415.1,N/A,Mobile App,Australia,15.9,78,Male,128,1,0
TXN002654,CUST00114,2025-10-15 14:13:16,POS Purchase,Electronics,338.97,4062.93,3723.96,Yes,POS Terminal,Australia,30.7,26,Male,16,0,0
TXN002655,CUST00060,2025-10-15 17:14:23,Wire Transfer,Electronics,663.1,1493.32,830.22,N/A,Web Browser,United Kingdom,297.4,84,Female,19,2,1
TXN002656,CUST00015,2025-10-15 18:49:34,Online Purchase,Fuel,954.83,3845.28,2890.45,Yes,Web Browser,UAE,4.5,40,Female,29,0,0
TXN002657,CUST00268,2025-10-15 21:18:03,Bill Payment,Entertainment,398.06,4570.83,4172.77,N/A,Web Browser,UAE,0.5,85,Male,127,0,0
TXN002658,CUST01580,2025-10-16 14:42:36,Bank Transfer,Online Services,43.92,1050.85,1006.93,N/A,POS Terminal,Germany,7.2,43,Male,30,0,0
TXN002659,CUST01314,2025-10-16 18:39:57,ATM Withdrawal,Restaurants,758.23,44082.66,43324.43,No,Mobile App,United States,6.0,43,Female,76,0,0
TXN002660,CUST00724,2025-10-17 12:27:02,ATM Withdrawal,Healthcare,349.06,6161.24,5812.18,Yes,Web Browser,Germany,13.6,56,Female,126,0,0
TXN002661,CUST01104,2025-10-18 04:45:49,Online Purchase,Restaurants,61.81,4048.27,4122.27,Yes,Web Browser,United Kingdom,6.6,18,Male,66,0,0
TXN002662,CUST01730,2025-10-18 07:50:47,Bank Transfer,Groceries,142.57,2232.37,2089.8,N/A,Mobile App,Germany,13.6,64,Male,104,0,0
TXN002663,CUST00384,2025-10-18 15:16:47,POS Purchase,Entertainment,836.98,1799.87,962.89,Yes,Mobile App,United Kingdom,7.9,30,Male,166,0,0
TXN002664,CUST01701,2025-10-18 17:21:12,ATM Withdrawal,Utilities,40.63,1065.57,1024.94,Yes,Mobile App,United Kingdom,4.4,21,Male,143,0,0
TXN002665,CUST00371,2025-10-18 22:00:25,POS Purchase,Electronics,43.35,12721.6,12678.25,Yes,Mobile App,Germany,1.7,45,Male,82,0,0
TXN002666,CUST00701,2025-10-19 09:20:11,POS Purchase,Restaurants,298.21,1180.55,882.34,Yes,Web Browser,UAE,14.9,65,Male,37,0,0
TXN002667,CUST00584,2025-10-19 11:51:43,ATM Withdrawal,Electronics,194.05,11653.18,11459.13,No,ATM Machine,United Kingdom,5.0,80,Female,34,0,0
TXN002668,CUST01492,2025-10-19 16:12:11,ATM Withdrawal,Fashion & Apparel,83.73,4579.78,4496.05,Yes,POS Terminal,Australia,7.0,31,Male,127,0,0
TXN002669,CUST00218,2025-10-20 03:42:13,POS Purchase,Online Services,61.42,1719.25,1657.83,Yes,POS Terminal,Germany,2.1,65,Female,25,0,0
TXN002670,CUST01237,2025-10-20 11:33:28,ATM Withdrawal,Home Improvement,57.23,4223.4,4166.17,No,ATM Machine,United States,0.8,41,Male,36,0,0
TXN002671,CUST01494,2025-10-20 15:12:52,Bank Transfer,Travel,58.34,337.26,278.92,N/A,ATM Machine,UAE,29.9,19,Female,159,0,0
TXN002672,CUST00712,2025-10-20 17:44:52,Online Purchase,Restaurants,1493.17,1791.13,297.96,Yes,POS Terminal,United States,21.7,72,Female,169,0,0
TXN002673,CUST00912,2025-10-20 17:59:49,ATM Withdrawal,Travel,385.88,4951.35,4565.47,Yes,Mobile App,United States,5.5,38,Female,63,0,0
TXN002674,CUST01565,2025-10-20 20:09:29,POS Purchase,Utilities,51.12,8032.77,7981.65,Yes,ATM Machine,Canada,3.8,39,Female,112,0,0
TXN002675,CUST00499,2025-10-21 14:36:36,Bank Transfer,Utilities,217.72,8557.57,8339.85,N/A,POS Terminal,Pakistan,5.0,78,Female,132,0,0
TXN002676,CUST01121,2025-10-21 15:33:37,POS Purchase,Groceries,207.66,2543.33,2335.67,Yes,Mobile App,United States,5.9,57,Female,15,0,0
TXN002677,CUST01648,2025-10-22 17:05:47,Online Purchase,Groceries,149.79,3904.14,3754.35,No,POS Terminal,United States,2.3,50,Female,72,0,0
TXN002678,CUST00798,2025-10-22 17:49:30,ATM Withdrawal,Healthcare,88.05,5845.36,5757.31,No,Web Browser,Pakistan,1.3,63,Female,2,0,0
TXN002679,CUST00992,2025-10-22 18:13:33,ATM Withdrawal,Electronics,35.02,6795.38,6760.36,No,POS Terminal,India,2.8,40,Female,25,0,0
TXN002680,CUST01507,2025-10-22 20:39:32,POS Purchase,Utilities,58.52,2445.78,2387.26,No,POS Terminal,United Kingdom,1.0,37,Male,92,0,0
TXN002681,CUST00047,2025-10-22 21:56:54,Bank Transfer,Electronics,40.59,4523.06,4482.47,N/A,Mobile App,Germany,8.2,55,Female,101,0,0
TXN002682,CUST00795,2025-10-22 22:24:36,POS Purchase,Utilities,114.61,2106.58,1991.97,Yes,POS Terminal,Australia,26.7,18,Female,83,0,0
TXN002683,CUST01287,2025-10-23 12:03:32,ATM Withdrawal,Healthcare,104.26,6373.96,6269.7,No,POS Terminal,United Kingdom,3.0,27,Male,153,0,0
TXN002684,CUST00686,2025-10-23 15:02:31,Online Purchase,Fuel,155.15,1031.61,876.46,Yes,POS Terminal,United States,11.3,82,Female,12,0,0
TXN002685,CUST00169,2025-10-23 16:36:38,Online Purchase,Restaurants,67.54,12406.82,12743.82,No,Mobile App,Pakistan,7.2,35,Other,123,0,0
TXN002686,CUST00496,2025-10-23 20:27:01,Online Purchase,Groceries,235.47,3006.0,2770.53,No,Mobile App,Pakistan,6.3,49,Female,143,0,0
TXN002687,CUST00014,2025-10-23 23:08:52,Bank Transfer,Groceries,34.96,1388.07,1353.11,N/A,Mobile App,Pakistan,12.4,52,Female,178,0,0
TXN002688,CUST00514,2025-10-24 08:03:04,Bank Transfer,Healthcare,86.46,1916.68,1830.22,N/A,Mobile App,Canada,23.5,42,Female,148,0,0
TXN002689,CUST01233,2025-10-24 09:56:00,Bill Payment,Restaurants,576.13,19400.44,18824.31,N/A,Mobile App,UAE,5.6,30,Male,27,0,0
TXN002690,CUST01531,2025-10-24 13:41:52,POS Purchase,Restaurants,244.04,1515.09,1271.05,Yes,POS Terminal,United Kingdom,7.3,46,Female,105,0,0
TXN002691,CUST01308,2025-10-25 14:31:50,POS Purchase,Fashion & Apparel,102.93,10038.04,9935.11,Yes,Mobile App,UAE,1.2,42,Male,59,0,0
TXN002692,CUST00889,2025-10-25 16:59:37,POS Purchase,Healthcare,63.84,6674.32,6610.48,No,POS Terminal,India,5.7,42,Male,151,0,0
TXN002693,CUST00300,2025-10-25 18:26:31,Online Purchase,Groceries,224.02,8344.22,8120.2,Yes,Web Browser,Australia,3.6,75,Male,168,0,0
TXN002694,CUST00601,2025-10-25 18:28:23,POS Purchase,Entertainment,75.68,1949.74,1874.06,No,Mobile App,Canada,9.1,44,Male,44,0,0
TXN002695,CUST00004,2025-10-26 08:17:21,Online Purchase,Online Services,39.41,6628.63,6589.22,No,POS Terminal,Canada,4.1,39,Male,74,0,0
TXN002696,CUST00594,2025-10-26 08:49:52,Online Purchase,Fuel,287.5,7726.65,7439.15,No,Mobile App,Germany,19.7,25,Female,141,0,0
TXN002697,CUST01019,2025-10-26 14:34:40,Online Purchase,Fuel,175.96,1024.35,1482.35,Yes,POS Terminal,Pakistan,14.8,79,Female,37,0,0
TXN002698,CUST00315,2025-10-27 06:46:22,ATM Withdrawal,Fuel,159.0,3042.63,2883.63,No,Mobile App,United Kingdom,15.8,43,Male,148,0,0
TXN002699,CUST00894,2025-10-27 09:10:26,Bank Transfer,Electronics,31.67,1888.6,1856.93,N/A,POS Terminal,United States,2.8,46,Female,85,0,0
TXN002700,CUST01695,2025-10-27 14:29:14,Bill Payment,Entertainment,32.32,1072.22,1039.9,N/A,Web Browser,Canada,11.6,83,Male,116,0,0
TXN002701,CUST00076,2025-10-28 10:24:15,Bank Transfer,Fashion & Apparel,402.19,4778.86,4376.67,N/A,Web Browser,Germany,8.3,33,Male,155,0,0
TXN002702,CUST01402,2025-10-28 15:48:55,POS Purchase,Groceries,127.98,5835.32,5707.34,No,Web Browser,United States,9.1,32,Female,164,0,0
TXN002703,CUST01302,2025-10-28 19:34:09,Bank Transfer,Electronics,214.41,2921.23,2706.82,N/A,POS Terminal,United States,14.9,21,Male,17,0,0
TXN002704,CUST01330,2025-10-28 20:47:46,ATM Withdrawal,Travel,46.16,3823.76,3777.6,No,POS Terminal,United Kingdom,0.7,68,Male,46,0,0
TXN002705,CUST01333,2025-10-28 22:54:35,Online Purchase,Fuel,560.08,3548.53,3973.53,Yes,POS Terminal,United States,39.4,56,Female,179,0,0
TXN002706,CUST01289,2025-10-29 05:50:58,POS Purchase,Utilities,24.0,1345.41,1321.41,Yes,Web Browser,United States,17.7,71,Male,80,0,0
TXN002707,CUST00103,2025-10-29 12:56:01,POS Purchase,Jewelry & Luxury,14.9,6846.95,6832.05,Yes,Web Browser,Australia,3.0,68,Male,155,0,0
TXN002708,CUST01285,2025-10-29 20:54:24,Bill Payment,Travel,94.05,2900.05,2806.0,N/A,Web Browser,United Kingdom,22.4,40,Female,78,0,0
TXN002709,CUST00334,2025-10-30 06:58:01,Online Purchase,Online Services,86.56,1070.78,984.22,No,POS Terminal,United States,24.1,76,Male,32,0,0
TXN002710,CUST01505,2025-10-30 11:26:29,POS Purchase,Fashion & Apparel,11.52,4722.96,4711.44,No,Mobile App,United Kingdom,3.4,26,Male,58,0,0
TXN002711,CUST00148,2025-10-30 13:19:06,Online Purchase,Restaurants,39.85,4132.86,4093.01,No,Web Browser,Canada,2.8,51,Male,74,0,0
TXN002712,CUST00258,2025-10-30 18:40:31,Bank Transfer,Restaurants,161.95,1304.85,1142.9,N/A,Mobile App,United Kingdom,1.9,36,Female,7,0,0
TXN002713,CUST00118,2025-10-31 09:36:16,Wire Transfer,Online Services,119.17,4851.96,4732.79,N/A,ATM Machine,Canada,24.1,61,Male,169,0,0
TXN002714,CUST00724,2025-10-31 14:49:47,POS Purchase,Jewelry & Luxury,149.69,5653.03,5503.34,No,Mobile App,Pakistan,19.5,38,Male,31,0,0
TXN002715,CUST00310,2025-10-31 17:24:30,Online Purchase,Healthcare,123.69,1308.37,1184.68,Yes,ATM Machine,United Kingdom,1.2,49,Male,108,1,0
TXN002716,CUST00382,2025-11-01 08:48:23,Bank Transfer,Groceries,41.2,1544.22,1503.02,N/A,Web Browser,United States,33.9,30,Female,154,0,0
TXN002717,CUST00940,2025-11-01 10:00:23,Bank Transfer,Utilities,101.68,3864.22,3762.54,N/A,POS Terminal,UAE,14.9,38,Male,86,1,0
TXN002718,CUST00612,2025-11-01 11:30:55,Online Purchase,Entertainment,58.14,8138.18,8080.04,Yes,Mobile App,Canada,3.2,69,Female,33,0,0
TXN002719,CUST00258,2025-11-01 11:55:19,POS Purchase,Restaurants,65.76,5845.76,5780.0,Yes,POS Terminal,United Kingdom,3.7,50,Female,163,0,0
TXN002720,CUST01246,2025-11-01 14:55:04,POS Purchase,Utilities,81.52,2201.44,2119.92,No,Web Browser,United Kingdom,45.2,47,Male,85,0,0
TXN002721,CUST01213,2025-11-01 15:56:50,Bill Payment,Groceries,116.58,17169.47,17052.89,N/A,Mobile App,Pakistan,12.2,44,Male,137,0,0
TXN002722,CUST00080,2025-11-01 17:41:40,Bill Payment,Fashion & Apparel,99.8,1773.44,1673.64,N/A,Web Browser,Australia,4.5,74,Male,140,0,0
TXN002723,CUST00716,2025-11-02 03:36:14,Online Purchase,Groceries,106.41,3884.32,3777.91,Yes,Mobile App,Pakistan,2.9,28,Female,116,0,0
TXN002724,CUST01728,2025-11-02 07:13:29,POS Purchase,Utilities,91.95,3923.29,3831.34,No,Mobile App,Pakistan,9.1,46,Female,60,0,0
TXN002725,CUST00398,2025-11-02 10:35:51,ATM Withdrawal,Home Improvement,134.78,427.73,292.95,No,POS Terminal,United States,29.0,62,Female,166,0,0
TXN002726,CUST00044,2025-11-02 22:05:33,POS Purchase,Entertainment,264.87,8150.65,7885.78,Yes,Mobile App,Pakistan,0.2,52,Female,86,0,0
TXN002727,CUST00640,2025-11-03 09:22:03,POS Purchase,Home Improvement,96.04,3946.24,3850.2,Yes,Mobile App,United Kingdom,10.0,23,Female,1,0,0
TXN002728,CUST00815,2025-11-03 15:40:22,POS Purchase,Healthcare,99.7,15152.28,15052.58,No,Mobile App,United Kingdom,13.1,45,Male,12,0,0
TXN002729,CUST00715,2025-11-03 20:26:52,Online Purchase,Fuel,385.29,4711.88,4326.59,Yes,Mobile App,India,15.1,60,Male,19,0,0
TXN002730,CUST01526,2025-11-03 22:36:21,ATM Withdrawal,Groceries,263.42,2445.12,2181.7,Yes,POS Terminal,United Kingdom,0.6,83,Female,4,0,0
TXN002731,CUST01375,2025-11-04 08:56:45,Online Purchase,Home Improvement,22.3,11764.78,11742.48,Yes,Mobile App,United Kingdom,21.3,43,Female,102,0,0
TXN002732,CUST01145,2025-11-04 11:02:43,Wire Transfer,Healthcare,91.19,4773.74,4682.55,N/A,ATM Machine,India,0.7,55,Female,105,0,0
TXN002733,CUST01407,2025-11-04 13:20:13,POS Purchase,Utilities,150.18,10516.81,10366.63,No,POS Terminal,United States,15.3,36,Female,161,0,0
TXN002734,CUST01063,2025-11-04 17:17:14,Bank Transfer,Restaurants,537.48,848.48,311.0,N/A,Web Browser,India,7.9,36,Male,97,0,0
TXN002735,CUST01657,2025-11-04 17:39:19,Bank Transfer,Restaurants,314.86,1510.55,1195.69,N/A,Web Browser,United Kingdom,23.4,20,Male,121,0,0
TXN002736,CUST00378,2025-11-04 19:20:49,POS Purchase,Fuel,75.86,9190.92,9115.06,No,POS Terminal,Germany,9.1,21,Male,47,0,0
TXN002737,CUST01692,2025-11-04 22:18:41,ATM Withdrawal,Fashion & Apparel,21.15,2915.98,2894.83,Yes,Mobile App,UAE,46.9,85,Male,14,0,0
TXN002738,CUST01342,2025-11-05 15:03:33,Bill Payment,Travel,110.6,408.07,297.47,N/A,Mobile App,UAE,40.8,66,Male,72,0,0
TXN002739,CUST00362,2025-11-05 16:33:14,POS Purchase,Restaurants,145.02,4524.35,4779.35,No,Mobile App,Australia,1.3,79,Female,126,0,0
TXN002740,CUST01638,2025-11-05 16:42:38,POS Purchase,Groceries,104.18,2914.37,2810.19,Yes,Web Browser,Canada,7.6,53,Male,100,0,0
TXN002741,CUST01627,2025-11-06 11:09:09,Bill Payment,Utilities,91.95,4675.52,4583.57,N/A,POS Terminal,United Kingdom,41.4,52,Female,107,0,0
TXN002742,CUST01621,2025-11-06 11:55:27,Online Purchase,Online Services,54.1,3184.27,3130.17,No,ATM Machine,United Kingdom,4.4,77,Female,159,0,0
TXN002743,CUST00512,2025-11-06 12:39:17,Bank Transfer,Travel,51.69,1116.24,1064.55,N/A,Mobile App,United Kingdom,8.7,24,Female,44,0,0
TXN002744,CUST00668,2025-11-06 15:47:32,POS Purchase,Home Improvement,167.77,3446.32,3278.55,No,Web Browser,United Kingdom,7.1,75,Male,78,0,0
TXN002745,CUST00319,2025-11-07 11:50:02,Online Purchase,Restaurants,92.04,1685.04,1593.0,No,Web Browser,Canada,16.0,25,Male,151,1,0
TXN002746,CUST01038,2025-11-07 13:01:56,POS Purchase,Entertainment,140.5,5940.27,5799.77,No,Web Browser,Germany,2.3,40,Male,172,0,0
TXN002747,CUST01167,2025-11-07 14:02:29,Bank Transfer,Fashion & Apparel,45.1,3870.95,3825.85,N/A,POS Terminal,United Kingdom,21.3,82,Male,143,0,0
TXN002748,CUST00903,2025-11-07 16:32:41,Online Purchase,Online Services,89.04,3907.96,3818.92,No,Mobile App,UAE,11.6,48,Male,133,0,0
TXN002749,CUST01144,2025-11-08 12:05:14,Bank Transfer,Groceries,102.09,6396.53,6294.44,N/A,Web Browser,United Kingdom,15.4,62,Male,40,0,0
TXN002750,CUST01638,2025-11-08 12:35:55,POS Purchase,Groceries,435.82,2655.77,2219.95,No,Mobile App,India,1.0,85,Female,104,0,0
TXN002751,CUST00088,2025-11-08 18:15:34,POS Purchase,Restaurants,177.78,4981.54,4803.76,No,Mobile App,Pakistan,10.8,54,Male,88,0,0
TXN002752,CUST00443,2025-11-08 19:41:02,ATM Withdrawal,Groceries,195.33,1689.77,1494.44,Yes,Web Browser,United Kingdom,17.5,76,Male,79,0,0
TXN002753,CUST01347,2025-11-08 23:12:37,Online Purchase,Utilities,140.54,10737.94,10597.4,No,Web Browser,India,9.4,32,Female,145,0,0
TXN002754,CUST01244,2025-11-09 09:21:56,ATM Withdrawal,Online Services,17.42,6818.5,6801.08,No,Web Browser,United States,27.6,49,Female,110,0,0
TXN002755,CUST00616,2025-11-09 11:43:54,Bank Transfer,Entertainment,22.56,12547.38,12524.82,N/A,Mobile App,India,4.4,75,Male,149,0,0
TXN002756,CUST00567,2025-11-09 17:05:04,Bill Payment,Fuel,53.18,4495.03,4441.85,N/A,Mobile App,Germany,3.4,79,Female,78,0,0
TXN002757,CUST00882,2025-11-09 17:54:39,ATM Withdrawal,Jewelry & Luxury,58.97,1167.61,1108.64,Yes,Mobile App,Australia,10.6,27,Female,30,0,0
TXN002758,CUST00337,2025-11-10 10:25:35,POS Purchase,Groceries,383.13,7195.51,6812.38,Yes,Mobile App,United States,12.4,71,Male,57,0,0
TXN002759,CUST01438,2025-11-10 18:55:06,ATM Withdrawal,Travel,780.6,2697.22,1916.62,Yes,Web Browser,United States,0.6,23,Male,35,0,0
TXN002760,CUST00082,2025-11-11 12:01:34,POS Purchase,Groceries,50.96,3769.44,3718.48,No,Mobile App,Canada,5.9,26,Male,137,0,0
TXN002761,CUST01451,2025-11-11 12:34:06,Bill Payment,Entertainment,73.59,3744.88,3671.29,N/A,POS Terminal,Pakistan,31.0,71,Female,17,0,0
TXN002762,CUST00513,2025-11-11 20:57:02,Wire Transfer,Restaurants,23.74,9417.91,9394.17,N/A,Mobile App,United States,13.3,73,Female,58,0,0
TXN002763,CUST01518,2025-11-11 21:54:56,Bank Transfer,Online Services,100.27,3424.35,3324.08,N/A,Web Browser,Pakistan,2.9,72,Male,26,1,0
TXN002764,CUST00908,2025-11-12 05:47:33,POS Purchase,Fashion & Apparel,145.42,4094.66,4165.66,No,POS Terminal,Canada,22.5,61,Female,48,0,0
TXN002765,CUST00897,2025-11-12 08:04:03,POS Purchase,Electronics,87.79,2761.02,2673.23,Yes,Web Browser,United States,23.0,62,Male,133,0,0
TXN002766,CUST00071,2025-11-12 12:46:47,Online Purchase,Fuel,112.63,969.49,856.86,Yes,Mobile App,United Kingdom,11.4,29,Male,59,0,0
TXN002767,CUST00970,2025-11-12 17:57:36,Bank Transfer,Electronics,42.65,1440.36,1397.71,N/A,Mobile App,United Kingdom,0.5,36,Female,103,0,0
TXN002768,CUST01361,2025-11-12 20:51:43,Online Purchase,Restaurants,174.54,1367.51,1192.97,Yes,ATM Machine,Canada,7.4,63,Female,68,0,0
TXN002769,CUST00441,2025-11-12 21:26:47,Bank Transfer,Electronics,68.93,609.77,540.84,N/A,POS Terminal,United Kingdom,16.8,63,Male,20,0,0
TXN002770,CUST00114,2025-11-13 01:54:14,POS Purchase,Groceries,50.73,902.98,852.25,Yes,Web Browser,Pakistan,6.4,44,Female,148,0,0
TXN002771,CUST01715,2025-11-13 06:24:34,POS Purchase,Fuel,20.43,2494.58,2474.15,Yes,POS Terminal,UAE,18.3,25,Male,43,1,0
TXN002772,CUST00349,2025-11-13 08:10:47,Online Purchase,Utilities,112.55,9416.78,9304.23,Yes,Web Browser,United States,6.5,32,Male,136,0,0
TXN002773,CUST00427,2025-11-13 19:15:30,Online Purchase,Restaurants,67.14,5903.38,5836.24,No,Web Browser,Pakistan,8.1,83,Female,121,0,0
TXN002774,CUST00048,2025-11-14 09:01:20,Bank Transfer,Utilities,128.33,6345.16,6216.83,N/A,ATM Machine,Pakistan,11.0,67,Female,108,0,0
TXN002775,CUST00384,2025-11-14 09:24:33,Online Purchase,Utilities,23.25,2209.77,2186.52,Yes,Web Browser,United Kingdom,1.3,55,Male,123,0,0
TXN002776,CUST01031,2025-11-14 11:04:29,POS Purchase,Healthcare,100.26,2300.99,2200.73,Yes,Web Browser,United States,26.8,72,Male,8,0,0
TXN002777,CUST00519,2025-11-14 15:52:51,Bank Transfer,Entertainment,368.45,4764.12,4395.67,N/A,Web Browser,Germany,5.3,39,Female,122,0,0
TXN002778,CUST00525,2025-11-14 16:17:48,POS Purchase,Electronics,208.67,4796.39,4587.72,No,Web Browser,UAE,4.9,77,Male,112,0,0
TXN002779,CUST01425,2025-11-14 17:09:45,Bank Transfer,Groceries,130.2,4882.05,4751.85,N/A,Mobile App,UAE,0.3,31,Male,58,0,0
TXN002780,CUST00115,2025-11-14 17:33:54,Online Purchase,Jewelry & Luxury,151.96,2748.82,2596.86,Yes,Mobile App,Canada,16.9,76,Female,130,0,0
TXN002781,CUST00257,2025-11-14 18:38:29,Online Purchase,Restaurants,30.58,6000.03,5969.45,No,ATM Machine,United Kingdom,1.9,28,Male,33,0,0
TXN002782,CUST00635,2025-11-14 19:13:16,Online Purchase,Restaurants,176.42,3631.09,3454.67,Yes,ATM Machine,Germany,1.1,82,Female,123,1,0
TXN002783,CUST00674,2025-11-14 20:24:01,ATM Withdrawal,Restaurants,46.03,5042.56,4996.53,No,Web Browser,United Kingdom,49.5,47,Male,75,0,0
TXN002784,CUST00153,2025-11-14 22:11:32,Wire Transfer,Electronics,20.71,4276.91,4256.2,N/A,Mobile App,United Kingdom,5.1,37,Female,177,0,0
TXN002785,CUST00390,2025-11-14 23:41:21,ATM Withdrawal,Entertainment,64.95,2165.82,2100.87,Yes,POS Terminal,Pakistan,13.6,79,Male,9,0,0
TXN002786,CUST01361,2025-11-15 20:58:43,POS Purchase,Entertainment,319.57,3782.68,3463.11,No,Mobile App,Pakistan,17.6,47,Male,43,0,0
TXN002787,CUST00391,2025-11-16 10:40:37,Online Purchase,Groceries,257.25,2293.18,2035.93,No,ATM Machine,United Kingdom,29.7,60,Male,117,0,0
TXN002788,CUST00192,2025-11-16 16:13:57,Online Purchase,Groceries,291.37,2919.12,2925.12,No,ATM Machine,United States,17.1,56,Male,132,0,0
TXN002789,CUST00318,2025-11-16 16:39:33,POS Purchase,Utilities,79.18,1572.35,1493.17,Yes,Mobile App,Canada,16.5,20,Female,59,0,0
TXN002790,CUST01414,2025-11-16 21:46:26,Online Purchase,Entertainment,202.6,2528.59,2325.99,Yes,POS Terminal,Germany,9.4,66,Male,159,0,0
TXN002791,CUST00957,2025-11-17 07:53:18,ATM Withdrawal,Fashion & Apparel,134.03,2640.59,2506.56,Yes,Web Browser,United States,2.7,24,Female,54,0,0
TXN002792,CUST00237,2025-11-17 08:46:52,Online Purchase,Fuel,612.2,1619.14,1006.94,No,POS Terminal,United States,9.5,64,Female,82,0,0
TXN002793,CUST00059,2025-11-17 10:49:57,POS Purchase,Groceries,175.67,7349.85,7174.18,Yes,POS Terminal,India,11.3,28,Male,38,0,0
TXN002794,CUST00728,2025-11-17 11:17:42,ATM Withdrawal,Fuel,111.89,789.7,677.81,No,POS Terminal,United States,9.8,32,Female,73,0,0
TXN002795,CUST01711,2025-11-17 15:19:41,POS Purchase,Entertainment,123.65,1259.8,1136.15,Yes,Web Browser,Canada,1.0,32,Male,52,0,0
TXN002796,CUST00747,2025-11-17 15:47:28,Online Purchase,Groceries,569.22,10161.66,9592.44,Yes,Mobile App,Australia,7.1,45,Female,32,0,0
TXN002797,CUST01380,2025-11-19 12:49:57,Online Purchase,Jewelry & Luxury,352.29,3771.74,4091.74,No,Web Browser,United Kingdom,2.0,70,Female,143,0,0
TXN002798,CUST01664,2025-11-19 13:03:08,Bill Payment,Electronics,106.33,958.0,851.67,N/A,Web Browser,United Kingdom,24.1,63,Male,169,0,0
TXN002799,CUST01565,2025-11-20 00:06:59,Online Purchase,Groceries,232.37,2432.71,2200.34,No,Mobile App,United States,44.3,41,Male,82,0,0
TXN002800,CUST00147,2025-11-20 08:05:56,Online Purchase,Restaurants,100.54,5236.75,5136.21,No,ATM Machine,UAE,12.8,51,Female,122,0,0
TXN002801,CUST00891,2025-11-20 09:50:08,POS Purchase,Jewelry & Luxury,134.94,2492.97,2850.97,No,POS Terminal,United Kingdom,12.0,38,Female,97,0,0
TXN002802,CUST00097,2025-11-20 12:41:40,ATM Withdrawal,Fashion & Apparel,439.58,1132.01,692.43,No,POS Terminal,Pakistan,10.1,41,Female,78,0,0
TXN002803,CUST01168,2025-11-20 13:31:30,Online Purchase,Online Services,178.75,3156.88,2978.13,No,Mobile App,Germany,16.4,85,Male,36,0,0
TXN002804,CUST00086,2025-11-20 13:53:14,Bank Transfer,Online Services,67.28,1114.24,1046.96,N/A,Web Browser,Pakistan,15.4,67,Male,20,0,0
TXN002805,CUST00981,2025-11-20 15:45:29,Wire Transfer,Travel,182.42,4385.16,4202.74,N/A,Web Browser,Pakistan,,56,Female,48,0,0
TXN002806,CUST00201,2025-11-20 17:48:42,Online Purchase,Fashion & Apparel,58.21,1041.18,982.97,Yes,Mobile App,Pakistan,46.8,65,Male,25,0,0
TXN002807,CUST00061,2025-11-20 18:06:05,POS Purchase,Healthcare,112.62,3478.85,3366.23,No,POS Terminal,United Kingdom,8.7,82,Male,57,0,0
TXN002808,CUST00339,2025-11-20 18:46:32,POS Purchase,Fashion & Apparel,86.94,9525.06,9438.12,No,Mobile App,United States,22.1,24,Female,124,0,0
TXN002809,CUST00318,2025-11-20 19:32:48,POS Purchase,Utilities,176.88,7980.84,7803.96,Yes,Web Browser,United States,1.6,44,Male,105,0,0
TXN002810,CUST00196,2025-11-21 15:05:40,POS Purchase,Entertainment,436.17,4935.13,4498.96,No,Mobile App,Australia,1.2,43,Male,142,0,0
TXN002811,CUST00011,2025-11-22 03:16:32,Bank Transfer,Home Improvement,704.73,4021.0,3316.27,N/A,ATM Machine,Pakistan,99.2,37,Male,69,1,1
TXN002812,CUST01554,2025-11-22 08:30:54,POS Purchase,Healthcare,106.06,4550.08,4444.02,Yes,POS Terminal,United Kingdom,1.3,45,Male,164,0,0
TXN002813,CUST00433,2025-11-22 11:23:00,POS Purchase,Groceries,52.29,1028.73,1264.73,Yes,POS Terminal,UAE,4.6,50,Male,100,0,0
TXN002814,CUST01531,2025-11-22 15:15:09,Online Purchase,Fashion & Apparel,55.07,7869.5,7814.43,Yes,ATM Machine,Canada,24.1,77,Female,4,0,0
TXN002815,CUST01133,2025-11-22 16:02:48,POS Purchase,Travel,185.27,10828.24,10642.97,Yes,Web Browser,Pakistan,7.6,62,Female,24,0,0
TXN002816,CUST00999,2025-11-22 16:23:08,Bank Transfer,Groceries,360.46,7758.47,7398.01,N/A,Web Browser,United Kingdom,0.1,79,Other,55,0,0
TXN002817,CUST00552,2025-11-22 20:11:27,Online Purchase,Entertainment,957.22,2653.95,1696.73,Yes,POS Terminal,Australia,10.2,40,Male,90,0,0
TXN002818,CUST00241,2025-11-23 01:32:22,Online Purchase,Fashion & Apparel,58.63,1671.58,1612.95,Yes,POS Terminal,United Kingdom,5.8,42,Female,124,0,0
TXN002819,CUST00772,2025-11-23 11:58:46,Bank Transfer,Healthcare,29.43,963.41,933.98,N/A,Web Browser,UAE,0.7,23,Female,143,0,0
TXN002820,CUST01586,2025-11-23 13:14:45,Bill Payment,Groceries,367.98,4111.35,3743.37,N/A,POS Terminal,United States,47.9,59,Male,80,0,0
TXN002821,CUST00576,2025-11-23 13:28:49,ATM Withdrawal,Fashion & Apparel,41.58,1714.84,1673.26,No,Web Browser,United States,19.3,57,Male,152,0,0
TXN002822,CUST00499,2025-11-23 13:41:04,Online Purchase,Restaurants,88.38,5975.94,6137.94,Yes,ATM Machine,United Kingdom,32.7,72,Male,127,0,0
TXN002823,CUST00468,2025-11-23 14:51:51,POS Purchase,Electronics,946.21,6362.92,5416.71,No,Mobile App,India,5.3,56,Male,178,0,0
TXN002824,CUST01171,2025-11-23 15:04:33,ATM Withdrawal,Fashion & Apparel,52.62,3531.8,3479.18,Yes,Mobile App,India,1.5,62,Male,178,0,0
TXN002825,CUST00924,2025-11-23 17:20:23,Bill Payment,Groceries,45.43,1880.04,1834.61,N/A,Mobile App,United States,11.0,85,Female,174,0,0
TXN002826,CUST00324,2025-11-23 18:09:06,POS Purchase,Utilities,198.62,10159.66,9961.04,No,Mobile App,India,6.2,61,Male,30,0,0
TXN002827,CUST01355,2025-11-23 18:18:31,Bank Transfer,Travel,179.23,7901.82,7722.59,N/A,Mobile App,Germany,38.8,72,Female,102,0,0
TXN002828,CUST01359,2025-11-23 19:17:35,Bill Payment,Home Improvement,52.69,3119.41,3066.72,N/A,POS Terminal,Germany,14.5,73,Female,77,0,0
TXN002829,CUST01579,2025-11-23 20:12:25,Online Purchase,Online Services,175.47,653.42,477.95,Yes,ATM Machine,United Kingdom,0.7,55,Female,2,0,0
TXN002830,CUST00647,2025-11-24 12:10:02,Online Purchase,Electronics,66.98,3200.01,3133.03,Yes,ATM Machine,Canada,1.3,36,Male,8,1,0
TXN002831,CUST01471,2025-11-24 14:02:11,Online Purchase,Utilities,32.46,2691.32,3109.32,No,Mobile App,United States,7.7,62,Male,63,0,0
TXN002832,CUST00437,2025-11-24 16:50:24,Online Purchase,Electronics,39.74,3339.26,3299.52,Yes,POS Terminal,India,3.0,70,Female,67,0,0
TXN002833,CUST01504,2025-11-24 23:32:50,Online Purchase,Groceries,46.49,5771.18,5724.69,Yes,POS Terminal,United States,5.3,42,Male,79,0,0
TXN002834,CUST01686,2025-11-25 14:25:29,ATM Withdrawal,Fashion & Apparel,85.18,1340.7,1255.52,No,Mobile App,United States,1.4,81,Male,55,0,0
TXN002835,CUST01199,2025-11-25 14:48:47,Online Purchase,Groceries,84.06,5340.25,5736.25,No,Mobile App,Pakistan,4.0,32,Female,15,0,0
TXN002836,CUST01209,2025-11-25 20:22:01,Online Purchase,Home Improvement,72.12,17661.76,17589.64,Yes,Mobile App,Pakistan,11.9,54,Female,33,0,0
TXN002837,CUST00664,2025-11-26 08:54:11,POS Purchase,Groceries,105.83,713.42,607.59,Yes,Mobile App,United Kingdom,9.5,57,Male,51,0,0
TXN002838,CUST01203,2025-11-26 15:12:58,Online Purchase,Groceries,164.8,4170.79,4269.79,Yes,Mobile App,United Kingdom,58.1,81,Female,42,0,0
TXN002839,CUST00856,2025-11-26 16:21:27,Online Purchase,Electronics,45.74,2100.5,2054.76,No,Mobile App,UAE,28.3,46,Male,98,0,0
TXN002840,CUST00008,2025-11-26 19:40:18,Bill Payment,Jewelry & Luxury,277.23,4364.51,4087.28,N/A,Web Browser,Germany,83.7,36,Female,96,0,1
TXN002841,CUST00009,2025-11-27 02:21:15,Bank Transfer,Online Services,195.82,19967.77,19771.95,N/A,Web Browser,Germany,14.1,82,Female,60,0,1
TXN002842,CUST01547,2025-11-27 09:07:55,Bill Payment,Travel,53.08,1242.2,1189.12,N/A,POS Terminal,United Kingdom,34.4,62,Male,54,0,0
TXN002843,CUST01647,2025-11-27 09:59:48,POS Purchase,Electronics,58.59,5303.29,5244.7,Yes,Mobile App,UAE,5.0,72,Female,173,0,0
TXN002844,CUST00028,2025-11-27 12:49:17,POS Purchase,Home Improvement,141.79,3867.32,3725.53,Yes,ATM Machine,United States,13.7,71,Male,41,0,0
TXN002845,CUST01363,2025-11-27 22:12:01,ATM Withdrawal,Entertainment,560.9,745.62,184.72,No,Web Browser,UAE,18.7,70,Male,102,0,0
TXN002846,CUST00048,2025-11-28 00:38:34,Bank Transfer,Fashion & Apparel,1638.17,4190.82,2552.65,N/A,Web Browser,Australia,226.0,76,Male,58,0,1
TXN002847,CUST00448,2025-11-28 10:11:51,POS Purchase,Fashion & Apparel,81.24,9438.43,9357.19,No,Mobile App,United States,6.7,43,Female,103,0,0
TXN002848,CUST00074,2025-11-28 16:13:13,Online Purchase,Travel,88.99,7638.73,7549.74,Yes,POS Terminal,UAE,31.6,39,Male,112,0,0
TXN002849,CUST01245,2025-11-28 18:04:21,ATM Withdrawal,Travel,151.69,6639.86,6488.17,Yes,POS Terminal,Pakistan,0.8,39,Female,62,0,0
TXN002850,CUST00416,2025-11-28 19:39:41,Online Purchase,Electronics,304.1,1286.73,982.63,No,Mobile App,UAE,4.9,47,Female,126,1,0
TXN002851,CUST00511,2025-11-29 12:13:00,POS Purchase,Jewelry & Luxury,31.78,4011.5,4384.5,Yes,POS Terminal,United States,17.2,21,Male,8,0,0
TXN002852,CUST01495,2025-11-29 16:01:57,Bank Transfer,Groceries,84.44,7863.19,7778.75,N/A,Web Browser,United Kingdom,34.5,63,Female,74,0,0
TXN002853,CUST00461,2025-11-29 16:30:23,Online Purchase,Online Services,563.04,805.66,242.62,Yes,ATM Machine,United States,11.7,82,Female,47,0,0
TXN002854,CUST00811,2025-11-29 18:47:48,POS Purchase,Utilities,36.27,2069.86,2033.59,No,Mobile App,United Kingdom,0.2,28,Female,67,0,0
TXN002855,CUST01330,2025-11-29 20:49:01,Bill Payment,Travel,129.21,4623.5,4494.29,N/A,POS Terminal,United States,0.1,21,Female,125,0,0
TXN002856,CUST00246,2025-11-30 09:43:19,Bank Transfer,Electronics,119.74,31149.14,31029.4,N/A,POS Terminal,United Kingdom,0.5,70,Female,104,0,0
TXN002857,CUST00814,2025-11-30 13:43:28,ATM Withdrawal,Groceries,103.58,6925.06,6821.48,Yes,ATM Machine,United States,10.5,68,Male,122,0,0
TXN002858,CUST01688,2025-11-30 17:24:12,POS Purchase,Groceries,90.98,1088.21,997.23,Yes,POS Terminal,United States,0.4,54,Other,161,0,0
TXN002859,CUST00787,2025-11-30 23:56:58,ATM Withdrawal,Fuel,369.97,1440.49,1070.52,No,Mobile App,United Kingdom,6.4,42,Female,173,0,0
TXN002860,CUST00470,2025-12-01 06:55:09,Bank Transfer,Groceries,73.69,8403.6,8329.91,N/A,Web Browser,United Kingdom,6.9,30,Female,62,0,0
TXN002861,CUST01172,2025-12-01 11:35:31,Online Purchase,Restaurants,213.77,2913.38,2699.61,No,Web Browser,Australia,42.3,34,Female,173,0,0
TXN002862,CUST00077,2025-12-01 17:32:11,POS Purchase,Restaurants,79.32,17172.8,17093.48,No,Mobile App,United Kingdom,6.3,28,Female,9,0,0
TXN002863,CUST01329,2025-12-01 18:15:33,Online Purchase,Restaurants,598.87,4793.33,4194.46,Yes,Web Browser,Canada,4.7,62,Female,37,0,0
TXN002864,CUST00689,2025-12-01 18:35:43,Bank Transfer,Groceries,254.96,7489.02,7234.06,N/A,Web Browser,United States,24.5,45,Female,3,0,0
TXN002865,CUST00204,2025-12-01 19:22:50,Online Purchase,Groceries,88.39,7611.15,7522.76,Yes,POS Terminal,United Kingdom,25.9,53,Female,91,0,0
TXN002866,CUST01147,2025-12-01 19:28:17,ATM Withdrawal,Fuel,205.32,3896.6,3691.28,No,Web Browser,United States,1.8,82,Female,42,0,0
TXN002867,CUST00691,2025-12-01 19:28:42,Wire Transfer,Fuel,127.5,7198.36,7070.86,N/A,POS Terminal,United Kingdom,3.7,43,Female,46,0,0
TXN002868,CUST00651,2025-12-02 09:32:29,Online Purchase,Fashion & Apparel,157.56,1688.58,1531.02,No,Mobile App,United Kingdom,0.7,18,Female,135,0,0
TXN002869,CUST00651,2025-12-02 15:42:32,POS Purchase,Healthcare,21.74,5999.07,5977.33,Yes,Mobile App,United States,6.8,20,Male,66,0,0
TXN002870,CUST01379,2025-12-02 19:17:01,POS Purchase,Groceries,210.0,1873.6,1663.6,No,Web Browser,United Kingdom,12.7,62,Male,64,0,0
TXN002871,CUST00115,2025-12-02 20:06:45,POS Purchase,Electronics,86.38,3812.64,3726.26,Yes,Web Browser,Australia,3.4,61,Female,35,0,0
TXN002872,CUST00816,2025-12-03 10:19:36,POS Purchase,Utilities,194.62,5995.8,5801.18,Yes,ATM Machine,United Kingdom,2.4,64,Female,176,0,0
TXN002873,CUST01513,2025-12-03 11:42:14,Wire Transfer,Restaurants,90.4,6172.19,6081.79,N/A,Mobile App,Pakistan,2.7,52,Female,4,0,0
TXN002874,CUST00071,2025-12-03 14:22:33,POS Purchase,Home Improvement,64.02,1710.65,1646.63,Yes,ATM Machine,Pakistan,5.2,32,Other,137,0,0
TXN002875,CUST01104,2025-12-04 08:22:50,Bank Transfer,Restaurants,43.47,3149.44,3105.97,N/A,POS Terminal,United Kingdom,18.1,32,Female,79,0,0
TXN002876,CUST00627,2025-12-04 08:32:10,ATM Withdrawal,Electronics,336.76,5332.9,4996.14,Yes,POS Terminal,Germany,25.4,18,Female,110,0,0
TXN002877,CUST01309,2025-12-04 13:00:00,POS Purchase,Home Improvement,27.28,1697.31,1670.03,Yes,Mobile App,United States,3.9,35,Female,58,0,0
TXN002878,CUST00922,2025-12-04 13:31:24,Bill Payment,Groceries,31.13,1139.4,1108.27,N/A,Mobile App,UAE,9.3,54,Male,180,0,0
TXN002879,CUST00968,2025-12-04 13:49:13,ATM Withdrawal,Groceries,118.52,24797.23,24678.71,No,Mobile App,United States,11.3,36,Male,48,0,0
TXN002880,CUST01331,2025-12-04 16:57:03,Bank Transfer,Travel,591.64,7255.61,6663.97,N/A,POS Terminal,Canada,5.1,51,Female,95,0,0
TXN002881,CUST00970,2025-12-04 20:29:06,Online Purchase,Healthcare,243.51,1225.56,1602.56,Yes,Web Browser,United Kingdom,13.6,54,Other,102,0,0
TXN002882,CUST01090,2025-12-05 08:10:03,Bank Transfer,Electronics,163.58,3908.31,3744.73,N/A,POS Terminal,United States,14.6,76,Female,66,0,0
TXN002883,CUST01261,2025-12-05 11:02:59,Online Purchase,Fashion & Apparel,211.81,2297.67,2085.86,No,Web Browser,Pakistan,12.4,68,Male,81,0,0
TXN002884,CUST01011,2025-12-06 08:49:03,POS Purchase,Groceries,408.54,2010.37,1601.83,Yes,POS Terminal,United States,2.5,27,Male,117,0,0
TXN002885,CUST01000,2025-12-06 14:51:28,POS Purchase,Groceries,47.78,13627.87,13752.87,Yes,POS Terminal,United Kingdom,21.5,67,Female,49,1,0
TXN002886,CUST00142,2025-12-06 17:02:40,Online Purchase,Travel,16.9,2539.29,2522.39,No,Mobile App,India,10.2,85,Male,73,0,0
TXN002887,CUST01272,2025-12-07 08:33:46,Online Purchase,Travel,107.83,1872.24,1764.41,Yes,ATM Machine,United States,7.8,68,Male,104,0,0
TXN002888,CUST00103,2025-12-07 09:12:16,Online Purchase,Electronics,177.68,3616.83,3439.15,Yes,Mobile App,United Kingdom,4.1,34,Female,132,0,0
TXN002889,CUST00491,2025-12-07 09:18:06,ATM Withdrawal,Fashion & Apparel,36.97,3711.55,3674.58,Yes,POS Terminal,Pakistan,12.8,58,Female,20,0,0
TXN002890,CUST00241,2025-12-07 09:30:24,Online Purchase,Electronics,229.39,1289.54,1060.15,No,Mobile App,United Kingdom,5.0,79,Female,119,0,0
TXN002891,CUST00457,2025-12-07 10:06:20,Bank Transfer,Restaurants,233.04,683.99,450.95,N/A,Web Browser,Australia,8.1,52,Female,160,0,0
TXN002892,CUST00984,2025-12-07 13:55:30,POS Purchase,Fuel,149.0,11343.36,11194.36,No,Mobile App,United Kingdom,55.1,85,Female,20,0,0
TXN002893,CUST00181,2025-12-07 14:09:21,Online Purchase,Entertainment,154.43,5593.96,5439.53,Yes,Web Browser,UAE,101.2,83,Female,107,0,0
TXN002894,CUST01311,2025-12-07 18:23:25,Bill Payment,Electronics,26.44,1156.83,1130.39,N/A,POS Terminal,Germany,4.7,20,Female,72,0,0
TXN002895,CUST00910,2025-12-08 07:07:22,POS Purchase,Online Services,643.31,5993.25,6348.25,No,POS Terminal,India,27.7,54,Female,136,0,0
TXN002896,CUST00739,2025-12-08 07:21:32,POS Purchase,Electronics,33.74,1879.25,1845.51,No,POS Terminal,United States,0.9,49,Male,26,0,0
TXN002897,CUST00361,2025-12-08 09:54:41,Bill Payment,Jewelry & Luxury,326.93,523.31,196.38,N/A,Mobile App,Canada,12.2,66,Male,17,0,0
TXN002898,CUST00474,2025-12-08 11:49:40,Bank Transfer,Entertainment,144.38,3095.21,2950.83,N/A,Web Browser,United Kingdom,12.6,47,Male,136,0,0
TXN002899,CUST00856,2025-12-09 11:52:39,POS Purchase,Groceries,41.05,5212.94,5370.94,Yes,Mobile App,India,17.5,72,Female,164,0,0
TXN002900,CUST01041,2025-12-09 16:27:29,Online Purchase,Groceries,262.02,10695.51,10433.49,Yes,Mobile App,Australia,16.0,69,Female,102,0,0
TXN002901,CUST01594,2025-12-09 18:33:55,Online Purchase,Online Services,104.16,10337.41,10233.25,Yes,POS Terminal,United Kingdom,4.2,48,Female,139,0,0
TXN002902,CUST01141,2025-12-10 10:18:18,Bank Transfer,Fashion & Apparel,131.61,11493.3,11361.69,N/A,Mobile App,United Kingdom,3.8,54,Female,70,0,0
TXN002903,CUST00300,2025-12-10 12:23:43,Bill Payment,Electronics,109.77,1631.12,1521.35,N/A,Mobile App,Pakistan,18.1,23,Male,118,0,0
TXN002904,CUST01513,2025-12-10 15:07:41,Bill Payment,Fashion & Apparel,73.01,8336.38,8263.37,N/A,POS Terminal,Canada,39.8,41,Male,83,0,0
TXN002905,CUST00044,2025-12-10 15:52:09,Online Purchase,Travel,264.41,1393.81,1474.81,No,Web Browser,United States,117.7,19,Male,39,1,1
TXN002906,CUST01366,2025-12-11 08:55:06,Wire Transfer,Electronics,14.28,3653.86,3639.58,N/A,Mobile App,United Kingdom,5.3,53,Female,143,0,0
TXN002907,CUST01376,2025-12-11 11:40:52,Wire Transfer,Fashion & Apparel,34.27,4553.13,4518.86,N/A,POS Terminal,United Kingdom,47.4,62,Male,38,0,0
TXN002908,CUST00047,2025-12-12 05:25:13,Bank Transfer,Restaurants,723.28,6138.53,5415.25,N/A,Web Browser,Pakistan,16.5,81,Female,23,2,1
TXN002909,CUST01379,2025-12-12 09:47:56,ATM Withdrawal,Electronics,537.11,4569.8,4032.69,Yes,POS Terminal,United States,2.8,37,Other,173,0,0
TXN002910,CUST00917,2025-12-12 16:59:47,Online Purchase,Restaurants,80.85,2649.56,2568.71,Yes,POS Terminal,Germany,18.0,24,Female,15,0,0
TXN002911,CUST01693,2025-12-12 18:45:51,ATM Withdrawal,Fashion & Apparel,512.14,3057.01,2544.87,No,Web Browser,United States,18.2,77,Female,105,0,0
TXN002912,CUST01678,2025-12-13 10:59:18,Online Purchase,Restaurants,18.57,6747.33,6728.76,No,Web Browser,United States,40.7,43,Male,107,0,0
TXN002913,CUST00040,2025-12-13 12:28:51,Online Purchase,Fashion & Apparel,168.04,11642.13,11474.09,Yes,Mobile App,United Kingdom,32.3,77,Male,130,0,0
TXN002914,CUST01087,2025-12-13 18:55:09,Bill Payment,Home Improvement,20.5,3486.55,3466.05,N/A,Mobile App,United Kingdom,1.6,61,Female,172,0,0
TXN002915,CUST00044,2025-12-13 22:29:56,Wire Transfer,Jewelry & Luxury,406.45,1854.84,1448.39,N/A,POS Terminal,Pakistan,11.9,33,Male,59,0,1
TXN002916,CUST00855,2025-12-14 15:47:25,Bank Transfer,Fashion & Apparel,316.65,4843.69,4527.04,N/A,Web Browser,India,78.9,48,Female,34,0,0
TXN002917,CUST00943,2025-12-14 16:00:14,Online Purchase,Groceries,64.61,9977.87,9913.26,Yes,Mobile App,Canada,12.8,46,Male,39,1,0
TXN002918,CUST00863,2025-12-14 16:31:29,Online Purchase,Groceries,82.55,15490.67,15408.12,Yes,Web Browser,Germany,5.1,41,Female,157,0,0
TXN002919,CUST00667,2025-12-15 16:11:03,Bill Payment,Groceries,357.23,38111.35,37754.12,N/A,Web Browser,UAE,0.4,40,Female,54,0,0
TXN002920,CUST01554,2025-12-15 16:22:33,POS Purchase,Restaurants,84.21,10502.7,10418.49,No,POS Terminal,Canada,6.6,40,Male,116,0,0
TXN002921,CUST01688,2025-12-15 16:36:49,Online Purchase,Electronics,26.29,5594.98,5899.98,Yes,Mobile App,Australia,49.1,70,Female,97,0,0
TXN002922,CUST01456,2025-12-15 16:52:54,POS Purchase,Healthcare,348.58,1350.94,1002.36,No,Web Browser,United States,2.6,65,Male,29,0,0
TXN002923,CUST00356,2025-12-15 17:27:45,Bill Payment,Electronics,375.94,4358.03,3982.09,N/A,POS Terminal,United States,8.2,85,Female,77,0,0
TXN002924,CUST00009,2025-12-15 17:44:18,Online Purchase,Jewelry & Luxury,2025.97,4158.34,2132.37,Yes,Web Browser,Pakistan,305.4,29,Female,4,1,1
TXN002925,CUST00877,2025-12-16 08:56:48,Bill Payment,Travel,57.97,1870.46,1812.49,N/A,POS Terminal,Canada,4.9,80,Male,154,1,0
TXN002926,CUST00497,2025-12-16 14:24:52,POS Purchase,Groceries,44.76,7801.61,7756.85,Yes,Mobile App,United Kingdom,8.1,40,Female,130,0,0
TXN002927,CUST00289,2025-12-16 20:19:13,POS Purchase,Home Improvement,64.62,3062.39,2997.77,Yes,Web Browser,Canada,5.5,37,Male,26,0,0
TXN002928,CUST01150,2025-12-17 09:24:41,Online Purchase,Fashion & Apparel,45.96,5384.54,5338.58,Yes,POS Terminal,United Kingdom,12.3,46,Male,160,0,0
TXN002929,CUST00249,2025-12-17 17:01:39,Online Purchase,Utilities,209.02,11667.93,11458.91,No,POS Terminal,United States,23.5,54,Male,155,0,0
TXN002930,CUST00554,2025-12-17 17:59:01,POS Purchase,Restaurants,32.14,8587.56,8555.42,Yes,ATM Machine,Pakistan,34.6,73,Male,137,0,0
TXN002931,CUST00147,2025-12-17 20:32:10,Bill Payment,Utilities,91.24,2618.89,2527.65,N/A,POS Terminal,Canada,14.9,64,Other,142,0,0
TXN002932,CUST01191,2025-12-18 11:11:14,Online Purchase,Fuel,125.93,3643.94,4036.94,No,Mobile App,United Kingdom,0.4,69,Female,151,0,0
TXN002933,CUST01485,2025-12-18 14:26:30,Online Purchase,Home Improvement,27.1,5376.88,5806.88,No,Web Browser,Australia,12.8,24,Male,39,0,0
TXN002934,CUST01390,2025-12-19 12:42:15,Bank Transfer,Entertainment,72.05,8603.52,8531.47,N/A,Mobile App,Pakistan,19.4,24,Male,6,0,0
TXN002935,CUST01686,2025-12-19 12:49:40,POS Purchase,Fuel,321.39,1684.02,1362.63,No,Web Browser,Germany,8.1,60,Female,136,0,0
TXN002936,CUST00509,2025-12-19 14:54:52,ATM Withdrawal,Groceries,74.86,4528.18,4453.32,Yes,Web Browser,Pakistan,1.0,47,Female,172,0,0
TXN002937,CUST01208,2025-12-19 15:56:13,Online Purchase,Travel,143.55,1348.75,1205.2,Yes,Mobile App,Canada,4.2,55,Female,58,0,0
TXN002938,CUST00119,2025-12-19 17:24:48,ATM Withdrawal,Groceries,98.05,8165.65,8067.6,Yes,Web Browser,United Kingdom,0.2,83,Other,62,0,0
TXN002939,CUST00837,2025-12-19 18:41:26,Bill Payment,Home Improvement,40.59,7179.32,7138.73,N/A,Mobile App,United States,0.3,25,Female,62,1,0
TXN002940,CUST00734,2025-12-19 21:13:20,Online Purchase,Online Services,117.28,6399.9,6282.62,Yes,ATM Machine,United Kingdom,1.4,44,Female,135,0,0
TXN002941,CUST00601,2025-12-20 08:52:06,POS Purchase,Healthcare,214.01,1166.08,952.07,Yes,ATM Machine,United States,19.6,64,Male,89,0,0
TXN002942,CUST01548,2025-12-20 10:43:59,POS Purchase,Groceries,45.85,3679.93,3634.08,Yes,Mobile App,Canada,9.6,19,Female,98,0,0
TXN002943,CUST00432,2025-12-20 19:29:03,Online Purchase,Healthcare,91.55,2017.16,1925.61,No,POS Terminal,United Kingdom,0.6,56,Male,162,0,0
TXN002944,CUST01137,2025-12-21 09:21:14,ATM Withdrawal,Home Improvement,215.04,3614.7,3399.66,No,POS Terminal,United States,22.2,20,Male,154,0,0
TXN002945,CUST01222,2025-12-21 09:41:48,POS Purchase,Fashion & Apparel,316.19,6918.94,6602.75,No,Mobile App,Pakistan,2.2,68,Male,53,0,0
TXN002946,CUST00279,2025-12-21 10:19:48,POS Purchase,Groceries,53.33,1452.61,1399.28,Yes,ATM Machine,Pakistan,3.3,68,Male,160,0,0
TXN002947,CUST01088,2025-12-21 11:43:20,POS Purchase,Entertainment,90.34,887.93,797.59,Yes,Mobile App,United States,13.7,81,Female,77,0,0
TXN002948,CUST00659,2025-12-21 12:42:59,Bank Transfer,Restaurants,364.18,3567.56,3203.38,N/A,Web Browser,Canada,47.9,21,Male,88,0,0
TXN002949,CUST00379,2025-12-21 12:55:19,Online Purchase,Entertainment,245.61,1720.47,1474.86,Yes,Mobile App,United Kingdom,1.0,69,Female,171,0,0
TXN002950,CUST00193,2025-12-21 13:56:03,Bill Payment,Online Services,179.59,7604.36,7424.77,N/A,POS Terminal,Pakistan,3.4,50,Male,85,0,0
TXN002951,CUST00689,2025-12-22 10:15:14,Online Purchase,Travel,62.26,1016.43,954.17,Yes,Web Browser,United Kingdom,7.9,64,Female,159,0,0
TXN002952,CUST01081,2025-12-22 13:24:04,POS Purchase,Restaurants,161.09,5549.03,5387.94,Yes,Mobile App,United Kingdom,8.5,28,Female,172,0,0
TXN002953,CUST01557,2025-12-22 16:12:24,Online Purchase,Electronics,187.91,1346.54,1158.63,No,Mobile App,United States,40.5,77,Male,121,0,0
TXN002954,CUST00115,2025-12-22 19:17:13,Online Purchase,Home Improvement,21.05,9122.48,9101.43,Yes,POS Terminal,United Kingdom,11.9,60,Female,118,0,0
TXN002955,CUST00317,2025-12-23 14:00:20,POS Purchase,Fashion & Apparel,96.82,9789.81,9692.99,No,POS Terminal,United Kingdom,3.4,49,Male,112,0,0
TXN002956,CUST01670,2025-12-23 15:42:11,Bill Payment,Groceries,106.09,100133.4,100027.31,N/A,Mobile App,United Kingdom,3.4,68,Female,23,0,0
TXN002957,CUST01691,2025-12-23 19:06:31,POS Purchase,Online Services,323.9,2956.39,2632.49,Yes,Mobile App,Germany,4.0,42,Male,96,0,0
TXN002958,CUST00122,2025-12-24 15:56:07,POS Purchase,Groceries,84.74,1732.73,1647.99,Yes,Mobile App,United States,0.2,39,Female,163,0,0
TXN002959,CUST01597,2025-12-25 08:02:33,Online Purchase,Entertainment,43.06,1253.23,1210.17,Yes,POS Terminal,United Kingdom,3.2,69,Female,102,0,0
TXN002960,CUST00659,2025-12-25 09:06:43,POS Purchase,Utilities,85.71,6216.29,6130.58,Yes,Mobile App,United States,15.5,67,Female,115,0,0
TXN002961,CUST01641,2025-12-25 12:27:19,Online Purchase,Groceries,256.06,5808.49,5552.43,Yes,Mobile App,United Kingdom,0.2,75,Female,177,0,0
TXN002962,CUST01632,2025-12-25 15:00:13,Online Purchase,Fuel,337.62,14314.95,13977.33,No,Mobile App,Canada,6.8,26,Female,170,0,0
TXN002963,CUST01280,2025-12-25 20:16:58,POS Purchase,Groceries,691.03,1499.26,808.23,Yes,POS Terminal,Germany,35.2,49,Other,134,0,0
TXN002964,CUST00785,2025-12-26 05:04:07,POS Purchase,Fuel,60.84,3813.14,3752.3,No,Mobile App,Pakistan,2.5,19,Female,1,1,0
TXN002965,CUST01133,2025-12-26 10:01:44,Bank Transfer,Fuel,143.87,1428.16,1284.29,N/A,Mobile App,United Kingdom,51.9,70,Male,2,0,0
TXN002966,CUST01164,2025-12-26 10:51:21,Online Purchase,Electronics,211.03,8349.07,8138.04,No,POS Terminal,Pakistan,14.4,31,Female,94,0,0
TXN002967,CUST01425,2025-12-26 20:30:55,POS Purchase,Fashion & Apparel,50.54,4555.0,4504.46,Yes,Mobile App,United Kingdom,25.4,24,Female,180,0,0
TXN002968,CUST00486,2025-12-27 08:03:19,Online Purchase,Entertainment,226.0,850.34,1346.34,Yes,POS Terminal,United Kingdom,2.7,50,Female,178,0,0
TXN002969,CUST01065,2025-12-27 08:39:47,ATM Withdrawal,Restaurants,-70.39,7367.29,7296.9,Yes,Web Browser,United Kingdom,14.1,47,Male,38,0,0
TXN002970,CUST01378,2025-12-27 08:55:50,Online Purchase,Home Improvement,153.72,1354.87,1611.87,Yes,POS Terminal,United Kingdom,9.9,67,Male,160,0,0
TXN002971,CUST00030,2025-12-27 10:55:29,POS Purchase,Restaurants,319.0,2249.09,1930.09,Yes,Mobile App,United States,16.9,18,Female,76,0,0
TXN002972,CUST00791,2025-12-27 13:29:55,ATM Withdrawal,Online Services,130.91,17005.56,16874.65,No,Mobile App,Canada,2.5,49,Female,120,0,0
TXN002973,CUST00294,2025-12-27 13:43:43,Bank Transfer,Fashion & Apparel,58.1,5367.26,5309.16,N/A,POS Terminal,Pakistan,12.0,36,Female,48,0,0
TXN002974,CUST01196,2025-12-27 20:02:21,Wire Transfer,Travel,232.53,49092.32,48859.79,N/A,ATM Machine,India,15.1,55,Male,107,0,0
TXN002975,CUST00079,2025-12-27 21:27:18,POS Purchase,Groceries,251.75,1039.32,787.57,No,Mobile App,Pakistan,6.9,36,Male,111,0,0
TXN002976,CUST01727,2025-12-27 21:52:12,POS Purchase,Utilities,127.81,1667.12,1539.31,No,Web Browser,United States,29.8,78,Male,130,0,0
TXN002977,CUST00258,2025-12-28 10:04:55,ATM Withdrawal,Entertainment,59.66,5921.58,5861.92,No,POS Terminal,United Kingdom,4.1,54,Male,88,0,0
TXN002978,CUST00511,2025-12-28 13:19:25,Wire Transfer,Utilities,84.03,19659.49,19575.46,N/A,Web Browser,Australia,8.3,78,Female,77,0,0
TXN002979,CUST01642,2025-12-29 02:22:00,Bill Payment,Restaurants,66.76,2415.78,2349.02,N/A,POS Terminal,United Kingdom,14.6,40,Female,32,0,0
TXN002980,CUST00074,2025-12-29 08:23:27,Online Purchase,Restaurants,55.57,8394.51,8338.94,No,Web Browser,United Kingdom,12.7,20,Female,55,0,0
TXN002981,CUST00084,2025-12-29 11:12:34,Bank Transfer,Online Services,117.07,5654.94,5537.87,N/A,Web Browser,United Kingdom,21.6,55,Female,130,0,0
TXN002982,CUST00464,2025-12-29 15:01:45,POS Purchase,Electronics,28.96,1123.45,1094.49,Yes,Mobile App,United Kingdom,37.6,39,Female,93,0,0
TXN002983,CUST00449,2025-12-29 17:30:50,POS Purchase,Online Services,105.3,1377.64,1721.64,Yes,Mobile App,Canada,2.8,23,Male,119,0,0
TXN002984,CUST00110,2025-12-29 19:15:37,Bank Transfer,Travel,58.04,1791.96,1733.92,N/A,Web Browser,Pakistan,9.0,82,Male,160,0,0
TXN002985,CUST00518,2025-12-29 20:10:25,POS Purchase,Groceries,61.09,3598.82,3537.73,No,Mobile App,Australia,7.9,74,Male,146,0,0
TXN002986,CUST01164,2025-12-29 21:32:03,Bank Transfer,Electronics,69.89,504.56,434.67,N/A,POS Terminal,Pakistan,5.8,53,Male,139,0,0
TXN002987,CUST01472,2025-12-30 11:04:08,POS Purchase,Electronics,65.95,15863.09,15797.14,Yes,Mobile App,United Kingdom,20.0,19,Female,175,0,0
TXN002988,CUST00034,2025-12-30 11:43:31,Wire Transfer,Fashion & Apparel,84.13,741.07,656.94,N/A,Web Browser,UAE,42.0,32,Female,31,3,1
TXN002989,CUST01334,2025-12-30 12:56:53,POS Purchase,Groceries,78.94,1082.55,1003.61,Yes,Mobile App,Germany,15.6,64,Male,89,0,0
TXN002990,CUST01712,2025-12-30 13:15:11,ATM Withdrawal,Electronics,38.2,15947.66,15909.46,Yes,ATM Machine,United Kingdom,3.8,71,Male,142,0,0
TXN002991,CUST00041,2025-12-30 14:54:29,POS Purchase,Entertainment,35.15,8355.43,8320.28,Yes,ATM Machine,United States,17.8,50,Male,132,0,0
TXN002992,CUST00575,2025-12-30 15:03:28,Online Purchase,Entertainment,259.89,3168.06,2908.17,Yes,Web Browser,United States,24.5,77,Male,178,0,0
TXN002993,CUST00527,2025-12-30 15:46:36,POS Purchase,Restaurants,392.07,1865.82,1473.75,Yes,POS Terminal,UAE,9.7,43,Male,156,0,0
TXN002994,CUST01720,2025-12-30 17:34:04,POS Purchase,Electronics,108.59,4587.5,4672.5,Yes,Mobile App,United States,13.9,21,Male,157,1,0
TXN000667,CUST00541,2024-06-10 16:57:16,POS Purchase,Online Services,61.89,1400.62,1338.73,Yes,Web Browser,United States,0.8,80,Male,107,1,0
TXN001681,CUST00239,2025-02-20 15:54:40,POS Purchase,Electronics,41.97,9536.83,9494.86,Yes,Web Browser,United States,23.8,76,Female,174,0,0
TXN002329,CUST00051,2025-07-26 18:32:10,Wire Transfer,Groceries,176.18,2280.63,2104.45,N/A,ATM Machine,Pakistan,16.2,55,Male,63,0,0
TXN000187,CUST00781,2024-02-13 15:30:13,Online Purchase,Healthcare,296.56,4154.21,3857.65,No,Mobile App,Canada,20.4,20,Female,50,0,0
TXN001939,CUST00010,2025-04-23 04:14:07,Bank Transfer,Jewelry & Luxury,665.13,8553.08,7887.95,N/A,Mobile App,United States,11.3,68,Female,67,0,1
TXN000692,CUST00126,2024-06-16 16:56:23,Bank Transfer,Restaurants,136.79,1405.83,1269.04,N/A,Mobile App,India,2.2,19,Male,37,0,0
